         w __deregister_frame_info
         w __register_frame_info
         w userAppExit
         w userAppInit
00000000 00000802 B __ctru_dev_utf16_buf
00000000 A __sync_synchronize
00000000 b _TLS_MODULE_BASE_
00000000 a shift
00000000 a shift
00000804 00000401 B __ctru_dev_path_buf
00100000 A __start__
00100000 T _start
00100008 T __service_ptr
0010000c T __apt_appid
00100010 T __heap_size
00100014 T __linear_heap_size
00100018 T __system_arglist
0010001c T __system_runflags
00100020 t startup
00100058 t ClearMem
0010006c t ClrLoop
00100094 T _init
001000b0 00000140 t HTS_Engine_generate_state_sequence
001001f0 00000098 T HTS_Engine_initialize
00100288 0000001c T HTS_Engine_set_sampling_frequency
001002a4 00000008 T HTS_Engine_get_sampling_frequency
001002ac 00000010 T HTS_Engine_set_fperiod
001002bc 00000008 T HTS_Engine_get_fperiod
001002c4 00000018 T HTS_Engine_set_audio_buff_size
001002dc 00000008 T HTS_Engine_get_audio_buff_size
001002e4 00000008 T HTS_Engine_set_stop_flag
001002ec 00000008 T HTS_Engine_get_stop_flag
001002f4 00000034 T HTS_Engine_set_volume
00100328 00000020 T HTS_Engine_get_volume
00100348 00000048 T HTS_Engine_set_msd_threshold
00100390 00000010 T HTS_Engine_get_msd_threshold
001003a0 00000028 T HTS_Engine_set_gv_weight
001003c8 00000010 T HTS_Engine_get_gv_weight
001003d8 00000020 T HTS_Engine_set_speed
001003f8 00000008 T HTS_Engine_set_phoneme_alignment_flag
00100400 00000040 T HTS_Engine_set_alpha
00100440 00000008 T HTS_Engine_get_alpha
00100448 00000040 T HTS_Engine_set_beta
00100488 00000008 T HTS_Engine_get_beta
00100490 00000008 T HTS_Engine_add_half_tone
00100498 00000010 T HTS_Engine_set_duration_interpolation_weight
001004a8 00000010 T HTS_Engine_get_duration_interpolation_weight
001004b8 00000014 T HTS_Engine_set_parameter_interpolation_weight
001004cc 00000014 T HTS_Engine_get_parameter_interpolation_weight
001004e0 00000014 T HTS_Engine_set_gv_interpolation_weight
001004f4 00000014 T HTS_Engine_get_gv_interpolation_weight
00100508 00000008 T HTS_Engine_get_total_state
00100510 00000008 T HTS_Engine_set_state_mean
00100518 00000008 T HTS_Engine_get_state_mean
00100520 00000008 T HTS_Engine_get_state_duration
00100528 00000008 T HTS_Engine_get_nvoices
00100530 00000008 T HTS_Engine_get_nstream
00100538 00000008 T HTS_Engine_get_nstate
00100540 00000008 T HTS_Engine_get_fullcontext_label_format
00100548 00000008 T HTS_Engine_get_fullcontext_label_version
00100550 00000008 T HTS_Engine_get_total_frame
00100558 00000008 T HTS_Engine_get_nsamples
00100560 00000008 T HTS_Engine_get_generated_parameter
00100568 00000008 T HTS_Engine_get_generated_speech
00100570 0000005c T HTS_Engine_generate_state_sequence_from_fn
001005cc 00000068 T HTS_Engine_generate_state_sequence_from_strings
00100634 00000010 T HTS_Engine_generate_parameter_sequence
00100644 00000054 T HTS_Engine_generate_sample_sequence
00100698 00000080 t HTS_Engine_synthesize
00100718 00000050 T HTS_Engine_regenerate_sample_sequence
00100768 0000005c T HTS_Engine_synthesize_from_fn
001007c4 00000068 T HTS_Engine_synthesize_from_strings
0010082c 00000088 T HTS_Engine_resynthesize
001008b4 00000920 T HTS_Engine_save_information
001011d4 00000110 T HTS_Engine_save_label
001012e4 00000094 T HTS_Engine_save_generated_parameter
00101378 000000a8 T HTS_Engine_save_generated_speech
00101420 00000238 T HTS_Engine_save_riff
00101658 000000b0 T HTS_Engine_allocate_generated_speech
00101708 00000028 T HTS_Engine_free_generated_speech
00101730 00000034 T HTS_Engine_refresh
00101764 0000002c T HTS_Engine_weak_refresh
00101790 000000d4 T HTS_Engine_clear
00101864 00000288 T HTS_Engine_load
00101aec 00000004 T HTS_fwrite_little_endian
00101af0 000000b0 T HTS_get_token_from_string
00101ba0 000000b8 T HTS_get_token_from_string_with_separator
00101c58 00000004 T HTS_free
00101c5c 00000034 T HTS_free_matrix
00101c90 000000d8 T HTS_error
00101d68 000000a8 T HTS_fclose
00101e10 0000006c T HTS_fgetc
00101e7c 0000006c T HTS_feof
00101ee8 00000090 T HTS_fseek
00101f78 00000070 T HTS_ftell
00101fe8 000000d0 t HTS_fread
001020b8 00000088 T HTS_fread_big_endian
00102140 00000004 T HTS_fread_little_endian
00102144 0000004c T HTS_calloc
00102190 00000068 T HTS_fopen_from_fn
001021f8 00000048 T HTS_strdup
00102240 000000d8 T HTS_alloc_matrix
00102318 000000b0 T HTS_fopen_from_data
001023c8 0000015c T HTS_get_token_from_fp_with_separator
00102524 00000160 T HTS_get_token_from_fp
00102684 000001d0 T HTS_fopen_from_fp
00102854 0000023c T HTS_get_pattern_token
00102a90 00000200 t HTS_PStream_calc_wuw_and_wum
00102c90 00000014 T HTS_PStreamSet_initialize
00102ca4 000013d8 T HTS_PStreamSet_create
0010407c 00000008 T HTS_PStreamSet_get_nstream
00104084 00000010 T HTS_PStreamSet_get_vector_length
00104094 00000008 T HTS_PStreamSet_get_total_frame
0010409c 00000020 T HTS_PStreamSet_get_parameter
001040bc 00000018 T HTS_PStreamSet_get_parameter_vector
001040d4 00000018 T HTS_PStreamSet_get_msd_flag
001040ec 0000001c T HTS_PStreamSet_is_msd
00104108 0000018c T HTS_PStreamSet_clear
00104298 000002c4 t HTS_set_specified_duration
0010455c 00000054 t HTS_set_default_duration.isra.0
001045b0 00000020 T HTS_SStreamSet_initialize
001045d0 00000aa0 T HTS_SStreamSet_create
00105070 00000008 T HTS_SStreamSet_get_nstream
00105078 00000010 T HTS_SStreamSet_get_vector_length
00105088 0000001c T HTS_SStreamSet_is_msd
001050a4 00000008 T HTS_SStreamSet_get_total_state
001050ac 00000008 T HTS_SStreamSet_get_total_frame
001050b4 0000001c T HTS_SStreamSet_get_msd
001050d0 00000014 T HTS_SStreamSet_get_window_size
001050e4 00000018 T HTS_SStreamSet_get_window_left_width
001050fc 00000018 T HTS_SStreamSet_get_window_right_width
00105114 00000020 T HTS_SStreamSet_get_window_coefficient
00105134 00000014 T HTS_SStreamSet_get_window_max_width
00105148 0000001c T HTS_SStreamSet_use_gv
00105164 0000000c T HTS_SStreamSet_get_duration
00105170 00000020 T HTS_SStreamSet_get_mean
00105190 00000020 T HTS_SStreamSet_set_mean
001051b0 00000020 T HTS_SStreamSet_get_vari
001051d0 00000020 T HTS_SStreamSet_set_vari
001051f0 0000001c T HTS_SStreamSet_get_gv_mean
0010520c 0000001c T HTS_SStreamSet_get_gv_vari
00105228 00000018 T HTS_SStreamSet_set_gv_switch
00105240 00000018 T HTS_SStreamSet_get_gv_switch
00105258 00000150 T HTS_SStreamSet_clear
001053a8 000000a8 t HTS_dp_match
00105450 00000094 t HTS_Window_clear
001054e4 00000058 t HTS_Node_clear
0010553c 00000064 t HTS_Tree_clear
001055a0 00000104 t HTS_pattern_match
001056a4 00000098 t HTS_Tree_search_node.isra.0
0010573c 000000b8 t HTS_Model_get_index.isra.0
001057f4 000000ec t HTS_Model_add_parameter
001058e0 00000174 t HTS_Model_clear
00105a54 000001bc t HTS_Question_load.constprop.0
00105c10 00000674 t HTS_Model_load_tree
00106284 000002b0 t HTS_Model_load
00106534 00000044 T HTS_ModelSet_initialize
00106578 00000290 T HTS_ModelSet_clear
00106808 00002730 T HTS_ModelSet_load
00108f38 00000008 T HTS_ModelSet_get_sampling_frequency
00108f40 00000008 T HTS_ModelSet_get_fperiod
00108f48 0000000c T HTS_ModelSet_get_option
00108f54 0000005c T HTS_ModelSet_get_gv_flag
00108fb0 00000008 T HTS_ModelSet_get_nstate
00108fb8 00000008 T HTS_ModelSet_get_fullcontext_label_format
00108fc0 00000008 T HTS_ModelSet_get_fullcontext_label_version
00108fc8 00000008 T HTS_ModelSet_get_nstream
00108fd0 00000008 T HTS_ModelSet_get_nvoices
00108fd8 00000010 T HTS_ModelSet_get_vector_length
00108fe8 00000014 T HTS_ModelSet_is_msd
00108ffc 00000010 T HTS_ModelSet_get_window_size
0010900c 00000018 T HTS_ModelSet_get_window_left_width
00109024 00000018 T HTS_ModelSet_get_window_right_width
0010903c 00000020 T HTS_ModelSet_get_window_coefficient
0010905c 00000014 T HTS_ModelSet_get_window_max_width
00109070 00000018 T HTS_ModelSet_use_gv
00109088 00000018 T HTS_ModelSet_get_duration_index
001090a0 000000ec T HTS_ModelSet_get_duration
0010918c 00000034 T HTS_ModelSet_get_parameter_index
001091c0 00000124 T HTS_ModelSet_get_parameter
001092e4 00000038 T HTS_ModelSet_get_gv_index
0010931c 00000104 T HTS_ModelSet_get_gv
00109420 0000001c T HTS_GStreamSet_initialize
0010943c 00000144 T HTS_GStreamSet_recreate
00109580 00000008 T HTS_GStreamSet_get_total_nsamples
00109588 00000008 T HTS_GStreamSet_get_total_frame
00109590 0000000c T HTS_GStreamSet_get_vector_length
0010959c 00000010 T HTS_GStreamSet_get_speech
001095ac 0000001c T HTS_GStreamSet_get_parameter
001095c8 000000c8 T HTS_GStreamSet_clear
00109690 00000480 T HTS_GStreamSet_create
00109b10 000000c8 t HTS_Label_check_time.isra.0
00109bd8 0000017c t HTS_Label_load
00109d54 00000010 T HTS_Label_initialize
00109d64 0000004c T HTS_Label_load_from_fn
00109db0 000001b0 T HTS_Label_load_from_strings
00109f60 00000008 T HTS_Label_get_size
00109f68 00000034 T HTS_Label_get_string
00109f9c 00000044 T HTS_Label_get_start_frame
00109fe0 00000040 T HTS_Label_get_end_frame
0010a020 00000044 T HTS_Label_clear
0010a064 00000004 T HTS_Audio_initialize
0010a068 00000004 T HTS_Audio_set_parameter
0010a06c 00000004 T HTS_Audio_write
0010a070 00000004 T HTS_Audio_flush
0010a074 00000004 T HTS_Audio_clear
0010a078 000001a0 t HTS_white_noise
0010a218 00000054 t HTS_movem
0010a26c 00000094 t HTS_mc2b
0010a300 00000158 t HTS_freqt
0010a458 000001b0 t HTS_gc2gc
0010a608 000003ac t HTS_lsp2lpc
0010a9b4 000000a4 t HTS_ignorm
0010aa58 00000090 t HTS_gnorm
0010aae8 000000d8 t HTS_mgc2mgc
0010abc0 00000184 t HTS_lsp2en
0010ad44 000000bc t HTS_lsp2mgc
0010ae00 00000158 t HTS_b2en
0010af58 000000fc T HTS_Vocoder_initialize
0010b054 00000d4c T HTS_Vocoder_synthesize
0010bda0 000000ec T HTS_Vocoder_clear
0010be8c t .udivsi3_skip_div0_test
0010be8c T __aeabi_uidiv
0010be8c 000001ec T __udivsi3
0010c078 00000020 T __aeabi_uidivmod
0010c098 T __aeabi_idiv
0010c098 00000220 T __divsi3
0010c0a0 t .divsi3_skip_div0_test
0010c2b8 00000020 T __aeabi_idivmod
0010c2d8 00000004 W __aeabi_idiv0
0010c2d8 00000004 W __aeabi_ldiv0
0010c2dc T __aeabi_drsub
0010c2e4 000002b0 T __aeabi_dsub
0010c2e4 000002b0 T __subdf3
0010c2e8 000002ac T __adddf3
0010c2e8 000002ac T __aeabi_dadd
0010c594 00000024 T __aeabi_ui2d
0010c594 00000024 T __floatunsidf
0010c5b8 00000028 T __aeabi_i2d
0010c5b8 00000028 T __floatsidf
0010c5e0 00000048 T __aeabi_f2d
0010c5e0 00000048 T __extendsfdf2
0010c628 00000074 T __aeabi_ul2d
0010c628 00000074 T __floatundidf
0010c63c 00000060 T __aeabi_l2d
0010c63c 00000060 T __floatdidf
0010c69c T __aeabi_ldivmod
0010c770 T __aeabi_uldivmod
0010c7c8 00000390 T strcmp
0010cb50 t __do_global_dtors_aux
0010cba0 t frame_dummy
0010cbcc 000003b4 t _tts_make_labels.constprop.0
0010cf80 000002a4 t tts_engine_thread
0010d228 00000934 T main
0010db5c 00000178 T DrawRoundedRect
0010dcd4 00000178 T DrawRoundedRectZ
0010de4c 00000044 T isTouchInRect
0010de90 00000128 T draw_btn
0010dfb8 000002bc T build_menu
0010e274 00000a40 T display_menu
0010ecb4 00000014 T help_hide
0010ecc8 00000078 T help_toggle
0010ed40 000002e0 T help_render
0010f020 00000064 T unescape
0010f084 00000b00 T lesson_load
0010fb84 00000084 t draw_text
0010fc08 0000009c t portrait_index
0010fca4 000000b0 t draw_typewriter.constprop.0
0010fd54 00000194 t render_term
0010fee8 00000198 t render_reward
00110080 000001c0 t render_particle
00110240 000001dc t render_compare
0011041c 00000098 T obtener_codigo_color
001104b4 000000d0 T separar_tags_y_texto
00110584 000000a4 T draw_colored_text
00110628 00000254 t render_dialog_data
0011087c 00000724 T lesson_render_block
00110fa0 0000002c T kbd_init
00110fcc 00000010 T kbd_get_font
00110fdc 00000220 T draw_kbdt
001111fc 00000174 T kbd_render
00111370 00000124 T kbd_update
00111494 00000020 T kbd_exit
001114b4 00000368 t parse_svg_path
0011181c 00000044 t kanji_load_kanji_20b9f
00111860 00000048 t kanji_load_kanji_0ff01
001118a8 00000040 t kanji_load_kanji_09fa0
001118e8 00000040 t kanji_load_kanji_09f9d
00111928 00000040 t kanji_load_kanji_09f9c
00111968 00000040 t kanji_load_kanji_09f95
001119a8 00000040 t kanji_load_kanji_09f8d
001119e8 00000040 t kanji_load_kanji_09f77
00111a28 00000040 t kanji_load_kanji_09f76
00111a68 00000040 t kanji_load_kanji_09f72
00111aa8 00000040 t kanji_load_kanji_09f6c
00111ae8 00000040 t kanji_load_kanji_09f6a
00111b28 00000040 t kanji_load_kanji_09f67
00111b68 00000040 t kanji_load_kanji_09f66
00111ba8 00000040 t kanji_load_kanji_09f63
00111be8 00000040 t kanji_load_kanji_09f62
00111c28 00000040 t kanji_load_kanji_09f61
00111c68 00000040 t kanji_load_kanji_09f60
00111ca8 00000040 t kanji_load_kanji_09f5f
00111ce8 00000040 t kanji_load_kanji_09f52
00111d28 00000040 t kanji_load_kanji_09f4f
00111d68 00000040 t kanji_load_kanji_09f4e
00111da8 00000040 t kanji_load_kanji_09f4b
00111de8 00000040 t kanji_load_kanji_09f4a
00111e28 00000040 t kanji_load_kanji_09f3e
00111e68 00000040 t kanji_load_kanji_09f3b
00111ea8 00000040 t kanji_load_kanji_09f2c
00111ee8 00000040 t kanji_load_kanji_09f20
00111f28 00000040 t kanji_load_kanji_09f15
00111f68 00000040 t kanji_load_kanji_09f13
00111fa8 00000040 t kanji_load_kanji_09f0e
00111fe8 00000040 t kanji_load_kanji_09f08
00112028 00000040 t kanji_load_kanji_09f07
00112068 00000040 t kanji_load_kanji_09efd
001120a8 00000040 t kanji_load_kanji_09efc
001120e8 00000040 t kanji_load_kanji_09efb
00112128 00000040 t kanji_load_kanji_09ef9
00112168 00000040 t kanji_load_kanji_09ef7
001121a8 00000040 t kanji_load_kanji_09ef6
001121e8 00000040 t kanji_load_kanji_09ef4
00112228 00000040 t kanji_load_kanji_09eef
00112268 00000040 t kanji_load_kanji_09ee8
001122a8 00000040 t kanji_load_kanji_09ee5
001122e8 00000040 t kanji_load_kanji_09ee0
00112328 00000040 t kanji_load_kanji_09ede
00112368 00000040 t kanji_load_kanji_09edd
001123a8 00000040 t kanji_load_kanji_09edc
001123e8 00000040 t kanji_load_kanji_09edb
00112428 00000040 t kanji_load_kanji_09ed9
00112468 00000040 t kanji_load_kanji_09ed8
001124a8 00000040 t kanji_load_kanji_09ed4
001124e8 00000040 t kanji_load_kanji_09ed2
00112528 00000040 t kanji_load_kanji_09ed1
00112568 00000040 t kanji_load_kanji_09ed0
001125a8 00000040 t kanji_load_kanji_09ece
001125e8 00000040 t kanji_load_kanji_09ecd
00112628 00000040 t kanji_load_kanji_09ecc
00112668 00000040 t kanji_load_kanji_09ec4
001126a8 00000040 t kanji_load_kanji_09ec3
001126e8 00000040 t kanji_load_kanji_09ebf
00112728 00000040 t kanji_load_kanji_09ebe
00112768 00000040 t kanji_load_kanji_09ebc
001127a8 00000040 t kanji_load_kanji_09ebb
001127e8 00000040 t kanji_load_kanji_09eba
00112828 00000040 t kanji_load_kanji_09ead
00112868 00000040 t kanji_load_kanji_09ea9
001128a8 00000044 t kanji_load_kanji_09ea6
001128ec 00000040 t kanji_load_kanji_09ea5
0011292c 00000040 t kanji_load_kanji_09e9f
0011296c 00000040 t kanji_load_kanji_09e9d
001129ac 00000040 t kanji_load_kanji_09e97
001129ec 00000040 t kanji_load_kanji_09e95
00112a2c 00000040 t kanji_load_kanji_09e93
00112a6c 00000040 t kanji_load_kanji_09e92
00112aac 00000040 t kanji_load_kanji_09e91
00112aec 00000040 t kanji_load_kanji_09e8c
00112b2c 00000040 t kanji_load_kanji_09e8b
00112b6c 00000040 t kanji_load_kanji_09e88
00112bac 00000040 t kanji_load_kanji_09e7f
00112bec 00000040 t kanji_load_kanji_09e7d
00112c2c 00000040 t kanji_load_kanji_09e79
00112c6c 00000040 t kanji_load_kanji_09e75
00112cac 00000040 t kanji_load_kanji_09e1e
00112cec 00000040 t kanji_load_kanji_09e1b
00112d2c 00000040 t kanji_load_kanji_09e1a
00112d6c 00000040 t kanji_load_kanji_09dfd
00112dac 00000040 t kanji_load_kanji_09dfa
00112dec 00000040 t kanji_load_kanji_09df9
00112e2c 00000040 t kanji_load_kanji_09df8
00112e6c 00000040 t kanji_load_kanji_09df2
00112eac 00000040 t kanji_load_kanji_09def
00112eec 00000040 t kanji_load_kanji_09ded
00112f2c 00000040 t kanji_load_kanji_09de6
00112f6c 00000040 t kanji_load_kanji_09dd9
00112fac 00000040 t kanji_load_kanji_09dd7
00112fec 00000040 t kanji_load_kanji_09dd3
0011302c 00000040 t kanji_load_kanji_09dc6
0011306c 00000040 t kanji_load_kanji_09dc4
001130ac 00000040 t kanji_load_kanji_09dc2
001130ec 00000040 t kanji_load_kanji_09dc1
0011312c 00000040 t kanji_load_kanji_09dbb
0011316c 00000040 t kanji_load_kanji_09dba
001131ac 00000040 t kanji_load_kanji_09db8
001131ec 00000040 t kanji_load_kanji_09db4
0011322c 00000040 t kanji_load_kanji_09db2
0011326c 00000040 t kanji_load_kanji_09daf
001132ac 00000040 t kanji_load_kanji_09dab
001132ec 00000040 t kanji_load_kanji_09da9
0011332c 00000040 t kanji_load_kanji_09da4
0011336c 00000040 t kanji_load_kanji_09d9a
001133ac 00000040 t kanji_load_kanji_09d8f
001133ec 00000040 t kanji_load_kanji_09d89
0011342c 00000040 t kanji_load_kanji_09d87
0011346c 00000040 t kanji_load_kanji_09d7a
001134ac 00000040 t kanji_load_kanji_09d72
001134ec 00000040 t kanji_load_kanji_09d6f
0011352c 00000040 t kanji_load_kanji_09d6c
0011356c 00000040 t kanji_load_kanji_09d64
001135ac 00000040 t kanji_load_kanji_09d61
001135ec 00000040 t kanji_load_kanji_09d60
0011362c 00000040 t kanji_load_kanji_09d5d
0011366c 00000040 t kanji_load_kanji_09d5c
001136ac 00000040 t kanji_load_kanji_09d51
001136ec 00000040 t kanji_load_kanji_09d46
0011372c 00000040 t kanji_load_kanji_09d44
0011376c 00000040 t kanji_load_kanji_09d41
001137ac 00000040 t kanji_load_kanji_09d3f
001137ec 00000040 t kanji_load_kanji_09d3e
0011382c 00000040 t kanji_load_kanji_09d3b
0011386c 00000040 t kanji_load_kanji_09d2b
001138ac 00000040 t kanji_load_kanji_09d28
001138ec 00000040 t kanji_load_kanji_09d26
0011392c 00000040 t kanji_load_kanji_09d23
0011396c 00000040 t kanji_load_kanji_09d1f
001139ac 00000040 t kanji_load_kanji_09d1b
001139ec 00000040 t kanji_load_kanji_09d15
00113a2c 00000040 t kanji_load_kanji_09d12
00113a6c 00000040 t kanji_load_kanji_09d09
00113aac 00000040 t kanji_load_kanji_09d07
00113aec 00000040 t kanji_load_kanji_09d06
00113b2c 00000040 t kanji_load_kanji_09d03
00113b6c 00000040 t kanji_load_kanji_09cf6
00113bac 00000040 t kanji_load_kanji_09cf4
00113bec 00000040 t kanji_load_kanji_09cf3
00113c2c 00000040 t kanji_load_kanji_09cf0
00113c6c 00000040 t kanji_load_kanji_09ce9
00113cac 00000040 t kanji_load_kanji_09ce7
00113cec 00000040 t kanji_load_kanji_09ce5
00113d2c 00000040 t kanji_load_kanji_09c78
00113d6c 00000040 t kanji_load_kanji_09c76
00113dac 00000040 t kanji_load_kanji_09c67
00113dec 00000040 t kanji_load_kanji_09c60
00113e2c 00000040 t kanji_load_kanji_09c5a
00113e6c 00000040 t kanji_load_kanji_09c57
00113eac 00000040 t kanji_load_kanji_09c52
00113eec 00000040 t kanji_load_kanji_09c47
00113f2c 00000040 t kanji_load_kanji_09c46
00113f6c 00000040 t kanji_load_kanji_09c3e
00113fac 00000040 t kanji_load_kanji_09c3b
00113fec 00000040 t kanji_load_kanji_09c3a
0011402c 00000040 t kanji_load_kanji_09c39
0011406c 00000040 t kanji_load_kanji_09c30
001140ac 00000040 t kanji_load_kanji_09c2f
001140ec 00000040 t kanji_load_kanji_09c2e
0011412c 00000040 t kanji_load_kanji_09c2d
0011416c 00000040 t kanji_load_kanji_09c25
001141ac 00000040 t kanji_load_kanji_09c24
001141ec 00000040 t kanji_load_kanji_09c15
0011422c 00000040 t kanji_load_kanji_09c14
0011426c 00000040 t kanji_load_kanji_09c13
001142ac 00000040 t kanji_load_kanji_09c12
001142ec 00000040 t kanji_load_kanji_09c10
0011432c 00000040 t kanji_load_kanji_09c0d
0011436c 00000040 t kanji_load_kanji_09c0c
001143ac 00000040 t kanji_load_kanji_09c0a
001143ec 00000040 t kanji_load_kanji_09c09
0011442c 00000040 t kanji_load_kanji_09c08
0011446c 00000040 t kanji_load_kanji_09c06
001144ac 00000040 t kanji_load_kanji_09c04
001144ec 00000040 t kanji_load_kanji_09bf1
0011452c 00000040 t kanji_load_kanji_09bf0
0011456c 00000040 t kanji_load_kanji_09be8
001145ac 00000040 t kanji_load_kanji_09be4
001145ec 00000040 t kanji_load_kanji_09be3
0011462c 00000040 t kanji_load_kanji_09be2
0011466c 00000040 t kanji_load_kanji_09be1
001146ac 00000040 t kanji_load_kanji_09bdb
001146ec 00000040 t kanji_load_kanji_09bd6
0011472c 00000040 t kanji_load_kanji_09bd4
0011476c 00000040 t kanji_load_kanji_09bd2
001147ac 00000040 t kanji_load_kanji_09bd1
001147ec 00000040 t kanji_load_kanji_09bcf
0011482c 00000040 t kanji_load_kanji_09bca
0011486c 00000040 t kanji_load_kanji_09bc9
001148ac 00000040 t kanji_load_kanji_09bc0
001148ec 00000040 t kanji_load_kanji_09bb9
0011492c 00000040 t kanji_load_kanji_09bb4
0011496c 00000040 t kanji_load_kanji_09bae
001149ac 00000040 t kanji_load_kanji_09bad
001149ec 00000040 t kanji_load_kanji_09bab
00114a2c 00000040 t kanji_load_kanji_09baa
00114a6c 00000040 t kanji_load_kanji_09ba8
00114aac 00000040 t kanji_load_kanji_09ba0
00114aec 00000040 t kanji_load_kanji_09b9f
00114b2c 00000040 t kanji_load_kanji_09b96
00114b6c 00000040 t kanji_load_kanji_09b93
00114bac 00000040 t kanji_load_kanji_09b92
00114bec 00000040 t kanji_load_kanji_09b91
00114c2c 00000040 t kanji_load_kanji_09b8e
00114c6c 00000040 t kanji_load_kanji_09b83
00114cac 00000040 t kanji_load_kanji_09b74
00114cec 00000040 t kanji_load_kanji_09b6f
00114d2c 00000040 t kanji_load_kanji_09b5a
00114d6c 00000040 t kanji_load_kanji_09b58
00114dac 00000040 t kanji_load_kanji_09b54
00114dec 00000040 t kanji_load_kanji_09b51
00114e2c 00000040 t kanji_load_kanji_09b4f
00114e6c 00000040 t kanji_load_kanji_09b4e
00114eac 00000040 t kanji_load_kanji_09b4d
00114eec 00000040 t kanji_load_kanji_09b45
00114f2c 00000040 t kanji_load_kanji_09b44
00114f6c 00000040 t kanji_load_kanji_09b43
00114fac 00000040 t kanji_load_kanji_09b42
00114fec 00000040 t kanji_load_kanji_09b41
0011502c 00000040 t kanji_load_kanji_09b3c
0011506c 00000040 t kanji_load_kanji_09b3b
001150ac 00000040 t kanji_load_kanji_09b31
001150ec 00000040 t kanji_load_kanji_09b2f
0011512c 00000040 t kanji_load_kanji_09b2e
0011516c 00000040 t kanji_load_kanji_09b2a
001151ac 00000040 t kanji_load_kanji_09b29
001151ec 00000040 t kanji_load_kanji_09b28
0011522c 00000040 t kanji_load_kanji_09b27
0011526c 00000040 t kanji_load_kanji_09b23
001152ac 00000040 t kanji_load_kanji_09b22
001152ec 00000040 t kanji_load_kanji_09b1f
0011532c 00000040 t kanji_load_kanji_09b1a
0011536c 00000040 t kanji_load_kanji_09b18
001153ac 00000040 t kanji_load_kanji_09b06
001153ec 00000040 t kanji_load_kanji_09afb
0011542c 00000040 t kanji_load_kanji_09af7
0011546c 00000040 t kanji_load_kanji_09af4
001154ac 00000040 t kanji_load_kanji_09af1
001154ec 00000040 t kanji_load_kanji_09aee
0011552c 00000040 t kanji_load_kanji_09aed
0011556c 00000040 t kanji_load_kanji_09aeb
001155ac 00000040 t kanji_load_kanji_09aea
001155ec 00000040 t kanji_load_kanji_09ae6
0011562c 00000040 t kanji_load_kanji_09ae3
0011566c 00000040 t kanji_load_kanji_09ae2
001156ac 00000040 t kanji_load_kanji_09ad8
001156ec 00000040 t kanji_load_kanji_09ad4
0011572c 00000040 t kanji_load_kanji_09ad3
0011576c 00000040 t kanji_load_kanji_09ad1
001157ac 00000040 t kanji_load_kanji_09acf
001157ec 00000040 t kanji_load_kanji_09ac4
0011582c 00000040 t kanji_load_kanji_09ac0
0011586c 00000040 t kanji_load_kanji_09abc
001158ac 00000040 t kanji_load_kanji_09ab8
001158ec 00000040 t kanji_load_kanji_09ab0
0011592c 00000040 t kanji_load_kanji_09aad
0011596c 00000040 t kanji_load_kanji_09aa8
001159ac 00000040 t kanji_load_kanji_09a6a
001159ec 00000040 t kanji_load_kanji_09a69
00115a2c 00000040 t kanji_load_kanji_09a65
00115a6c 00000040 t kanji_load_kanji_09a64
00115aac 00000040 t kanji_load_kanji_09a62
00115aec 00000040 t kanji_load_kanji_09a5f
00115b2c 00000040 t kanji_load_kanji_09a5b
00115b6c 00000040 t kanji_load_kanji_09a5a
00115bac 00000040 t kanji_load_kanji_09a57
00115bec 00000040 t kanji_load_kanji_09a55
00115c2c 00000040 t kanji_load_kanji_09a4d
00115c6c 00000040 t kanji_load_kanji_09a45
00115cac 00000040 t kanji_load_kanji_09a43
00115cec 00000040 t kanji_load_kanji_09a42
00115d2c 00000040 t kanji_load_kanji_09a40
00115d6c 00000040 t kanji_load_kanji_09a3e
00115dac 00000040 t kanji_load_kanji_09a37
00115dec 00000040 t kanji_load_kanji_09a30
00115e2c 00000040 t kanji_load_kanji_09a2b
00115e6c 00000040 t kanji_load_kanji_09a19
00115eac 00000040 t kanji_load_kanji_09a13
00115eec 00000040 t kanji_load_kanji_09a12
00115f2c 00000040 t kanji_load_kanji_09a0f
00115f6c 00000040 t kanji_load_kanji_09a0e
00115fac 00000040 t kanji_load_kanji_09a05
00115fec 00000040 t kanji_load_kanji_09a01
0011602c 00000040 t kanji_load_kanji_099ff
0011606c 00000040 t kanji_load_kanji_099fb
001160ac 00000040 t kanji_load_kanji_099f8
001160ec 00000040 t kanji_load_kanji_099f1
0011612c 00000040 t kanji_load_kanji_099ee
0011616c 00000040 t kanji_load_kanji_099ed
001161ac 00000040 t kanji_load_kanji_099df
001161ec 00000040 t kanji_load_kanji_099dd
0011622c 00000040 t kanji_load_kanji_099db
0011626c 00000040 t kanji_load_kanji_099d8
001162ac 00000040 t kanji_load_kanji_099d5
001162ec 00000040 t kanji_load_kanji_099d2
0011632c 00000040 t kanji_load_kanji_099d1
0011636c 00000040 t kanji_load_kanji_099d0
001163ac 00000040 t kanji_load_kanji_099c8
001163ec 00000040 t kanji_load_kanji_099c6
0011642c 00000040 t kanji_load_kanji_099c5
0011646c 00000040 t kanji_load_kanji_099c4
001164ac 00000040 t kanji_load_kanji_099c1
001164ec 00000040 t kanji_load_kanji_099b4
0011652c 00000040 t kanji_load_kanji_099b3
0011656c 00000040 t kanji_load_kanji_099ae
001165ac 00000040 t kanji_load_kanji_099ad
001165ec 00000040 t kanji_load_kanji_099ac
0011662c 00000040 t kanji_load_kanji_099a8
0011666c 00000040 t kanji_load_kanji_099a5
001166ac 00000040 t kanji_load_kanji_09999
001166ec 00000040 t kanji_load_kanji_09998
0011672c 00000040 t kanji_load_kanji_09997
0011676c 00000040 t kanji_load_kanji_09996
001167ac 00000040 t kanji_load_kanji_09957
001167ec 00000040 t kanji_load_kanji_09955
0011682c 00000040 t kanji_load_kanji_09952
0011686c 00000040 t kanji_load_kanji_09951
001168ac 00000040 t kanji_load_kanji_09950
001168ec 00000040 t kanji_load_kanji_0994c
0011692c 00000040 t kanji_load_kanji_0994b
0011696c 00000040 t kanji_load_kanji_09949
001169ac 00000040 t kanji_load_kanji_09945
001169ec 00000040 t kanji_load_kanji_09942
00116a2c 00000040 t kanji_load_kanji_0993e
00116a6c 00000040 t kanji_load_kanji_0993d
00116aac 00000040 t kanji_load_kanji_0992e
00116aec 00000040 t kanji_load_kanji_0992c
00116b2c 00000040 t kanji_load_kanji_09928
00116b6c 00000040 t kanji_load_kanji_09924
00116bac 00000040 t kanji_load_kanji_09921
00116bec 00000040 t kanji_load_kanji_09920
00116c2c 00000040 t kanji_load_kanji_0991e
00116c6c 00000040 t kanji_load_kanji_09918
00116cac 00000040 t kanji_load_kanji_09914
00116cec 00000040 t kanji_load_kanji_09913
00116d2c 00000040 t kanji_load_kanji_09912
00116d6c 00000040 t kanji_load_kanji_09910
00116dac 00000040 t kanji_load_kanji_0990c
00116dec 00000040 t kanji_load_kanji_0990a
00116e2c 00000040 t kanji_load_kanji_09909
00116e6c 00000040 t kanji_load_kanji_09905
00116eac 00000040 t kanji_load_kanji_09903
00116eec 00000040 t kanji_load_kanji_098fe
00116f2c 00000040 t kanji_load_kanji_098fd
00116f6c 00000040 t kanji_load_kanji_098fc
00116fac 00000040 t kanji_load_kanji_098f4
00116fec 00000040 t kanji_load_kanji_098f2
0011702c 00000040 t kanji_load_kanji_098ef
0011706c 00000040 t kanji_load_kanji_098ee
001170ac 00000040 t kanji_load_kanji_098ed
001170ec 00000040 t kanji_load_kanji_098eb
0011712c 00000040 t kanji_load_kanji_098e9
0011716c 00000040 t kanji_load_kanji_098e2
001171ac 00000040 t kanji_load_kanji_098df
001171ec 00000040 t kanji_load_kanji_098db
0011722c 00000040 t kanji_load_kanji_098c6
0011726c 00000040 t kanji_load_kanji_098c4
001172ac 00000040 t kanji_load_kanji_098b6
001172ec 00000040 t kanji_load_kanji_098b1
0011732c 00000040 t kanji_load_kanji_098af
0011736c 00000040 t kanji_load_kanji_098aa
001173ac 00000040 t kanji_load_kanji_098a8
001173ec 00000040 t kanji_load_kanji_09874
0011742c 00000040 t kanji_load_kanji_09873
0011746c 00000040 t kanji_load_kanji_09871
001174ac 00000040 t kanji_load_kanji_09870
001174ec 00000040 t kanji_load_kanji_0986f
0011752c 00000040 t kanji_load_kanji_0986b
0011756c 00000040 t kanji_load_kanji_09867
001175ac 00000040 t kanji_load_kanji_0985e
001175ec 00000040 t kanji_load_kanji_0985a
0011762c 00000040 t kanji_load_kanji_09858
0011766c 00000040 t kanji_load_kanji_09855
001176ac 00000040 t kanji_load_kanji_09854
001176ec 00000040 t kanji_load_kanji_0984f
0011772c 00000040 t kanji_load_kanji_0984e
0011776c 00000040 t kanji_load_kanji_0984d
001177ac 00000040 t kanji_load_kanji_0984c
001177ec 00000040 t kanji_load_kanji_0984b
0011782c 00000040 t kanji_load_kanji_09846
0011786c 00000040 t kanji_load_kanji_0983d
001178ac 00000040 t kanji_load_kanji_0983c
001178ec 00000040 t kanji_load_kanji_0983b
0011792c 00000040 t kanji_load_kanji_09838
0011796c 00000040 t kanji_load_kanji_09837
001179ac 00000040 t kanji_load_kanji_09830
001179ec 00000040 t kanji_load_kanji_0982d
00117a2c 00000040 t kanji_load_kanji_09824
00117a6c 00000040 t kanji_load_kanji_09821
00117aac 00000040 t kanji_load_kanji_09818
00117aec 00000040 t kanji_load_kanji_09817
00117b2c 00000040 t kanji_load_kanji_09813
00117b6c 00000040 t kanji_load_kanji_09812
00117bac 00000040 t kanji_load_kanji_09811
00117bec 00000040 t kanji_load_kanji_09810
00117c2c 00000040 t kanji_load_kanji_0980f
00117c6c 00000040 t kanji_load_kanji_0980c
00117cac 00000040 t kanji_load_kanji_09808
00117cec 00000040 t kanji_load_kanji_09806
00117d2c 00000040 t kanji_load_kanji_09805
00117d6c 00000040 t kanji_load_kanji_09803
00117dac 00000040 t kanji_load_kanji_09802
00117dec 00000040 t kanji_load_kanji_09801
00117e2c 00000040 t kanji_load_kanji_097ff
00117e6c 00000040 t kanji_load_kanji_097fb
00117eac 00000040 t kanji_load_kanji_097f6
00117eec 00000040 t kanji_load_kanji_097f3
00117f2c 00000040 t kanji_load_kanji_097ee
00117f6c 00000040 t kanji_load_kanji_097d3
00117fac 00000040 t kanji_load_kanji_097cb
00117fec 00000040 t kanji_load_kanji_097c3
0011802c 00000040 t kanji_load_kanji_097b4
0011806c 00000040 t kanji_load_kanji_097b3
001180ac 00000040 t kanji_load_kanji_097ad
001180ec 00000040 t kanji_load_kanji_097ab
0011812c 00000040 t kanji_load_kanji_097a8
0011816c 00000040 t kanji_load_kanji_097a6
001181ac 00000040 t kanji_load_kanji_097a3
001181ec 00000040 t kanji_load_kanji_097a0
0011822c 00000040 t kanji_load_kanji_0979c
0011826c 00000040 t kanji_load_kanji_09798
001182ac 00000040 t kanji_load_kanji_09790
001182ec 00000040 t kanji_load_kanji_0978d
0011832c 00000040 t kanji_load_kanji_0978b
0011836c 00000040 t kanji_load_kanji_09785
001183ac 00000040 t kanji_load_kanji_09784
001183ec 00000040 t kanji_load_kanji_09781
0011842c 00000040 t kanji_load_kanji_0977c
0011846c 00000040 t kanji_load_kanji_0977a
001184ac 00000040 t kanji_load_kanji_09774
001184ec 00000040 t kanji_load_kanji_09771
0011852c 00000040 t kanji_load_kanji_0976b
0011856c 00000040 t kanji_load_kanji_09769
001185ac 00000040 t kanji_load_kanji_09768
001185ec 00000040 t kanji_load_kanji_09766
0011862c 00000040 t kanji_load_kanji_09764
0011866c 00000040 t kanji_load_kanji_09762
001186ac 00000040 t kanji_load_kanji_09761
001186ec 00000040 t kanji_load_kanji_09760
0011872c 00000044 t kanji_load_kanji_0975e
00118770 00000040 t kanji_load_kanji_0975c
001187b0 00000040 t kanji_load_kanji_09759
001187f0 00000040 t kanji_load_kanji_09756
00118830 00000044 t kanji_load_kanji_09752
00118874 00000040 t kanji_load_kanji_09749
001188b4 00000040 t kanji_load_kanji_09748
001188f4 00000040 t kanji_load_kanji_09746
00118934 00000040 t kanji_load_kanji_09744
00118974 00000040 t kanji_load_kanji_09742
001189b4 00000040 t kanji_load_kanji_0973e
001189f4 00000040 t kanji_load_kanji_0973d
00118a34 00000040 t kanji_load_kanji_09739
00118a74 00000040 t kanji_load_kanji_09732
00118ab4 00000040 t kanji_load_kanji_09730
00118af4 00000040 t kanji_load_kanji_0972a
00118b34 00000040 t kanji_load_kanji_09727
00118b74 00000040 t kanji_load_kanji_09724
00118bb4 00000040 t kanji_load_kanji_0971e
00118bf4 00000040 t kanji_load_kanji_0971c
00118c34 00000040 t kanji_load_kanji_09719
00118c74 00000040 t kanji_load_kanji_09716
00118cb4 00000040 t kanji_load_kanji_09713
00118cf4 00000040 t kanji_load_kanji_09711
00118d34 00000040 t kanji_load_kanji_0970f
00118d74 00000040 t kanji_load_kanji_0970e
00118db4 00000040 t kanji_load_kanji_0970d
00118df4 00000040 t kanji_load_kanji_0970a
00118e34 00000040 t kanji_load_kanji_09708
00118e74 00000040 t kanji_load_kanji_09707
00118eb4 00000040 t kanji_load_kanji_09706
00118ef4 00000040 t kanji_load_kanji_09704
00118f34 00000040 t kanji_load_kanji_09700
00118f74 00000040 t kanji_load_kanji_096fb
00118fb4 00000040 t kanji_load_kanji_096f9
00118ff4 00000040 t kanji_load_kanji_096f7
00119034 00000040 t kanji_load_kanji_096f6
00119074 00000040 t kanji_load_kanji_096f2
001190b4 00000040 t kanji_load_kanji_096f0
001190f4 00000040 t kanji_load_kanji_096eb
00119134 00000040 t kanji_load_kanji_096ea
00119174 00000044 t kanji_load_kanji_096e8
001191b8 00000040 t kanji_load_kanji_096e3
001191f8 00000040 t kanji_load_kanji_096e2
00119238 00000040 t kanji_load_kanji_096dc
00119278 00000040 t kanji_load_kanji_096db
001192b8 00000040 t kanji_load_kanji_096d9
001192f8 00000040 t kanji_load_kanji_096d6
00119338 00000040 t kanji_load_kanji_096d5
00119378 00000040 t kanji_load_kanji_096d1
001193b8 00000040 t kanji_load_kanji_096ce
001193f8 00000040 t kanji_load_kanji_096cd
00119438 00000040 t kanji_load_kanji_096cc
00119478 00000040 t kanji_load_kanji_096cb
001194b8 00000040 t kanji_load_kanji_096c9
001194f8 00000040 t kanji_load_kanji_096c7
00119538 00000040 t kanji_load_kanji_096c6
00119578 00000040 t kanji_load_kanji_096c5
001195b8 00000040 t kanji_load_kanji_096c4
001195f8 00000040 t kanji_load_kanji_096c1
00119638 00000040 t kanji_load_kanji_096c0
00119678 00000040 t kanji_load_kanji_096bc
001196b8 00000040 t kanji_load_kanji_096bb
001196f8 00000040 t kanji_load_kanji_096b8
00119738 00000040 t kanji_load_kanji_096b7
00119778 00000040 t kanji_load_kanji_096b4
001197b8 00000040 t kanji_load_kanji_096b1
001197f8 00000040 t kanji_load_kanji_096b0
00119838 00000040 t kanji_load_kanji_096aa
00119878 00000040 t kanji_load_kanji_096a8
001198b8 00000040 t kanji_load_kanji_096a7
001198f8 00000040 t kanji_load_kanji_096a3
00119938 00000040 t kanji_load_kanji_096a0
00119978 00000040 t kanji_load_kanji_0969c
001199b8 00000040 t kanji_load_kanji_0969b
001199f8 00000040 t kanji_load_kanji_09699
00119a38 00000040 t kanji_load_kanji_09698
00119a78 00000040 t kanji_load_kanji_09697
00119ab8 00000040 t kanji_load_kanji_09695
00119af8 00000040 t kanji_load_kanji_09694
00119b38 00000040 t kanji_load_kanji_0968f
00119b78 00000040 t kanji_load_kanji_0968e
00119bb8 00000040 t kanji_load_kanji_0968d
00119bf8 00000040 t kanji_load_kanji_0968b
00119c38 00000040 t kanji_load_kanji_0968a
00119c78 00000040 t kanji_load_kanji_09688
00119cb8 00000040 t kanji_load_kanji_09686
00119cf8 00000040 t kanji_load_kanji_09685
00119d38 00000040 t kanji_load_kanji_0967d
00119d78 00000040 t kanji_load_kanji_0967a
00119db8 00000040 t kanji_load_kanji_09678
00119df8 00000040 t kanji_load_kanji_09677
00119e38 00000040 t kanji_load_kanji_09676
00119e78 00000040 t kanji_load_kanji_09675
00119eb8 00000040 t kanji_load_kanji_09673
00119ef8 00000040 t kanji_load_kanji_09672
00119f38 00000040 t kanji_load_kanji_09670
00119f78 00000040 t kanji_load_kanji_0966c
00119fb8 00000040 t kanji_load_kanji_0966a
00119ff8 00000040 t kanji_load_kanji_09665
0011a038 00000040 t kanji_load_kanji_09664
0011a078 00000040 t kanji_load_kanji_09663
0011a0b8 00000040 t kanji_load_kanji_09662
0011a0f8 00000040 t kanji_load_kanji_0965f
0011a138 00000040 t kanji_load_kanji_0965e
0011a178 00000040 t kanji_load_kanji_0965d
0011a1b8 00000040 t kanji_load_kanji_0965c
0011a1f8 00000040 t kanji_load_kanji_0965b
0011a238 00000040 t kanji_load_kanji_09650
0011a278 00000040 t kanji_load_kanji_0964d
0011a2b8 00000040 t kanji_load_kanji_0964c
0011a2f8 00000044 t kanji_load_kanji_09644
0011a33c 00000044 t kanji_load_kanji_09642
0011a380 00000044 t kanji_load_kanji_09640
0011a3c4 00000044 t kanji_load_kanji_0963f
0011a408 00000044 t kanji_load_kanji_0963b
0011a44c 00000044 t kanji_load_kanji_09632
0011a490 00000044 t kanji_load_kanji_0962f
0011a4d4 00000044 t kanji_load_kanji_0962e
0011a518 00000044 t kanji_load_kanji_0962a
0011a55c 00000044 t kanji_load_kanji_09628
0011a5a0 00000044 t kanji_load_kanji_09621
0011a5e4 00000044 t kanji_load_kanji_0961c
0011a628 00000040 t kanji_load_kanji_095e5
0011a668 00000040 t kanji_load_kanji_095e2
0011a6a8 00000040 t kanji_load_kanji_095e1
0011a6e8 00000040 t kanji_load_kanji_095dc
0011a728 00000040 t kanji_load_kanji_095d8
0011a768 00000040 t kanji_load_kanji_095d6
0011a7a8 00000040 t kanji_load_kanji_095d5
0011a7e8 00000040 t kanji_load_kanji_095d4
0011a828 00000040 t kanji_load_kanji_095cd
0011a868 00000040 t kanji_load_kanji_095cc
0011a8a8 00000040 t kanji_load_kanji_095ca
0011a8e8 00000040 t kanji_load_kanji_095c7
0011a928 00000040 t kanji_load_kanji_095c3
0011a968 00000040 t kanji_load_kanji_095be
0011a9a8 00000040 t kanji_load_kanji_095bb
0011a9e8 00000040 t kanji_load_kanji_095b9
0011aa28 00000040 t kanji_load_kanji_095b2
0011aa68 00000040 t kanji_load_kanji_095ad
0011aaa8 00000040 t kanji_load_kanji_095a8
0011aae8 00000040 t kanji_load_kanji_095a7
0011ab28 00000040 t kanji_load_kanji_095a5
0011ab68 00000040 t kanji_load_kanji_095a4
0011aba8 00000040 t kanji_load_kanji_095a3
0011abe8 00000040 t kanji_load_kanji_095a2
0011ac28 00000040 t kanji_load_kanji_09598
0011ac68 00000040 t kanji_load_kanji_09594
0011aca8 00000040 t kanji_load_kanji_09593
0011ace8 00000040 t kanji_load_kanji_09591
0011ad28 00000040 t kanji_load_kanji_0958f
0011ad68 00000040 t kanji_load_kanji_0958b
0011ada8 00000040 t kanji_load_kanji_0958a
0011ade8 00000040 t kanji_load_kanji_09589
0011ae28 00000040 t kanji_load_kanji_09583
0011ae68 00000040 t kanji_load_kanji_09582
0011aea8 00000044 t kanji_load_kanji_09580
0011aeec 00000044 t kanji_load_kanji_09577
0011af30 00000040 t kanji_load_kanji_09481
0011af70 00000040 t kanji_load_kanji_0947f
0011afb0 00000040 t kanji_load_kanji_0947e
0011aff0 00000040 t kanji_load_kanji_0947d
0011b030 00000040 t kanji_load_kanji_0947c
0011b070 00000040 t kanji_load_kanji_09477
0011b0b0 00000040 t kanji_load_kanji_09470
0011b0f0 00000040 t kanji_load_kanji_0946a
0011b130 00000040 t kanji_load_kanji_09462
0011b170 00000040 t kanji_load_kanji_09460
0011b1b0 00000040 t kanji_load_kanji_0945e
0011b1f0 00000040 t kanji_load_kanji_0945b
0011b230 00000040 t kanji_load_kanji_09453
0011b270 00000040 t kanji_load_kanji_09451
0011b2b0 00000040 t kanji_load_kanji_09444
0011b2f0 00000040 t kanji_load_kanji_0943a
0011b330 00000040 t kanji_load_kanji_09438
0011b370 00000040 t kanji_load_kanji_09436
0011b3b0 00000040 t kanji_load_kanji_09435
0011b3f0 00000040 t kanji_load_kanji_0942b
0011b430 00000040 t kanji_load_kanji_0941a
0011b470 00000040 t kanji_load_kanji_09419
0011b4b0 00000040 t kanji_load_kanji_09418
0011b4f0 00000040 t kanji_load_kanji_09413
0011b530 00000040 t kanji_load_kanji_09410
0011b570 00000040 t kanji_load_kanji_09403
0011b5b0 00000040 t kanji_load_kanji_093e8
0011b5f0 00000040 t kanji_load_kanji_093e4
0011b630 00000040 t kanji_load_kanji_093e1
0011b670 00000040 t kanji_load_kanji_093dd
0011b6b0 00000040 t kanji_load_kanji_093d8
0011b6f0 00000040 t kanji_load_kanji_093d7
0011b730 00000040 t kanji_load_kanji_093d6
0011b770 00000040 t kanji_load_kanji_093d1
0011b7b0 00000040 t kanji_load_kanji_093d0
0011b7f0 00000040 t kanji_load_kanji_093c8
0011b830 00000040 t kanji_load_kanji_093c3
0011b870 00000040 t kanji_load_kanji_093b9
0011b8b0 00000040 t kanji_load_kanji_093b0
0011b8f0 00000040 t kanji_load_kanji_093ae
0011b930 00000040 t kanji_load_kanji_093ad
0011b970 00000040 t kanji_load_kanji_093ac
0011b9b0 00000040 t kanji_load_kanji_093a7
0011b9f0 00000040 t kanji_load_kanji_0939a
0011ba30 00000040 t kanji_load_kanji_09397
0011ba70 00000040 t kanji_load_kanji_09396
0011bab0 00000040 t kanji_load_kanji_0938c
0011baf0 00000040 t kanji_load_kanji_0937e
0011bb30 00000040 t kanji_load_kanji_0937c
0011bb70 00000040 t kanji_load_kanji_09375
0011bbb0 00000040 t kanji_load_kanji_0936e
0011bbf0 00000040 t kanji_load_kanji_0936c
0011bc30 00000040 t kanji_load_kanji_09360
0011bc70 00000040 t kanji_load_kanji_0935b
0011bcb0 00000040 t kanji_load_kanji_09354
0011bcf0 00000040 t kanji_load_kanji_0934d
0011bd30 00000040 t kanji_load_kanji_0934b
0011bd70 00000040 t kanji_load_kanji_0933b
0011bdb0 00000040 t kanji_load_kanji_0933a
0011bdf0 00000040 t kanji_load_kanji_09335
0011be30 00000040 t kanji_load_kanji_09332
0011be70 00000040 t kanji_load_kanji_0932f
0011beb0 00000040 t kanji_load_kanji_0932e
0011bef0 00000040 t kanji_load_kanji_0932c
0011bf30 00000040 t kanji_load_kanji_0932b
0011bf70 00000040 t kanji_load_kanji_09328
0011bfb0 00000040 t kanji_load_kanji_09326
0011bff0 00000040 t kanji_load_kanji_09323
0011c030 00000040 t kanji_load_kanji_09322
0011c070 00000040 t kanji_load_kanji_09320
0011c0b0 00000040 t kanji_load_kanji_0931a
0011c0f0 00000040 t kanji_load_kanji_09319
0011c130 00000040 t kanji_load_kanji_09318
0011c170 00000040 t kanji_load_kanji_09310
0011c1b0 00000040 t kanji_load_kanji_0930f
0011c1f0 00000040 t kanji_load_kanji_09306
0011c230 00000040 t kanji_load_kanji_092fc
0011c270 00000040 t kanji_load_kanji_092fa
0011c2b0 00000040 t kanji_load_kanji_092f8
0011c2f0 00000040 t kanji_load_kanji_092f3
0011c330 00000040 t kanji_load_kanji_092f2
0011c370 00000040 t kanji_load_kanji_092ed
0011c3b0 00000040 t kanji_load_kanji_092ea
0011c3f0 00000040 t kanji_load_kanji_092e4
0011c430 00000040 t kanji_load_kanji_092d2
0011c470 00000040 t kanji_load_kanji_092cf
0011c4b0 00000040 t kanji_load_kanji_092b9
0011c4f0 00000040 t kanji_load_kanji_092b7
0011c530 00000040 t kanji_load_kanji_092ad
0011c570 00000040 t kanji_load_kanji_0929c
0011c5b0 00000040 t kanji_load_kanji_0929b
0011c5f0 00000040 t kanji_load_kanji_0929a
0011c630 00000040 t kanji_load_kanji_09298
0011c670 00000040 t kanji_load_kanji_09296
0011c6b0 00000040 t kanji_load_kanji_09295
0011c6f0 00000040 t kanji_load_kanji_09293
0011c730 00000040 t kanji_load_kanji_09291
0011c770 00000040 t kanji_load_kanji_09285
0011c7b0 00000040 t kanji_load_kanji_09283
0011c7f0 00000040 t kanji_load_kanji_09280
0011c830 00000040 t kanji_load_kanji_0927e
0011c870 00000040 t kanji_load_kanji_09271
0011c8b0 00000040 t kanji_load_kanji_09266
0011c8f0 00000040 t kanji_load_kanji_09264
0011c930 00000040 t kanji_load_kanji_09262
0011c970 00000040 t kanji_load_kanji_0925e
0011c9b0 00000040 t kanji_load_kanji_0925b
0011c9f0 00000040 t kanji_load_kanji_09257
0011ca30 00000040 t kanji_load_kanji_0924b
0011ca70 00000040 t kanji_load_kanji_09249
0011cab0 00000040 t kanji_load_kanji_09248
0011caf0 00000040 t kanji_load_kanji_09245
0011cb30 00000040 t kanji_load_kanji_09244
0011cb70 00000040 t kanji_load_kanji_0923f
0011cbb0 00000040 t kanji_load_kanji_09237
0011cbf0 00000040 t kanji_load_kanji_09234
0011cc30 00000040 t kanji_load_kanji_0921e
0011cc70 00000040 t kanji_load_kanji_09215
0011ccb0 00000040 t kanji_load_kanji_09214
0011ccf0 00000040 t kanji_load_kanji_09211
0011cd30 00000040 t kanji_load_kanji_0920d
0011cd70 00000040 t kanji_load_kanji_091ff
0011cdb0 00000040 t kanji_load_kanji_091f5
0011cdf0 00000040 t kanji_load_kanji_091e7
0011ce30 00000040 t kanji_load_kanji_091e6
0011ce70 00000040 t kanji_load_kanji_091e3
0011ceb0 00000040 t kanji_load_kanji_091dd
0011cef0 00000040 t kanji_load_kanji_091dc
0011cf30 00000040 t kanji_load_kanji_091d8
0011cf70 00000044 t kanji_load_kanji_091d1
0011cfb4 00000040 t kanji_load_kanji_091d0
0011cff4 00000040 t kanji_load_kanji_091cf
0011d034 00000040 t kanji_load_kanji_091ce
0011d074 00000040 t kanji_load_kanji_091cd
0011d0b4 00000044 t kanji_load_kanji_091cc
0011d0f8 00000040 t kanji_load_kanji_091cb
0011d138 00000040 t kanji_load_kanji_091c9
0011d178 00000040 t kanji_load_kanji_091c8
0011d1b8 00000044 t kanji_load_kanji_091c7
0011d1fc 00000040 t kanji_load_kanji_091c0
0011d23c 00000040 t kanji_load_kanji_091ba
0011d27c 00000040 t kanji_load_kanji_091b8
0011d2bc 00000040 t kanji_load_kanji_091b5
0011d2fc 00000040 t kanji_load_kanji_091b4
0011d33c 00000040 t kanji_load_kanji_091ac
0011d37c 00000040 t kanji_load_kanji_091ab
0011d3bc 00000040 t kanji_load_kanji_091aa
0011d3fc 00000040 t kanji_load_kanji_091a2
0011d43c 00000040 t kanji_load_kanji_0919c
0011d47c 00000040 t kanji_load_kanji_09192
0011d4bc 00000040 t kanji_load_kanji_09190
0011d4fc 00000040 t kanji_load_kanji_0918d
0011d53c 00000040 t kanji_load_kanji_0918b
0011d57c 00000040 t kanji_load_kanji_09189
0011d5bc 00000040 t kanji_load_kanji_09187
0011d5fc 00000040 t kanji_load_kanji_09182
0011d63c 00000040 t kanji_load_kanji_09178
0011d67c 00000040 t kanji_load_kanji_09177
0011d6bc 00000040 t kanji_load_kanji_09175
0011d6fc 00000040 t kanji_load_kanji_09173
0011d73c 00000040 t kanji_load_kanji_09172
0011d77c 00000040 t kanji_load_kanji_0916c
0011d7bc 00000040 t kanji_load_kanji_0916a
0011d7fc 00000040 t kanji_load_kanji_09169
0011d83c 00000040 t kanji_load_kanji_09165
0011d87c 00000040 t kanji_load_kanji_09163
0011d8bc 00000040 t kanji_load_kanji_09162
0011d8fc 00000040 t kanji_load_kanji_09156
0011d93c 00000040 t kanji_load_kanji_09154
0011d97c 00000040 t kanji_load_kanji_09152
0011d9bc 00000040 t kanji_load_kanji_0914e
0011d9fc 00000040 t kanji_load_kanji_0914d
0011da3c 00000040 t kanji_load_kanji_0914c
0011da7c 00000040 t kanji_load_kanji_0914b
0011dabc 00000040 t kanji_load_kanji_0914a
0011dafc 00000044 t kanji_load_kanji_09149
0011db40 00000040 t kanji_load_kanji_09132
0011db80 00000040 t kanji_load_kanji_09130
0011dbc0 00000040 t kanji_load_kanji_0912d
0011dc00 00000040 t kanji_load_kanji_09119
0011dc40 00000040 t kanji_load_kanji_09112
0011dc80 00000040 t kanji_load_kanji_09102
0011dcc0 00000040 t kanji_load_kanji_090fd
0011dd00 00000040 t kanji_load_kanji_090f7
0011dd40 00000040 t kanji_load_kanji_090f5
0011dd80 00000040 t kanji_load_kanji_090ed
0011ddc0 00000040 t kanji_load_kanji_090e8
0011de00 00000040 t kanji_load_kanji_090e4
0011de40 00000040 t kanji_load_kanji_090e2
0011de80 00000040 t kanji_load_kanji_090e1
0011dec0 00000040 t kanji_load_kanji_090db
0011df00 00000040 t kanji_load_kanji_090ce
0011df40 00000040 t kanji_load_kanji_090ca
0011df80 00000040 t kanji_load_kanji_090c1
0011dfc0 00000044 t kanji_load_kanji_090b8
0011e004 00000044 t kanji_load_kanji_090b5
0011e048 00000044 t kanji_load_kanji_090b1
0011e08c 00000044 t kanji_load_kanji_090af
0011e0d0 00000044 t kanji_load_kanji_090aa
0011e114 00000044 t kanji_load_kanji_090a8
0011e158 00000044 t kanji_load_kanji_090a6
0011e19c 00000044 t kanji_load_kanji_090a3
0011e1e0 00000044 t kanji_load_kanji_09091
0011e224 00000040 t kanji_load_kanji_0908f
0011e264 00000040 t kanji_load_kanji_0908a
0011e2a4 00000040 t kanji_load_kanji_09087
0011e2e4 00000040 t kanji_load_kanji_09084
0011e324 00000040 t kanji_load_kanji_09082
0011e364 00000040 t kanji_load_kanji_09081
0011e3a4 00000040 t kanji_load_kanji_09080
0011e3e4 00000040 t kanji_load_kanji_0907f
0011e424 00000040 t kanji_load_kanji_0907d
0011e464 00000040 t kanji_load_kanji_0907c
0011e4a4 00000040 t kanji_load_kanji_0907a
0011e4e4 00000040 t kanji_load_kanji_09078
0011e524 00000040 t kanji_load_kanji_09077
0011e564 00000040 t kanji_load_kanji_09076
0011e5a4 00000040 t kanji_load_kanji_09075
0011e5e4 00000040 t kanji_load_kanji_09072
0011e624 00000040 t kanji_load_kanji_0906f
0011e664 00000040 t kanji_load_kanji_0906e
0011e6a4 00000040 t kanji_load_kanji_0906d
0011e6e4 00000040 t kanji_load_kanji_09069
0011e724 00000040 t kanji_load_kanji_09068
0011e764 00000040 t kanji_load_kanji_09065
0011e7a4 00000040 t kanji_load_kanji_09063
0011e7e4 00000040 t kanji_load_kanji_09061
0011e824 00000040 t kanji_load_kanji_09060
0011e864 00000040 t kanji_load_kanji_0905e
0011e8a4 00000040 t kanji_load_kanji_0905c
0011e8e4 00000040 t kanji_load_kanji_09059
0011e924 00000040 t kanji_load_kanji_09056
0011e964 00000040 t kanji_load_kanji_09055
0011e9a4 00000040 t kanji_load_kanji_09054
0011e9e4 00000040 t kanji_load_kanji_09053
0011ea24 00000040 t kanji_load_kanji_09052
0011ea64 00000040 t kanji_load_kanji_09051
0011eaa4 00000040 t kanji_load_kanji_09050
0011eae4 00000040 t kanji_load_kanji_0904f
0011eb24 00000040 t kanji_load_kanji_0904e
0011eb64 00000040 t kanji_load_kanji_0904d
0011eba4 00000040 t kanji_load_kanji_0904b
0011ebe4 00000040 t kanji_load_kanji_0904a
0011ec24 00000040 t kanji_load_kanji_09049
0011ec64 00000040 t kanji_load_kanji_09047
0011eca4 00000040 t kanji_load_kanji_09045
0011ece4 00000040 t kanji_load_kanji_09042
0011ed24 00000040 t kanji_load_kanji_09041
0011ed64 00000040 t kanji_load_kanji_0903e
0011eda4 00000040 t kanji_load_kanji_0903c
0011ede4 00000040 t kanji_load_kanji_09038
0011ee24 00000040 t kanji_load_kanji_09035
0011ee64 00000040 t kanji_load_kanji_09032
0011eea4 00000040 t kanji_load_kanji_09031
0011eee4 00000040 t kanji_load_kanji_0902e
0011ef24 00000040 t kanji_load_kanji_09027
0011ef64 00000040 t kanji_load_kanji_09023
0011efa4 00000040 t kanji_load_kanji_09022
0011efe4 00000040 t kanji_load_kanji_09021
0011f024 00000040 t kanji_load_kanji_09020
0011f064 00000040 t kanji_load_kanji_0901f
0011f0a4 00000040 t kanji_load_kanji_0901e
0011f0e4 00000040 t kanji_load_kanji_0901d
0011f124 00000040 t kanji_load_kanji_0901a
0011f164 00000040 t kanji_load_kanji_09019
0011f1a4 00000040 t kanji_load_kanji_09017
0011f1e4 00000040 t kanji_load_kanji_09016
0011f224 00000040 t kanji_load_kanji_09015
0011f264 00000040 t kanji_load_kanji_09014
0011f2a4 00000040 t kanji_load_kanji_09013
0011f2e4 00000040 t kanji_load_kanji_09011
0011f324 00000040 t kanji_load_kanji_09010
0011f364 00000040 t kanji_load_kanji_0900f
0011f3a4 00000040 t kanji_load_kanji_0900d
0011f3e4 00000040 t kanji_load_kanji_0900b
0011f424 00000040 t kanji_load_kanji_09006
0011f464 00000040 t kanji_load_kanji_09005
0011f4a4 00000040 t kanji_load_kanji_09003
0011f4e4 00000040 t kanji_load_kanji_09001
0011f524 00000040 t kanji_load_kanji_09000
0011f564 00000040 t kanji_load_kanji_08ffd
0011f5a4 00000040 t kanji_load_kanji_08ffa
0011f5e4 00000040 t kanji_load_kanji_08ff9
0011f624 00000040 t kanji_load_kanji_08ff7
0011f664 00000040 t kanji_load_kanji_08ff4
0011f6a4 00000044 t kanji_load_kanji_08ff0
0011f6e8 00000044 t kanji_load_kanji_08fed
0011f72c 00000044 t kanji_load_kanji_08feb
0011f770 00000044 t kanji_load_kanji_08fea
0011f7b4 00000040 t kanji_load_kanji_08fe6
0011f7f4 00000040 t kanji_load_kanji_08fe5
0011f834 00000040 t kanji_load_kanji_08fe2
0011f874 00000044 t kanji_load_kanji_08fda
0011f8b8 00000044 t kanji_load_kanji_08fd4
0011f8fc 00000044 t kanji_load_kanji_08fd1
0011f940 00000044 t kanji_load_kanji_08fce
0011f984 00000044 t kanji_load_kanji_08fc5
0011f9c8 00000044 t kanji_load_kanji_08fc4
0011fa0c 00000044 t kanji_load_kanji_08fc2
0011fa50 00000044 t kanji_load_kanji_08fbf
0011fa94 00000044 t kanji_load_kanji_08fbc
0011fad8 00000044 t kanji_load_kanji_08fbb
0011fb1c 00000044 t kanji_load_kanji_08fba
0011fb60 00000044 t kanji_load_kanji_08fb7
0011fba4 00000040 t kanji_load_kanji_08fb2
0011fbe4 00000040 t kanji_load_kanji_08fb1
0011fc24 00000044 t kanji_load_kanji_08fb0
0011fc68 00000040 t kanji_load_kanji_08faf
0011fca8 00000040 t kanji_load_kanji_08fae
0011fce8 00000040 t kanji_load_kanji_08fad
0011fd28 00000040 t kanji_load_kanji_08fa8
0011fd68 00000040 t kanji_load_kanji_08fa3
0011fda8 00000040 t kanji_load_kanji_08f9f
0011fde8 00000040 t kanji_load_kanji_08f9e
0011fe28 00000040 t kanji_load_kanji_08f9c
0011fe68 00000044 t kanji_load_kanji_08f9b
0011feac 00000040 t kanji_load_kanji_08f64
0011feec 00000040 t kanji_load_kanji_08f62
0011ff2c 00000040 t kanji_load_kanji_08f61
0011ff6c 00000040 t kanji_load_kanji_08f5f
0011ffac 00000040 t kanji_load_kanji_08f57
0011ffec 00000040 t kanji_load_kanji_08f4e
0012002c 00000040 t kanji_load_kanji_08f4d
0012006c 00000040 t kanji_load_kanji_08f4c
001200ac 00000040 t kanji_load_kanji_08f49
001200ec 00000040 t kanji_load_kanji_08f46
0012012c 00000040 t kanji_load_kanji_08f45
0012016c 00000040 t kanji_load_kanji_08f44
001201ac 00000040 t kanji_load_kanji_08f42
001201ec 00000040 t kanji_load_kanji_08f3f
0012022c 00000040 t kanji_load_kanji_08f3e
0012026c 00000040 t kanji_load_kanji_08f3b
001202ac 00000040 t kanji_load_kanji_08f39
001202ec 00000040 t kanji_load_kanji_08f38
0012032c 00000040 t kanji_load_kanji_08f33
0012036c 00000040 t kanji_load_kanji_08f2f
001203ac 00000040 t kanji_load_kanji_08f2a
001203ec 00000040 t kanji_load_kanji_08f29
0012042c 00000040 t kanji_load_kanji_08f26
0012046c 00000040 t kanji_load_kanji_08f1f
001204ac 00000040 t kanji_load_kanji_08f1d
001204ec 00000040 t kanji_load_kanji_08f1c
0012052c 00000040 t kanji_load_kanji_08f1b
0012056c 00000040 t kanji_load_kanji_08f15
001205ac 00000040 t kanji_load_kanji_08f14
001205ec 00000040 t kanji_load_kanji_08f13
0012062c 00000040 t kanji_load_kanji_08f12
0012066c 00000040 t kanji_load_kanji_08f0a
001206ac 00000040 t kanji_load_kanji_08f09
001206ec 00000040 t kanji_load_kanji_08f05
0012072c 00000040 t kanji_load_kanji_08f03
0012076c 00000040 t kanji_load_kanji_08efe
001207ac 00000040 t kanji_load_kanji_08efd
001207ec 00000040 t kanji_load_kanji_08efc
0012082c 00000040 t kanji_load_kanji_08efb
0012086c 00000040 t kanji_load_kanji_08ef8
001208ac 00000040 t kanji_load_kanji_08eeb
001208ec 00000040 t kanji_load_kanji_08ee2
0012092c 00000040 t kanji_load_kanji_08edf
0012096c 00000040 t kanji_load_kanji_08edb
001209ac 00000040 t kanji_load_kanji_08ed2
001209ec 00000040 t kanji_load_kanji_08ecd
00120a2c 00000040 t kanji_load_kanji_08ecc
00120a6c 00000044 t kanji_load_kanji_08ecb
00120ab0 00000044 t kanji_load_kanji_08eca
00120af4 00000040 t kanji_load_kanji_08ec8
00120b34 00000040 t kanji_load_kanji_08ebe
00120b74 00000040 t kanji_load_kanji_08eb1
00120bb4 00000040 t kanji_load_kanji_08eac
00120bf4 00000044 t kanji_load_kanji_08eab
00120c38 00000040 t kanji_load_kanji_08eaa
00120c78 00000040 t kanji_load_kanji_08ea1
00120cb8 00000040 t kanji_load_kanji_08e94
00120cf8 00000040 t kanji_load_kanji_08e93
00120d38 00000040 t kanji_load_kanji_08e91
00120d78 00000040 t kanji_load_kanji_08e8d
00120db8 00000040 t kanji_load_kanji_08e8b
00120df8 00000040 t kanji_load_kanji_08e8a
00120e38 00000040 t kanji_load_kanji_08e87
00120e78 00000040 t kanji_load_kanji_08e85
00120eb8 00000040 t kanji_load_kanji_08e84
00120ef8 00000040 t kanji_load_kanji_08e81
00120f38 00000040 t kanji_load_kanji_08e7c
00120f78 00000040 t kanji_load_kanji_08e76
00120fb8 00000040 t kanji_load_kanji_08e74
00120ff8 00000040 t kanji_load_kanji_08e72
00121038 00000040 t kanji_load_kanji_08e64
00121078 00000040 t kanji_load_kanji_08e63
001210b8 00000040 t kanji_load_kanji_08e60
001210f8 00000040 t kanji_load_kanji_08e5f
00121138 00000040 t kanji_load_kanji_08e59
00121178 00000040 t kanji_load_kanji_08e50
001211b8 00000040 t kanji_load_kanji_08e4c
001211f8 00000040 t kanji_load_kanji_08e4a
00121238 00000040 t kanji_load_kanji_08e49
00121278 00000040 t kanji_load_kanji_08e48
001212b8 00000040 t kanji_load_kanji_08e47
001212f8 00000040 t kanji_load_kanji_08e44
00121338 00000040 t kanji_load_kanji_08e42
00121378 00000040 t kanji_load_kanji_08e35
001213b8 00000040 t kanji_load_kanji_08e34
001213f8 00000040 t kanji_load_kanji_08e30
00121438 00000040 t kanji_load_kanji_08e2a
00121478 00000040 t kanji_load_kanji_08e1f
001214b8 00000040 t kanji_load_kanji_08e1e
001214f8 00000040 t kanji_load_kanji_08e1d
00121538 00000040 t kanji_load_kanji_08e10
00121578 00000040 t kanji_load_kanji_08e0f
001215b8 00000040 t kanji_load_kanji_08e0a
001215f8 00000040 t kanji_load_kanji_08e09
00121638 00000040 t kanji_load_kanji_08dff
00121678 00000040 t kanji_load_kanji_08dfc
001216b8 00000040 t kanji_load_kanji_08df5
001216f8 00000040 t kanji_load_kanji_08df3
00121738 00000040 t kanji_load_kanji_08def
00121778 00000040 t kanji_load_kanji_08dea
001217b8 00000040 t kanji_load_kanji_08de8
001217f8 00000040 t kanji_load_kanji_08de3
00121838 00000040 t kanji_load_kanji_08de1
00121878 00000040 t kanji_load_kanji_08ddf
001218b8 00000040 t kanji_load_kanji_08ddd
001218f8 00000040 t kanji_load_kanji_08ddb
00121938 00000040 t kanji_load_kanji_08dda
00121978 00000040 t kanji_load_kanji_08dd6
001219b8 00000040 t kanji_load_kanji_08dcf
001219f8 00000040 t kanji_load_kanji_08dcc
00121a38 00000040 t kanji_load_kanji_08dcb
00121a78 00000040 t kanji_load_kanji_08dc2
00121ab8 00000040 t kanji_load_kanji_08dbe
00121af8 00000040 t kanji_load_kanji_08dba
00121b38 00000044 t kanji_load_kanji_08db3
00121b7c 00000040 t kanji_load_kanji_08da8
00121bbc 00000040 t kanji_load_kanji_08da3
00121bfc 00000040 t kanji_load_kanji_08d99
00121c3c 00000040 t kanji_load_kanji_08d8a
00121c7c 00000040 t kanji_load_kanji_08d85
00121cbc 00000040 t kanji_load_kanji_08d81
00121cfc 00000040 t kanji_load_kanji_08d77
00121d3c 00000040 t kanji_load_kanji_08d74
00121d7c 00000040 t kanji_load_kanji_08d73
00121dbc 00000044 t kanji_load_kanji_08d70
00121e00 00000040 t kanji_load_kanji_08d6d
00121e40 00000040 t kanji_load_kanji_08d6b
00121e80 00000040 t kanji_load_kanji_08d67
00121ec0 00000040 t kanji_load_kanji_08d66
00121f00 00000044 t kanji_load_kanji_08d64
00121f44 00000040 t kanji_load_kanji_08d16
00121f84 00000040 t kanji_load_kanji_08d14
00121fc4 00000040 t kanji_load_kanji_08d13
00122004 00000040 t kanji_load_kanji_08d10
00122044 00000040 t kanji_load_kanji_08d0d
00122084 00000040 t kanji_load_kanji_08d0b
001220c4 00000040 t kanji_load_kanji_08d0a
00122104 00000040 t kanji_load_kanji_08d08
00122144 00000040 t kanji_load_kanji_08d07
00122184 00000040 t kanji_load_kanji_08d05
001221c4 00000040 t kanji_load_kanji_08d04
00122204 00000040 t kanji_load_kanji_08cfd
00122244 00000040 t kanji_load_kanji_08cfc
00122284 00000040 t kanji_load_kanji_08cfb
001222c4 00000040 t kanji_load_kanji_08cfa
00122304 00000040 t kanji_load_kanji_08ced
00122344 00000040 t kanji_load_kanji_08cea
00122384 00000040 t kanji_load_kanji_08ce6
001223c4 00000040 t kanji_load_kanji_08ce4
00122404 00000040 t kanji_load_kanji_08ce3
00122444 00000040 t kanji_load_kanji_08ce2
00122484 00000040 t kanji_load_kanji_08ce0
001224c4 00000040 t kanji_load_kanji_08cde
00122504 00000040 t kanji_load_kanji_08cdc
00122544 00000040 t kanji_load_kanji_08cdb
00122584 00000040 t kanji_load_kanji_08cda
001225c4 00000040 t kanji_load_kanji_08cd3
00122604 00000040 t kanji_load_kanji_08cd1
00122644 00000040 t kanji_load_kanji_08cca
00122684 00000040 t kanji_load_kanji_08cc8
001226c4 00000040 t kanji_load_kanji_08cc7
00122704 00000040 t kanji_load_kanji_08cc4
00122744 00000040 t kanji_load_kanji_08cc3
00122784 00000040 t kanji_load_kanji_08cc2
001227c4 00000040 t kanji_load_kanji_08cc0
00122804 00000040 t kanji_load_kanji_08cbf
00122844 00000040 t kanji_load_kanji_08cbd
00122884 00000040 t kanji_load_kanji_08cbc
001228c4 00000040 t kanji_load_kanji_08cbb
00122904 00000040 t kanji_load_kanji_08cb8
00122944 00000040 t kanji_load_kanji_08cb7
00122984 00000040 t kanji_load_kanji_08cb6
001229c4 00000040 t kanji_load_kanji_08cb4
00122a04 00000040 t kanji_load_kanji_08cb3
00122a44 00000040 t kanji_load_kanji_08cb2
00122a84 00000040 t kanji_load_kanji_08cb0
00122ac4 00000040 t kanji_load_kanji_08caf
00122b04 00000040 t kanji_load_kanji_08cac
00122b44 00000040 t kanji_load_kanji_08cab
00122b84 00000040 t kanji_load_kanji_08caa
00122bc4 00000040 t kanji_load_kanji_08ca9
00122c04 00000040 t kanji_load_kanji_08ca8
00122c44 00000040 t kanji_load_kanji_08ca7
00122c84 00000040 t kanji_load_kanji_08ca2
00122cc4 00000040 t kanji_load_kanji_08ca1
00122d04 00000040 t kanji_load_kanji_08ca0
00122d44 00000040 t kanji_load_kanji_08c9e
00122d84 00000044 t kanji_load_kanji_08c9d
00122dc8 00000040 t kanji_load_kanji_08c98
00122e08 00000040 t kanji_load_kanji_08c8e
00122e48 00000040 t kanji_load_kanji_08c8c
00122e88 00000040 t kanji_load_kanji_08c8a
00122ec8 00000040 t kanji_load_kanji_08c89
00122f08 00000040 t kanji_load_kanji_08c82
00122f48 00000040 t kanji_load_kanji_08c7a
00122f88 00000040 t kanji_load_kanji_08c79
00122fc8 00000040 t kanji_load_kanji_08c6b
00123008 00000040 t kanji_load_kanji_08c6a
00123048 00000040 t kanji_load_kanji_08c62
00123088 00000040 t kanji_load_kanji_08c61
001230c8 00000040 t kanji_load_kanji_08c5a
00123108 00000044 t kanji_load_kanji_08c55
0012314c 00000040 t kanji_load_kanji_08c50
0012318c 00000040 t kanji_load_kanji_08c4c
001231cc 00000040 t kanji_load_kanji_08c4a
0012320c 00000040 t kanji_load_kanji_08c48
0012324c 00000044 t kanji_load_kanji_08c46
00123290 00000040 t kanji_load_kanji_08c3f
001232d0 00000044 t kanji_load_kanji_08c37
00123314 00000040 t kanji_load_kanji_08b99
00123354 00000040 t kanji_load_kanji_08b96
00123394 00000040 t kanji_load_kanji_08b93
001233d4 00000040 t kanji_load_kanji_08b92
00123414 00000040 t kanji_load_kanji_08b90
00123454 00000040 t kanji_load_kanji_08b8c
00123494 00000040 t kanji_load_kanji_08b8a
001234d4 00000040 t kanji_load_kanji_08b83
00123514 00000040 t kanji_load_kanji_08b80
00123554 00000040 t kanji_load_kanji_08b7d
00123594 00000040 t kanji_load_kanji_08b77
001235d4 00000040 t kanji_load_kanji_08b74
00123614 00000040 t kanji_load_kanji_08b72
00123654 00000040 t kanji_load_kanji_08b70
00123694 00000040 t kanji_load_kanji_08b6f
001236d4 00000040 t kanji_load_kanji_08b6c
00123714 00000040 t kanji_load_kanji_08b6b
00123754 00000040 t kanji_load_kanji_08b66
00123794 00000040 t kanji_load_kanji_08b5f
001237d4 00000040 t kanji_load_kanji_08b5c
00123814 00000040 t kanji_load_kanji_08b5a
00123854 00000040 t kanji_load_kanji_08b58
00123894 00000040 t kanji_load_kanji_08b56
001238d4 00000040 t kanji_load_kanji_08b4f
00123914 00000040 t kanji_load_kanji_08b4e
00123954 00000040 t kanji_load_kanji_08b4c
00123994 00000040 t kanji_load_kanji_08b49
001239d4 00000040 t kanji_load_kanji_08b3e
00123a14 00000040 t kanji_load_kanji_08b39
00123a54 00000040 t kanji_load_kanji_08b33
00123a94 00000040 t kanji_load_kanji_08b2c
00123ad4 00000040 t kanji_load_kanji_08b2b
00123b14 00000040 t kanji_load_kanji_08b28
00123b54 00000040 t kanji_load_kanji_08b26
00123b94 00000040 t kanji_load_kanji_08b21
00123bd4 00000040 t kanji_load_kanji_08b20
00123c14 00000040 t kanji_load_kanji_08b1d
00123c54 00000040 t kanji_load_kanji_08b1b
00123c94 00000040 t kanji_load_kanji_08b19
00123cd4 00000040 t kanji_load_kanji_08b17
00123d14 00000040 t kanji_load_kanji_08b16
00123d54 00000040 t kanji_load_kanji_08b14
00123d94 00000040 t kanji_load_kanji_08b10
00123dd4 00000040 t kanji_load_kanji_08b0e
00123e14 00000040 t kanji_load_kanji_08b07
00123e54 00000040 t kanji_load_kanji_08b04
00123e94 00000040 t kanji_load_kanji_08b02
00123ed4 00000040 t kanji_load_kanji_08b01
00123f14 00000040 t kanji_load_kanji_08b00
00123f54 00000040 t kanji_load_kanji_08afe
00123f94 00000040 t kanji_load_kanji_08afa
00123fd4 00000040 t kanji_load_kanji_08af8
00124014 00000040 t kanji_load_kanji_08af7
00124054 00000040 t kanji_load_kanji_08af3
00124094 00000040 t kanji_load_kanji_08af1
001240d4 00000040 t kanji_load_kanji_08aee
00124114 00000040 t kanji_load_kanji_08aed
00124154 00000040 t kanji_load_kanji_08aeb
00124194 00000040 t kanji_load_kanji_08ae7
001241d4 00000040 t kanji_load_kanji_08ae6
00124214 00000040 t kanji_load_kanji_08ae4
00124254 00000040 t kanji_load_kanji_08ae2
00124294 00000040 t kanji_load_kanji_08ae1
001242d4 00000040 t kanji_load_kanji_08ae0
00124314 00000040 t kanji_load_kanji_08adc
00124354 00000040 t kanji_load_kanji_08ada
00124394 00000040 t kanji_load_kanji_08ad6
001243d4 00000040 t kanji_load_kanji_08ad2
00124414 00000040 t kanji_load_kanji_08acf
00124454 00000040 t kanji_load_kanji_08acd
00124494 00000040 t kanji_load_kanji_08acb
001244d4 00000040 t kanji_load_kanji_08ac7
00124514 00000040 t kanji_load_kanji_08ac4
00124554 00000040 t kanji_load_kanji_08ac2
00124594 00000040 t kanji_load_kanji_08abf
001245d4 00000040 t kanji_load_kanji_08abc
00124614 00000040 t kanji_load_kanji_08ab9
00124654 00000040 t kanji_load_kanji_08ab2
00124694 00000040 t kanji_load_kanji_08ab0
001246d4 00000040 t kanji_load_kanji_08aad
00124714 00000040 t kanji_load_kanji_08aac
00124754 00000040 t kanji_load_kanji_08aa8
00124794 00000040 t kanji_load_kanji_08aa6
001247d4 00000040 t kanji_load_kanji_08aa5
00124814 00000040 t kanji_load_kanji_08aa4
00124854 00000040 t kanji_load_kanji_08aa3
00124894 00000040 t kanji_load_kanji_08aa1
001248d4 00000040 t kanji_load_kanji_08aa0
00124914 00000040 t kanji_load_kanji_08a9e
00124954 00000040 t kanji_load_kanji_08a9a
00124994 00000040 t kanji_load_kanji_08a98
001249d4 00000040 t kanji_load_kanji_08a95
00124a14 00000040 t kanji_load_kanji_08a93
00124a54 00000040 t kanji_load_kanji_08a91
00124a94 00000040 t kanji_load_kanji_08a8d
00124ad4 00000040 t kanji_load_kanji_08a8c
00124b14 00000040 t kanji_load_kanji_08a89
00124b54 00000040 t kanji_load_kanji_08a87
00124b94 00000040 t kanji_load_kanji_08a85
00124bd4 00000040 t kanji_load_kanji_08a84
00124c14 00000040 t kanji_load_kanji_08a82
00124c54 00000040 t kanji_load_kanji_08a7c
00124c94 00000040 t kanji_load_kanji_08a73
00124cd4 00000040 t kanji_load_kanji_08a72
00124d14 00000040 t kanji_load_kanji_08a71
00124d54 00000040 t kanji_load_kanji_08a70
00124d94 00000040 t kanji_load_kanji_08a6e
00124dd4 00000040 t kanji_load_kanji_08a6d
00124e14 00000040 t kanji_load_kanji_08a6c
00124e54 00000040 t kanji_load_kanji_08a6b
00124e94 00000040 t kanji_load_kanji_08a69
00124ed4 00000040 t kanji_load_kanji_08a66
00124f14 00000040 t kanji_load_kanji_08a63
00124f54 00000040 t kanji_load_kanji_08a62
00124f94 00000040 t kanji_load_kanji_08a60
00124fd4 00000040 t kanji_load_kanji_08a5e
00125014 00000040 t kanji_load_kanji_08a5b
00125054 00000040 t kanji_load_kanji_08a55
00125094 00000040 t kanji_load_kanji_08a54
001250d4 00000040 t kanji_load_kanji_08a52
00125114 00000040 t kanji_load_kanji_08a51
00125154 00000040 t kanji_load_kanji_08a50
00125194 00000040 t kanji_load_kanji_08a48
001251d4 00000040 t kanji_load_kanji_08a46
00125214 00000040 t kanji_load_kanji_08a41
00125254 00000040 t kanji_load_kanji_08a3c
00125294 00000040 t kanji_load_kanji_08a3b
001252d4 00000040 t kanji_load_kanji_08a3a
00125314 00000040 t kanji_load_kanji_08a36
00125354 00000040 t kanji_load_kanji_08a34
00125394 00000040 t kanji_load_kanji_08a33
001253d4 00000040 t kanji_load_kanji_08a31
00125414 00000040 t kanji_load_kanji_08a2d
00125454 00000040 t kanji_load_kanji_08a2a
00125494 00000040 t kanji_load_kanji_08a25
001254d4 00000040 t kanji_load_kanji_08a23
00125514 00000040 t kanji_load_kanji_08a1f
00125554 00000040 t kanji_load_kanji_08a1d
00125594 00000040 t kanji_load_kanji_08a1b
001255d4 00000040 t kanji_load_kanji_08a18
00125614 00000040 t kanji_load_kanji_08a17
00125654 00000040 t kanji_load_kanji_08a16
00125694 00000040 t kanji_load_kanji_08a13
001256d4 00000040 t kanji_load_kanji_08a10
00125714 00000040 t kanji_load_kanji_08a0e
00125754 00000040 t kanji_load_kanji_08a0c
00125794 00000040 t kanji_load_kanji_08a0a
001257d4 00000040 t kanji_load_kanji_08a08
00125814 00000040 t kanji_load_kanji_08a03
00125854 00000040 t kanji_load_kanji_08a02
00125894 00000044 t kanji_load_kanji_08a00
001258d8 00000040 t kanji_load_kanji_089f8
00125918 00000040 t kanji_load_kanji_089f4
00125958 00000040 t kanji_load_kanji_089e6
00125998 00000040 t kanji_load_kanji_089e3
001259d8 00000040 t kanji_load_kanji_089dd
00125a18 00000040 t kanji_load_kanji_089dc
00125a58 00000044 t kanji_load_kanji_089d2
00125a9c 00000040 t kanji_load_kanji_089c0
00125adc 00000040 t kanji_load_kanji_089bf
00125b1c 00000040 t kanji_load_kanji_089bd
00125b5c 00000040 t kanji_load_kanji_089ba
00125b9c 00000040 t kanji_load_kanji_089b3
00125bdc 00000040 t kanji_load_kanji_089b2
00125c1c 00000040 t kanji_load_kanji_089ac
00125c5c 00000040 t kanji_load_kanji_089aa
00125c9c 00000040 t kanji_load_kanji_089a9
00125cdc 00000040 t kanji_load_kanji_089a7
00125d1c 00000040 t kanji_load_kanji_089a6
00125d5c 00000040 t kanji_load_kanji_089a1
00125d9c 00000040 t kanji_load_kanji_0899a
00125ddc 00000040 t kanji_load_kanji_08998
00125e1c 00000040 t kanji_load_kanji_08997
00125e5c 00000040 t kanji_load_kanji_08996
00125e9c 00000040 t kanji_load_kanji_08993
00125edc 00000040 t kanji_load_kanji_0898f
00125f1c 00000044 t kanji_load_kanji_0898b
00125f60 00000040 t kanji_load_kanji_08988
00125fa0 00000040 t kanji_load_kanji_08987
00125fe0 00000040 t kanji_load_kanji_08986
00126020 00000040 t kanji_load_kanji_08983
00126060 00000040 t kanji_load_kanji_08981
001260a0 00000044 t kanji_load_kanji_0897f
001260e4 00000040 t kanji_load_kanji_08977
00126124 00000040 t kanji_load_kanji_08974
00126164 00000040 t kanji_load_kanji_08972
001261a4 00000040 t kanji_load_kanji_0896f
001261e4 00000040 t kanji_load_kanji_0896d
00126224 00000040 t kanji_load_kanji_08966
00126264 00000040 t kanji_load_kanji_08964
001262a4 00000040 t kanji_load_kanji_08960
001262e4 00000040 t kanji_load_kanji_0895f
00126324 00000040 t kanji_load_kanji_0895e
00126364 00000040 t kanji_load_kanji_08956
001263a4 00000040 t kanji_load_kanji_0894c
001263e4 00000040 t kanji_load_kanji_08944
00126424 00000040 t kanji_load_kanji_08943
00126464 00000040 t kanji_load_kanji_08941
001264a4 00000040 t kanji_load_kanji_0893b
001264e4 00000040 t kanji_load_kanji_08938
00126524 00000040 t kanji_load_kanji_08936
00126564 00000040 t kanji_load_kanji_0892b
001265a4 00000040 t kanji_load_kanji_0892a
001265e4 00000040 t kanji_load_kanji_08925
00126624 00000040 t kanji_load_kanji_0891e
00126664 00000040 t kanji_load_kanji_08913
001266a4 00000040 t kanji_load_kanji_08912
001266e4 00000040 t kanji_load_kanji_08910
00126724 00000040 t kanji_load_kanji_0890c
00126764 00000040 t kanji_load_kanji_08907
001267a4 00000040 t kanji_load_kanji_08904
001267e4 00000040 t kanji_load_kanji_08902
00126824 00000040 t kanji_load_kanji_088fe
00126864 00000040 t kanji_load_kanji_088fd
001268a4 00000040 t kanji_load_kanji_088fc
001268e4 00000040 t kanji_load_kanji_088f9
00126924 00000040 t kanji_load_kanji_088f8
00126964 00000040 t kanji_load_kanji_088f4
001269a4 00000040 t kanji_load_kanji_088f3
001269e4 00000040 t kanji_load_kanji_088f2
00126a24 00000040 t kanji_load_kanji_088e8
00126a64 00000040 t kanji_load_kanji_088e1
00126aa4 00000040 t kanji_load_kanji_088df
00126ae4 00000040 t kanji_load_kanji_088dd
00126b24 00000040 t kanji_load_kanji_088dc
00126b64 00000040 t kanji_load_kanji_088d9
00126ba4 00000040 t kanji_load_kanji_088d8
00126be4 00000040 t kanji_load_kanji_088d5
00126c24 00000040 t kanji_load_kanji_088d4
00126c64 00000040 t kanji_load_kanji_088cf
00126ca4 00000040 t kanji_load_kanji_088c5
00126ce4 00000040 t kanji_load_kanji_088c4
00126d24 00000040 t kanji_load_kanji_088c3
00126d64 00000040 t kanji_load_kanji_088c2
00126da4 00000040 t kanji_load_kanji_088c1
00126de4 00000040 t kanji_load_kanji_088bf
00126e24 00000040 t kanji_load_kanji_088b7
00126e64 00000040 t kanji_load_kanji_088b5
00126ea4 00000040 t kanji_load_kanji_088b4
00126ee4 00000040 t kanji_load_kanji_088b1
00126f24 00000040 t kanji_load_kanji_088b0
00126f64 00000040 t kanji_load_kanji_088ab
00126fa4 00000040 t kanji_load_kanji_088a4
00126fe4 00000040 t kanji_load_kanji_088a2
00127024 00000040 t kanji_load_kanji_08899
00127064 00000040 t kanji_load_kanji_08897
001270a4 00000040 t kanji_load_kanji_08896
001270e4 00000040 t kanji_load_kanji_08892
00127124 00000040 t kanji_load_kanji_0888d
00127164 00000040 t kanji_load_kanji_0888b
001271a4 00000040 t kanji_load_kanji_08888
001271e4 00000040 t kanji_load_kanji_08882
00127224 00000040 t kanji_load_kanji_0887f
00127264 00000040 t kanji_load_kanji_0887e
001272a4 00000040 t kanji_load_kanji_08877
001272e4 00000040 t kanji_load_kanji_08875
00127324 00000040 t kanji_load_kanji_08872
00127364 00000040 t kanji_load_kanji_08870
001273a4 00000044 t kanji_load_kanji_0886b
001273e8 00000044 t kanji_load_kanji_08868
0012742c 00000044 t kanji_load_kanji_08863
00127470 00000040 t kanji_load_kanji_08862
001274b0 00000040 t kanji_load_kanji_08861
001274f0 00000040 t kanji_load_kanji_0885e
00127530 00000040 t kanji_load_kanji_0885d
00127570 00000040 t kanji_load_kanji_0885b
001275b0 00000040 t kanji_load_kanji_08859
001275f0 00000040 t kanji_load_kanji_08857
00127630 00000040 t kanji_load_kanji_08853
00127670 00000040 t kanji_load_kanji_08852
001276b0 00000040 t kanji_load_kanji_0884d
001276f0 00000044 t kanji_load_kanji_0884c
00127734 00000040 t kanji_load_kanji_08846
00127774 00000040 t kanji_load_kanji_08844
001277b4 00000044 t kanji_load_kanji_08840
001277f8 00000040 t kanji_load_kanji_0883b
00127838 00000040 t kanji_load_kanji_08839
00127878 00000040 t kanji_load_kanji_08836
001278b8 00000040 t kanji_load_kanji_08831
001278f8 00000040 t kanji_load_kanji_08823
00127938 00000040 t kanji_load_kanji_08822
00127978 00000040 t kanji_load_kanji_08821
001279b8 00000040 t kanji_load_kanji_08816
001279f8 00000040 t kanji_load_kanji_08815
00127a38 00000040 t kanji_load_kanji_08811
00127a78 00000040 t kanji_load_kanji_0880d
00127ab8 00000040 t kanji_load_kanji_08805
00127af8 00000040 t kanji_load_kanji_087fe
00127b38 00000040 t kanji_load_kanji_087fb
00127b78 00000040 t kanji_load_kanji_087f9
00127bb8 00000040 t kanji_load_kanji_087f7
00127bf8 00000040 t kanji_load_kanji_087f6
00127c38 00000040 t kanji_load_kanji_087f2
00127c78 00000040 t kanji_load_kanji_087ef
00127cb8 00000040 t kanji_load_kanji_087ec
00127cf8 00000040 t kanji_load_kanji_087e0
00127d38 00000040 t kanji_load_kanji_087cb
00127d78 00000040 t kanji_load_kanji_087c7
00127db8 00000040 t kanji_load_kanji_087c4
00127df8 00000040 t kanji_load_kanji_087c0
00127e38 00000040 t kanji_load_kanji_087bb
00127e78 00000040 t kanji_load_kanji_087ba
00127eb8 00000040 t kanji_load_kanji_087b3
00127ef8 00000040 t kanji_load_kanji_087af
00127f38 00000040 t kanji_load_kanji_087ab
00127f78 00000040 t kanji_load_kanji_087a2
00127fb8 00000040 t kanji_load_kanji_0879f
00127ff8 00000040 t kanji_load_kanji_0878d
00128038 00000040 t kanji_load_kanji_08782
00128078 00000040 t kanji_load_kanji_08778
001280b8 00000040 t kanji_load_kanji_08776
001280f8 00000040 t kanji_load_kanji_08774
00128138 00000040 t kanji_load_kanji_0876e
00128178 00000040 t kanji_load_kanji_08768
001281b8 00000040 t kanji_load_kanji_08766
001281f8 00000040 t kanji_load_kanji_08763
00128238 00000040 t kanji_load_kanji_08760
00128278 00000040 t kanji_load_kanji_0875f
001282b8 00000040 t kanji_load_kanji_08757
001282f8 00000040 t kanji_load_kanji_08755
00128338 00000040 t kanji_load_kanji_08753
00128378 00000040 t kanji_load_kanji_0874e
001283b8 00000040 t kanji_load_kanji_0874c
001283f8 00000040 t kanji_load_kanji_0873f
00128438 00000040 t kanji_load_kanji_0873b
00128478 00000040 t kanji_load_kanji_08737
001284b8 00000040 t kanji_load_kanji_08734
001284f8 00000040 t kanji_load_kanji_08729
00128538 00000040 t kanji_load_kanji_08725
00128578 00000040 t kanji_load_kanji_0871c
001285b8 00000040 t kanji_load_kanji_0871a
001285f8 00000040 t kanji_load_kanji_08718
00128638 00000040 t kanji_load_kanji_08712
00128678 00000040 t kanji_load_kanji_08711
001286b8 00000040 t kanji_load_kanji_0870d
001286f8 00000040 t kanji_load_kanji_0870a
00128738 00000040 t kanji_load_kanji_08709
00128778 00000040 t kanji_load_kanji_08708
001287b8 00000040 t kanji_load_kanji_08706
001287f8 00000040 t kanji_load_kanji_08703
00128838 00000040 t kanji_load_kanji_08702
00128878 00000040 t kanji_load_kanji_08700
001288b8 00000040 t kanji_load_kanji_086fe
001288f8 00000040 t kanji_load_kanji_086fb
00128938 00000040 t kanji_load_kanji_086f9
00128978 00000040 t kanji_load_kanji_086f8
001289b8 00000040 t kanji_load_kanji_086ef
001289f8 00000040 t kanji_load_kanji_086ee
00128a38 00000040 t kanji_load_kanji_086ed
00128a78 00000040 t kanji_load_kanji_086ec
00128ab8 00000040 t kanji_load_kanji_086e4
00128af8 00000040 t kanji_load_kanji_086df
00128b38 00000040 t kanji_load_kanji_086de
00128b78 00000040 t kanji_load_kanji_086db
00128bb8 00000040 t kanji_load_kanji_086d9
00128bf8 00000040 t kanji_load_kanji_086d4
00128c38 00000040 t kanji_load_kanji_086cd
00128c78 00000040 t kanji_load_kanji_086cb
00128cb8 00000040 t kanji_load_kanji_086c9
00128cf8 00000040 t kanji_load_kanji_086c7
00128d38 00000040 t kanji_load_kanji_086c6
00128d78 00000040 t kanji_load_kanji_086c4
00128db8 00000040 t kanji_load_kanji_086b6
00128df8 00000040 t kanji_load_kanji_086b0
00128e38 00000040 t kanji_load_kanji_086af
00128e78 00000040 t kanji_load_kanji_086ab
00128eb8 00000040 t kanji_load_kanji_086aa
00128ef8 00000040 t kanji_load_kanji_086a9
00128f38 00000040 t kanji_load_kanji_086a4
00128f78 00000040 t kanji_load_kanji_086a3
00128fb8 00000040 t kanji_load_kanji_08695
00128ff8 00000040 t kanji_load_kanji_08693
00129038 00000040 t kanji_load_kanji_0868c
00129078 00000040 t kanji_load_kanji_0868a
001290b8 00000040 t kanji_load_kanji_0867b
001290f8 00000040 t kanji_load_kanji_08679
00129138 00000044 t kanji_load_kanji_0866b
0012917c 00000040 t kanji_load_kanji_08667
001291bc 00000040 t kanji_load_kanji_0865f
001291fc 00000040 t kanji_load_kanji_0865e
0012923c 00000040 t kanji_load_kanji_0865c
0012927c 00000040 t kanji_load_kanji_0865a
001292bc 00000040 t kanji_load_kanji_08655
001292fc 00000040 t kanji_load_kanji_08654
0012933c 00000040 t kanji_load_kanji_08650
0012937c 00000044 t kanji_load_kanji_0864e
001293c0 00000040 t kanji_load_kanji_0863f
00129400 00000040 t kanji_load_kanji_0862d
00129440 00000040 t kanji_load_kanji_08622
00129480 00000040 t kanji_load_kanji_0861a
001294c0 00000040 t kanji_load_kanji_0860b
00129500 00000040 t kanji_load_kanji_0860a
00129540 00000040 t kanji_load_kanji_08607
00129580 00000040 t kanji_load_kanji_08606
001295c0 00000040 t kanji_load_kanji_085fe
00129600 00000040 t kanji_load_kanji_085fb
00129640 00000040 t kanji_load_kanji_085fa
00129680 00000040 t kanji_load_kanji_085f9
001296c0 00000040 t kanji_load_kanji_085f7
00129700 00000040 t kanji_load_kanji_085ea
00129740 00000040 t kanji_load_kanji_085e9
00129780 00000040 t kanji_load_kanji_085e5
001297c0 00000040 t kanji_load_kanji_085e4
00129800 00000040 t kanji_load_kanji_085dd
00129840 00000040 t kanji_load_kanji_085dc
00129880 00000040 t kanji_load_kanji_085d5
001298c0 00000040 t kanji_load_kanji_085d0
00129900 00000040 t kanji_load_kanji_085cf
00129940 00000040 t kanji_load_kanji_085cd
00129980 00000040 t kanji_load_kanji_085c9
001299c0 00000040 t kanji_load_kanji_085c1
00129a00 00000040 t kanji_load_kanji_085ba
00129a40 00000040 t kanji_load_kanji_085b9
00129a80 00000040 t kanji_load_kanji_085af
00129ac0 00000040 t kanji_load_kanji_085ac
00129b00 00000040 t kanji_load_kanji_085ab
00129b40 00000040 t kanji_load_kanji_085aa
00129b80 00000040 t kanji_load_kanji_085a9
00129bc0 00000040 t kanji_load_kanji_085a8
00129c00 00000040 t kanji_load_kanji_085a6
00129c40 00000040 t kanji_load_kanji_085a4
00129c80 00000040 t kanji_load_kanji_0859c
00129cc0 00000040 t kanji_load_kanji_0859b
00129d00 00000040 t kanji_load_kanji_08599
00129d40 00000040 t kanji_load_kanji_08597
00129d80 00000040 t kanji_load_kanji_08594
00129dc0 00000040 t kanji_load_kanji_08591
00129e00 00000040 t kanji_load_kanji_08590
00129e40 00000040 t kanji_load_kanji_0858a
00129e80 00000040 t kanji_load_kanji_08588
00129ec0 00000040 t kanji_load_kanji_08587
00129f00 00000040 t kanji_load_kanji_08584
00129f40 00000040 t kanji_load_kanji_08580
00129f80 00000040 t kanji_load_kanji_0857e
00129fc0 00000040 t kanji_load_kanji_08577
0012a000 00000040 t kanji_load_kanji_0856d
0012a040 00000040 t kanji_load_kanji_0856a
0012a080 00000040 t kanji_load_kanji_08569
0012a0c0 00000040 t kanji_load_kanji_08568
0012a100 00000040 t kanji_load_kanji_08563
0012a140 00000040 t kanji_load_kanji_08558
0012a180 00000040 t kanji_load_kanji_08557
0012a1c0 00000040 t kanji_load_kanji_08555
0012a200 00000040 t kanji_load_kanji_0854e
0012a240 00000040 t kanji_load_kanji_0854a
0012a280 00000040 t kanji_load_kanji_08549
0012a2c0 00000040 t kanji_load_kanji_08543
0012a300 00000040 t kanji_load_kanji_08541
0012a340 00000040 t kanji_load_kanji_08540
0012a380 00000040 t kanji_load_kanji_0853d
0012a3c0 00000040 t kanji_load_kanji_08535
0012a400 00000040 t kanji_load_kanji_0852d
0012a440 00000040 t kanji_load_kanji_08526
0012a480 00000040 t kanji_load_kanji_08523
0012a4c0 00000040 t kanji_load_kanji_08521
0012a500 00000040 t kanji_load_kanji_0851f
0012a540 00000040 t kanji_load_kanji_0851a
0012a580 00000040 t kanji_load_kanji_08518
0012a5c0 00000040 t kanji_load_kanji_08517
0012a600 00000040 t kanji_load_kanji_08515
0012a640 00000040 t kanji_load_kanji_08514
0012a680 00000040 t kanji_load_kanji_08513
0012a6c0 00000040 t kanji_load_kanji_08511
0012a700 00000040 t kanji_load_kanji_08500
0012a740 00000040 t kanji_load_kanji_084ff
0012a780 00000040 t kanji_load_kanji_084fc
0012a7c0 00000040 t kanji_load_kanji_084ee
0012a800 00000040 t kanji_load_kanji_084ec
0012a840 00000040 t kanji_load_kanji_084d9
0012a880 00000040 t kanji_load_kanji_084d6
0012a8c0 00000040 t kanji_load_kanji_084d1
0012a900 00000040 t kanji_load_kanji_084d0
0012a940 00000040 t kanji_load_kanji_084cd
0012a980 00000040 t kanji_load_kanji_084cb
0012a9c0 00000040 t kanji_load_kanji_084c9
0012aa00 00000040 t kanji_load_kanji_084c6
0012aa40 00000040 t kanji_load_kanji_084c4
0012aa80 00000040 t kanji_load_kanji_084c1
0012aac0 00000040 t kanji_load_kanji_084bf
0012ab00 00000040 t kanji_load_kanji_084bc
0012ab40 00000040 t kanji_load_kanji_084bb
0012ab80 00000040 t kanji_load_kanji_084b9
0012abc0 00000040 t kanji_load_kanji_084b8
0012ac00 00000040 t kanji_load_kanji_084b2
0012ac40 00000040 t kanji_load_kanji_084a1
0012ac80 00000040 t kanji_load_kanji_0849f
0012acc0 00000040 t kanji_load_kanji_0849c
0012ad00 00000040 t kanji_load_kanji_08499
0012ad40 00000040 t kanji_load_kanji_08494
0012ad80 00000040 t kanji_load_kanji_08490
0012adc0 00000040 t kanji_load_kanji_0847a
0012ae00 00000040 t kanji_load_kanji_08477
0012ae40 00000040 t kanji_load_kanji_08475
0012ae80 00000040 t kanji_load_kanji_08471
0012aec0 00000040 t kanji_load_kanji_0846d
0012af00 00000040 t kanji_load_kanji_0846c
0012af40 00000040 t kanji_load_kanji_08469
0012af80 00000040 t kanji_load_kanji_08466
0012afc0 00000040 t kanji_load_kanji_08463
0012b000 00000040 t kanji_load_kanji_08461
0012b040 00000040 t kanji_load_kanji_0845b
0012b080 00000040 t kanji_load_kanji_08457
0012b0c0 00000040 t kanji_load_kanji_0844e
0012b100 00000040 t kanji_load_kanji_08449
0012b140 00000040 t kanji_load_kanji_08446
0012b180 00000040 t kanji_load_kanji_0843d
0012b1c0 00000040 t kanji_load_kanji_0843c
0012b200 00000040 t kanji_load_kanji_08438
0012b240 00000040 t kanji_load_kanji_08435
0012b280 00000040 t kanji_load_kanji_08431
0012b2c0 00000040 t kanji_load_kanji_0842c
0012b300 00000040 t kanji_load_kanji_08429
0012b340 00000040 t kanji_load_kanji_0840e
0012b380 00000040 t kanji_load_kanji_0840d
0012b3c0 00000040 t kanji_load_kanji_0840c
0012b400 00000040 t kanji_load_kanji_0840a
0012b440 00000040 t kanji_load_kanji_08404
0012b480 00000040 t kanji_load_kanji_08403
0012b4c0 00000040 t kanji_load_kanji_083fd
0012b500 00000040 t kanji_load_kanji_083f4
0012b540 00000040 t kanji_load_kanji_083f2
0012b580 00000040 t kanji_load_kanji_083f1
0012b5c0 00000040 t kanji_load_kanji_083f0
0012b600 00000040 t kanji_load_kanji_083ef
0012b640 00000040 t kanji_load_kanji_083eb
0012b680 00000040 t kanji_load_kanji_083e9
0012b6c0 00000040 t kanji_load_kanji_083e0
0012b700 00000040 t kanji_load_kanji_083dc
0012b740 00000040 t kanji_load_kanji_083d8
0012b780 00000040 t kanji_load_kanji_083d6
0012b7c0 00000040 t kanji_load_kanji_083d3
0012b800 00000040 t kanji_load_kanji_083ce
0012b840 00000040 t kanji_load_kanji_083cc
0012b880 00000040 t kanji_load_kanji_083ca
0012b8c0 00000040 t kanji_load_kanji_083c5
0012b900 00000040 t kanji_load_kanji_083c1
0012b940 00000040 t kanji_load_kanji_083ab
0012b980 00000040 t kanji_load_kanji_083aa
0012b9c0 00000040 t kanji_load_kanji_083a8
0012ba00 00000040 t kanji_load_kanji_083a2
0012ba40 00000040 t kanji_load_kanji_083a0
0012ba80 00000040 t kanji_load_kanji_0839f
0012bac0 00000040 t kanji_load_kanji_0839e
0012bb00 00000040 t kanji_load_kanji_0839a
0012bb40 00000040 t kanji_load_kanji_08396
0012bb80 00000040 t kanji_load_kanji_0838e
0012bbc0 00000040 t kanji_load_kanji_0838a
0012bc00 00000040 t kanji_load_kanji_08389
0012bc40 00000040 t kanji_load_kanji_08385
0012bc80 00000040 t kanji_load_kanji_0837c
0012bcc0 00000040 t kanji_load_kanji_0837b
0012bd00 00000040 t kanji_load_kanji_08377
0012bd40 00000040 t kanji_load_kanji_08373
0012bd80 00000040 t kanji_load_kanji_08358
0012bdc0 00000040 t kanji_load_kanji_08352
0012be00 00000040 t kanji_load_kanji_08350
0012be40 00000040 t kanji_load_kanji_0834f
0012be80 00000040 t kanji_load_kanji_0834a
0012bec0 00000040 t kanji_load_kanji_08349
0012bf00 00000040 t kanji_load_kanji_08345
0012bf40 00000040 t kanji_load_kanji_08340
0012bf80 00000040 t kanji_load_kanji_08339
0012bfc0 00000040 t kanji_load_kanji_08338
0012c000 00000040 t kanji_load_kanji_08336
0012c040 00000040 t kanji_load_kanji_08335
0012c080 00000040 t kanji_load_kanji_08334
0012c0c0 00000040 t kanji_load_kanji_08332
0012c100 00000040 t kanji_load_kanji_08331
0012c140 00000040 t kanji_load_kanji_0832f
0012c180 00000040 t kanji_load_kanji_0832b
0012c1c0 00000040 t kanji_load_kanji_08328
0012c200 00000040 t kanji_load_kanji_08323
0012c240 00000040 t kanji_load_kanji_0831c
0012c280 00000040 t kanji_load_kanji_08318
0012c2c0 00000040 t kanji_load_kanji_08317
0012c300 00000044 t kanji_load_kanji_0830e
0012c344 00000044 t kanji_load_kanji_08309
0012c388 00000044 t kanji_load_kanji_08306
0012c3cc 00000044 t kanji_load_kanji_08305
0012c410 00000044 t kanji_load_kanji_08304
0012c454 00000044 t kanji_load_kanji_08303
0012c498 00000044 t kanji_load_kanji_08302
0012c4dc 00000044 t kanji_load_kanji_082fb
0012c520 00000044 t kanji_load_kanji_082fa
0012c564 00000044 t kanji_load_kanji_082f9
0012c5a8 00000044 t kanji_load_kanji_082f4
0012c5ec 00000044 t kanji_load_kanji_082f3
0012c630 00000044 t kanji_load_kanji_082f1
0012c674 00000044 t kanji_load_kanji_082eb
0012c6b8 00000044 t kanji_load_kanji_082e7
0012c6fc 00000044 t kanji_load_kanji_082e6
0012c740 00000044 t kanji_load_kanji_082e5
0012c784 00000044 t kanji_load_kanji_082e1
0012c7c8 00000044 t kanji_load_kanji_082df
0012c80c 00000044 t kanji_load_kanji_082de
0012c850 00000044 t kanji_load_kanji_082dc
0012c894 00000044 t kanji_load_kanji_082db
0012c8d8 00000044 t kanji_load_kanji_082d9
0012c91c 00000044 t kanji_load_kanji_082d7
0012c960 00000044 t kanji_load_kanji_082d4
0012c9a4 00000044 t kanji_load_kanji_082d3
0012c9e8 00000044 t kanji_load_kanji_082d1
0012ca2c 00000044 t kanji_load_kanji_082c5
0012ca70 00000044 t kanji_load_kanji_082bd
0012cab4 00000040 t kanji_load_kanji_082bb
0012caf4 00000044 t kanji_load_kanji_082b9
0012cb38 00000044 t kanji_load_kanji_082b8
0012cb7c 00000044 t kanji_load_kanji_082b3
0012cbc0 00000044 t kanji_load_kanji_082b1
0012cc04 00000044 t kanji_load_kanji_082af
0012cc48 00000044 t kanji_load_kanji_082ad
0012cc8c 00000044 t kanji_load_kanji_082ac
0012ccd0 00000044 t kanji_load_kanji_082ab
0012cd14 00000044 t kanji_load_kanji_082a5
0012cd58 00000044 t kanji_load_kanji_0829f
0012cd9c 00000044 t kanji_load_kanji_0829d
0012cde0 00000044 t kanji_load_kanji_08299
0012ce24 00000044 t kanji_load_kanji_08292
0012ce68 00000044 t kanji_load_kanji_0828b
0012ceac 00000044 t kanji_load_kanji_0827e
0012cef0 00000044 t kanji_load_kanji_08278
0012cf34 00000040 t kanji_load_kanji_08277
0012cf74 00000040 t kanji_load_kanji_08276
0012cfb4 00000044 t kanji_load_kanji_08272
0012cff8 00000040 t kanji_load_kanji_08271
0012d038 00000044 t kanji_load_kanji_0826f
0012d07c 00000044 t kanji_load_kanji_0826e
0012d0c0 00000040 t kanji_load_kanji_0826b
0012d100 00000040 t kanji_load_kanji_0826a
0012d140 00000040 t kanji_load_kanji_08268
0012d180 00000040 t kanji_load_kanji_08266
0012d1c0 00000040 t kanji_load_kanji_08264
0012d200 00000040 t kanji_load_kanji_08262
0012d240 00000040 t kanji_load_kanji_0825f
0012d280 00000040 t kanji_load_kanji_0825d
0012d2c0 00000040 t kanji_load_kanji_0825a
0012d300 00000040 t kanji_load_kanji_08259
0012d340 00000040 t kanji_load_kanji_08258
0012d380 00000040 t kanji_load_kanji_08247
0012d3c0 00000040 t kanji_load_kanji_08240
0012d400 00000040 t kanji_load_kanji_08239
0012d440 00000040 t kanji_load_kanji_08238
0012d480 00000040 t kanji_load_kanji_08237
0012d4c0 00000040 t kanji_load_kanji_08236
0012d500 00000040 t kanji_load_kanji_08235
0012d540 00000040 t kanji_load_kanji_08233
0012d580 00000040 t kanji_load_kanji_0822c
0012d5c0 00000040 t kanji_load_kanji_0822b
0012d600 00000040 t kanji_load_kanji_0822a
0012d640 00000044 t kanji_load_kanji_0821f
0012d684 00000040 t kanji_load_kanji_0821e
0012d6c4 00000040 t kanji_load_kanji_0821c
0012d704 00000044 t kanji_load_kanji_0821b
0012d748 00000040 t kanji_load_kanji_08218
0012d788 00000040 t kanji_load_kanji_08217
0012d7c8 00000040 t kanji_load_kanji_08216
0012d808 00000040 t kanji_load_kanji_08212
0012d848 00000040 t kanji_load_kanji_08210
0012d888 00000044 t kanji_load_kanji_0820e
0012d8cc 00000044 t kanji_load_kanji_0820d
0012d910 00000044 t kanji_load_kanji_0820c
0012d954 00000040 t kanji_load_kanji_0820a
0012d994 00000040 t kanji_load_kanji_08208
0012d9d4 00000040 t kanji_load_kanji_08207
0012da14 00000040 t kanji_load_kanji_08205
0012da54 00000040 t kanji_load_kanji_08202
0012da94 00000040 t kanji_load_kanji_081fe
0012dad4 00000044 t kanji_load_kanji_081fc
0012db18 00000040 t kanji_load_kanji_081fb
0012db58 00000040 t kanji_load_kanji_081fa
0012db98 00000040 t kanji_load_kanji_081f4
0012dbd8 00000044 t kanji_load_kanji_081f3
0012dc1c 00000040 t kanji_load_kanji_081ed
0012dc5c 00000044 t kanji_load_kanji_081ea
0012dca0 00000040 t kanji_load_kanji_081e8
0012dce0 00000040 t kanji_load_kanji_081e7
0012dd20 00000040 t kanji_load_kanji_081e5
0012dd60 00000044 t kanji_load_kanji_081e3
0012dda4 00000040 t kanji_load_kanji_081e0
0012dde4 00000040 t kanji_load_kanji_081df
0012de24 00000040 t kanji_load_kanji_081da
0012de64 00000040 t kanji_load_kanji_081d9
0012dea4 00000040 t kanji_load_kanji_081d8
0012dee4 00000040 t kanji_load_kanji_081d3
0012df24 00000040 t kanji_load_kanji_081d1
0012df64 00000040 t kanji_load_kanji_081cd
0012dfa4 00000040 t kanji_load_kanji_081c9
0012dfe4 00000040 t kanji_load_kanji_081c6
0012e024 00000040 t kanji_load_kanji_081c2
0012e064 00000040 t kanji_load_kanji_081c0
0012e0a4 00000040 t kanji_load_kanji_081bf
0012e0e4 00000040 t kanji_load_kanji_081be
0012e124 00000040 t kanji_load_kanji_081bd
0012e164 00000040 t kanji_load_kanji_081ba
0012e1a4 00000040 t kanji_load_kanji_081b5
0012e1e4 00000040 t kanji_load_kanji_081b3
0012e224 00000040 t kanji_load_kanji_081b0
0012e264 00000040 t kanji_load_kanji_081a9
0012e2a4 00000040 t kanji_load_kanji_081a8
0012e2e4 00000040 t kanji_load_kanji_081a3
0012e324 00000040 t kanji_load_kanji_081a0
0012e364 00000040 t kanji_load_kanji_0819d
0012e3a4 00000040 t kanji_load_kanji_0819c
0012e3e4 00000040 t kanji_load_kanji_0819a
0012e424 00000040 t kanji_load_kanji_0818f
0012e464 00000040 t kanji_load_kanji_0818a
0012e4a4 00000040 t kanji_load_kanji_08188
0012e4e4 00000040 t kanji_load_kanji_08183
0012e524 00000040 t kanji_load_kanji_08182
0012e564 00000040 t kanji_load_kanji_08180
0012e5a4 00000040 t kanji_load_kanji_0817f
0012e5e4 00000040 t kanji_load_kanji_0817a
0012e624 00000040 t kanji_load_kanji_08179
0012e664 00000040 t kanji_load_kanji_08178
0012e6a4 00000040 t kanji_load_kanji_08174
0012e6e4 00000040 t kanji_load_kanji_08171
0012e724 00000040 t kanji_load_kanji_08170
0012e764 00000040 t kanji_load_kanji_0816e
0012e7a4 00000040 t kanji_load_kanji_0816b
0012e7e4 00000040 t kanji_load_kanji_08166
0012e824 00000040 t kanji_load_kanji_08165
0012e864 00000040 t kanji_load_kanji_08155
0012e8a4 00000040 t kanji_load_kanji_08154
0012e8e4 00000040 t kanji_load_kanji_08153
0012e924 00000040 t kanji_load_kanji_08151
0012e964 00000040 t kanji_load_kanji_08150
0012e9a4 00000040 t kanji_load_kanji_0814e
0012e9e4 00000040 t kanji_load_kanji_0814b
0012ea24 00000040 t kanji_load_kanji_08146
0012ea64 00000040 t kanji_load_kanji_0813e
0012eaa4 00000040 t kanji_load_kanji_08139
0012eae4 00000040 t kanji_load_kanji_08133
0012eb24 00000040 t kanji_load_kanji_08131
0012eb64 00000040 t kanji_load_kanji_0812f
0012eba4 00000040 t kanji_load_kanji_08129
0012ebe4 00000040 t kanji_load_kanji_08123
0012ec24 00000040 t kanji_load_kanji_0811b
0012ec64 00000040 t kanji_load_kanji_0811a
0012eca4 00000040 t kanji_load_kanji_0810a
0012ece4 00000040 t kanji_load_kanji_08108
0012ed24 00000040 t kanji_load_kanji_08107
0012ed64 00000040 t kanji_load_kanji_08106
0012eda4 00000040 t kanji_load_kanji_08105
0012ede4 00000040 t kanji_load_kanji_08102
0012ee24 00000040 t kanji_load_kanji_080fd
0012ee64 00000040 t kanji_load_kanji_080f8
0012eea4 00000040 t kanji_load_kanji_080f4
0012eee4 00000040 t kanji_load_kanji_080f1
0012ef24 00000040 t kanji_load_kanji_080ef
0012ef64 00000040 t kanji_load_kanji_080e5
0012efa4 00000040 t kanji_load_kanji_080e4
0012efe4 00000040 t kanji_load_kanji_080e1
0012f024 00000040 t kanji_load_kanji_080de
0012f064 00000040 t kanji_load_kanji_080dd
0012f0a4 00000040 t kanji_load_kanji_080db
0012f0e4 00000040 t kanji_load_kanji_080da
0012f124 00000040 t kanji_load_kanji_080d9
0012f164 00000040 t kanji_load_kanji_080d6
0012f1a4 00000040 t kanji_load_kanji_080ce
0012f1e4 00000040 t kanji_load_kanji_080cc
0012f224 00000040 t kanji_load_kanji_080c6
0012f264 00000040 t kanji_load_kanji_080c4
0012f2a4 00000040 t kanji_load_kanji_080c3
0012f2e4 00000040 t kanji_load_kanji_080ba
0012f324 00000044 t kanji_load_kanji_080b4
0012f368 00000044 t kanji_load_kanji_080b2
0012f3ac 00000044 t kanji_load_kanji_080b1
0012f3f0 00000044 t kanji_load_kanji_080af
0012f434 00000044 t kanji_load_kanji_080ad
0012f478 00000044 t kanji_load_kanji_080ac
0012f4bc 00000044 t kanji_load_kanji_080aa
0012f500 00000044 t kanji_load_kanji_080a9
0012f544 00000044 t kanji_load_kanji_080a5
0012f588 00000044 t kanji_load_kanji_080a2
0012f5cc 00000044 t kanji_load_kanji_080a1
0012f610 00000044 t kanji_load_kanji_0809d
0012f654 00000044 t kanji_load_kanji_0809b
0012f698 00000044 t kanji_load_kanji_0809a
0012f6dc 00000044 t kanji_load_kanji_08098
0012f720 00000044 t kanji_load_kanji_08096
0012f764 00000044 t kanji_load_kanji_0808c
0012f7a8 00000044 t kanji_load_kanji_0808b
0012f7ec 00000044 t kanji_load_kanji_08089
0012f830 00000040 t kanji_load_kanji_08087
0012f870 00000040 t kanji_load_kanji_08086
0012f8b0 00000040 t kanji_load_kanji_08085
0012f8f0 00000040 t kanji_load_kanji_08084
0012f930 00000044 t kanji_load_kanji_0807f
0012f974 00000040 t kanji_load_kanji_0807e
0012f9b4 00000040 t kanji_load_kanji_0807d
0012f9f4 00000040 t kanji_load_kanji_08077
0012fa34 00000040 t kanji_load_kanji_08076
0012fa74 00000040 t kanji_load_kanji_08074
0012fab4 00000040 t kanji_load_kanji_08073
0012faf4 00000040 t kanji_load_kanji_08072
0012fb34 00000040 t kanji_load_kanji_08070
0012fb74 00000040 t kanji_load_kanji_0806f
0012fbb4 00000040 t kanji_load_kanji_08062
0012fbf4 00000040 t kanji_load_kanji_08061
0012fc34 00000040 t kanji_load_kanji_0805e
0012fc74 00000040 t kanji_load_kanji_0805a
0012fcb4 00000040 t kanji_load_kanji_08058
0012fcf4 00000040 t kanji_load_kanji_08056
0012fd34 00000040 t kanji_load_kanji_08052
0012fd74 00000040 t kanji_load_kanji_0804a
0012fdb4 00000040 t kanji_load_kanji_08046
0012fdf4 00000040 t kanji_load_kanji_0803f
0012fe34 00000040 t kanji_load_kanji_0803d
0012fe74 00000040 t kanji_load_kanji_08036
0012feb4 00000044 t kanji_load_kanji_08033
0012fef8 00000040 t kanji_load_kanji_08028
0012ff38 00000040 t kanji_load_kanji_08021
0012ff78 00000040 t kanji_load_kanji_08019
0012ffb8 00000040 t kanji_load_kanji_08018
0012fff8 00000040 t kanji_load_kanji_08017
00130038 00000040 t kanji_load_kanji_08015
00130078 00000040 t kanji_load_kanji_08010
001300b8 00000044 t kanji_load_kanji_0800c
001300fc 00000040 t kanji_load_kanji_0800b
0013013c 00000040 t kanji_load_kanji_08006
0013017c 00000044 t kanji_load_kanji_08005
001301c0 00000040 t kanji_load_kanji_08004
00130200 00000044 t kanji_load_kanji_08003
00130244 00000044 t kanji_load_kanji_08001
00130288 00000040 t kanji_load_kanji_08000
001302c8 00000040 t kanji_load_kanji_07ffc
00130308 00000040 t kanji_load_kanji_07ffb
00130348 00000040 t kanji_load_kanji_07ff9
00130388 00000040 t kanji_load_kanji_07ff3
001303c8 00000040 t kanji_load_kanji_07ff0
00130408 00000040 t kanji_load_kanji_07feb
00130448 00000040 t kanji_load_kanji_07fe6
00130488 00000040 t kanji_load_kanji_07fe1
001304c8 00000040 t kanji_load_kanji_07fe0
00130508 00000040 t kanji_load_kanji_07fd5
00130548 00000040 t kanji_load_kanji_07fd4
00130588 00000040 t kanji_load_kanji_07fd2
001305c8 00000040 t kanji_load_kanji_07fcc
00130608 00000040 t kanji_load_kanji_07fca
00130648 00000040 t kanji_load_kanji_07fc5
00130688 00000040 t kanji_load_kanji_07fc1
001306c8 00000044 t kanji_load_kanji_07fbd
0013070c 00000040 t kanji_load_kanji_07fb9
0013074c 00000040 t kanji_load_kanji_07fb8
0013078c 00000040 t kanji_load_kanji_07fb6
001307cc 00000040 t kanji_load_kanji_07fb2
0013080c 00000040 t kanji_load_kanji_07faf
0013084c 00000040 t kanji_load_kanji_07fa9
0013088c 00000040 t kanji_load_kanji_07fa8
001308cc 00000040 t kanji_load_kanji_07fa4
0013090c 00000040 t kanji_load_kanji_07f9e
0013094c 00000040 t kanji_load_kanji_07f9d
0013098c 00000040 t kanji_load_kanji_07f9a
001309cc 00000040 t kanji_load_kanji_07f94
00130a0c 00000040 t kanji_load_kanji_07f8e
00130a4c 00000044 t kanji_load_kanji_07f8c
00130a90 00000044 t kanji_load_kanji_07f8a
00130ad4 00000040 t kanji_load_kanji_07f88
00130b14 00000040 t kanji_load_kanji_07f87
00130b54 00000040 t kanji_load_kanji_07f86
00130b94 00000040 t kanji_load_kanji_07f85
00130bd4 00000040 t kanji_load_kanji_07f83
00130c14 00000040 t kanji_load_kanji_07f82
00130c54 00000040 t kanji_load_kanji_07f79
00130c94 00000040 t kanji_load_kanji_07f77
00130cd4 00000040 t kanji_load_kanji_07f75
00130d14 00000040 t kanji_load_kanji_07f72
00130d54 00000040 t kanji_load_kanji_07f70
00130d94 00000040 t kanji_load_kanji_07f6e
00130dd4 00000040 t kanji_load_kanji_07f6b
00130e14 00000040 t kanji_load_kanji_07f6a
00130e54 00000040 t kanji_load_kanji_07f69
00130e94 00000040 t kanji_load_kanji_07f68
00130ed4 00000040 t kanji_load_kanji_07f67
00130f14 00000040 t kanji_load_kanji_07f60
00130f54 00000040 t kanji_load_kanji_07f5f
00130f94 00000040 t kanji_load_kanji_07f58
00130fd4 00000044 t kanji_load_kanji_07f55
00131018 00000044 t kanji_load_kanji_07f54
0013105c 00000040 t kanji_load_kanji_07f50
0013109c 00000040 t kanji_load_kanji_07f4e
001310dc 00000040 t kanji_load_kanji_07f4d
0013111c 00000040 t kanji_load_kanji_07f4c
0013115c 00000040 t kanji_load_kanji_07f45
0013119c 00000040 t kanji_load_kanji_07f3a
001311dc 00000040 t kanji_load_kanji_07f38
0013121c 00000044 t kanji_load_kanji_07f36
00131260 00000040 t kanji_load_kanji_07e9c
001312a0 00000040 t kanji_load_kanji_07e9b
001312e0 00000040 t kanji_load_kanji_07e96
00131320 00000040 t kanji_load_kanji_07e94
00131360 00000040 t kanji_load_kanji_07e93
001313a0 00000040 t kanji_load_kanji_07e90
001313e0 00000040 t kanji_load_kanji_07e8f
00131420 00000040 t kanji_load_kanji_07e8c
00131460 00000040 t kanji_load_kanji_07e88
001314a0 00000040 t kanji_load_kanji_07e83
001314e0 00000040 t kanji_load_kanji_07e82
00131520 00000040 t kanji_load_kanji_07e7d
00131560 00000040 t kanji_load_kanji_07e7c
001315a0 00000040 t kanji_load_kanji_07e7b
001315e0 00000040 t kanji_load_kanji_07e79
00131620 00000040 t kanji_load_kanji_07e70
00131660 00000040 t kanji_load_kanji_07e6d
001316a0 00000040 t kanji_load_kanji_07e6b
001316e0 00000040 t kanji_load_kanji_07e6a
00131720 00000040 t kanji_load_kanji_07e69
00131760 00000040 t kanji_load_kanji_07e67
001317a0 00000040 t kanji_load_kanji_07e61
001317e0 00000040 t kanji_load_kanji_07e5e
00131820 00000040 t kanji_load_kanji_07e5d
00131860 00000040 t kanji_load_kanji_07e5a
001318a0 00000040 t kanji_load_kanji_07e59
001318e0 00000040 t kanji_load_kanji_07e56
00131920 00000040 t kanji_load_kanji_07e55
00131960 00000040 t kanji_load_kanji_07e54
001319a0 00000040 t kanji_load_kanji_07e4a
001319e0 00000040 t kanji_load_kanji_07e46
00131a20 00000040 t kanji_load_kanji_07e41
00131a60 00000040 t kanji_load_kanji_07e3e
00131aa0 00000040 t kanji_load_kanji_07e3d
00131ae0 00000040 t kanji_load_kanji_07e3b
00131b20 00000040 t kanji_load_kanji_07e3a
00131b60 00000040 t kanji_load_kanji_07e39
00131ba0 00000040 t kanji_load_kanji_07e37
00131be0 00000040 t kanji_load_kanji_07e35
00131c20 00000040 t kanji_load_kanji_07e32
00131c60 00000040 t kanji_load_kanji_07e31
00131ca0 00000040 t kanji_load_kanji_07e2e
00131ce0 00000040 t kanji_load_kanji_07e2b
00131d20 00000040 t kanji_load_kanji_07e26
00131d60 00000040 t kanji_load_kanji_07e23
00131da0 00000040 t kanji_load_kanji_07e21
00131de0 00000040 t kanji_load_kanji_07e1f
00131e20 00000040 t kanji_load_kanji_07e1e
00131e60 00000040 t kanji_load_kanji_07e1b
00131ea0 00000040 t kanji_load_kanji_07e12
00131ee0 00000040 t kanji_load_kanji_07e0b
00131f20 00000040 t kanji_load_kanji_07e0a
00131f60 00000040 t kanji_load_kanji_07e09
00131fa0 00000040 t kanji_load_kanji_07e05
00131fe0 00000040 t kanji_load_kanji_07e04
00132020 00000040 t kanji_load_kanji_07e01
00132060 00000040 t kanji_load_kanji_07dfb
001320a0 00000040 t kanji_load_kanji_07df4
001320e0 00000040 t kanji_load_kanji_07df2
00132120 00000040 t kanji_load_kanji_07def
00132160 00000040 t kanji_load_kanji_07dec
001321a0 00000040 t kanji_load_kanji_07de9
001321e0 00000040 t kanji_load_kanji_07de8
00132220 00000040 t kanji_load_kanji_07de4
00132260 00000040 t kanji_load_kanji_07de1
001322a0 00000040 t kanji_load_kanji_07de0
001322e0 00000040 t kanji_load_kanji_07dde
00132320 00000040 t kanji_load_kanji_07ddd
00132360 00000040 t kanji_load_kanji_07dda
001323a0 00000040 t kanji_load_kanji_07dd8
001323e0 00000040 t kanji_load_kanji_07dd2
00132420 00000040 t kanji_load_kanji_07dd1
00132460 00000040 t kanji_load_kanji_07dcf
001324a0 00000040 t kanji_load_kanji_07dcb
001324e0 00000040 t kanji_load_kanji_07dca
00132520 00000040 t kanji_load_kanji_07dc7
00132560 00000040 t kanji_load_kanji_07dbf
001325a0 00000040 t kanji_load_kanji_07dbe
001325e0 00000040 t kanji_load_kanji_07dbd
00132620 00000040 t kanji_load_kanji_07dbb
00132660 00000040 t kanji_load_kanji_07dba
001326a0 00000040 t kanji_load_kanji_07db8
001326e0 00000040 t kanji_load_kanji_07db5
00132720 00000040 t kanji_load_kanji_07db4
00132760 00000040 t kanji_load_kanji_07db2
001327a0 00000040 t kanji_load_kanji_07db1
001327e0 00000040 t kanji_load_kanji_07db0
00132820 00000040 t kanji_load_kanji_07daf
00132860 00000040 t kanji_load_kanji_07dad
001328a0 00000040 t kanji_load_kanji_07dac
001328e0 00000040 t kanji_load_kanji_07dab
00132920 00000040 t kanji_load_kanji_07da3
00132960 00000040 t kanji_load_kanji_07da2
001329a0 00000040 t kanji_load_kanji_07d9c
001329e0 00000040 t kanji_load_kanji_07d9a
00132a20 00000040 t kanji_load_kanji_07d99
00132a60 00000040 t kanji_load_kanji_07d93
00132aa0 00000040 t kanji_load_kanji_07d8f
00132ae0 00000040 t kanji_load_kanji_07d89
00132b20 00000040 t kanji_load_kanji_07d7d
00132b60 00000040 t kanji_load_kanji_07d79
00132ba0 00000040 t kanji_load_kanji_07d76
00132be0 00000040 t kanji_load_kanji_07d75
00132c20 00000040 t kanji_load_kanji_07d73
00132c60 00000040 t kanji_load_kanji_07d72
00132ca0 00000040 t kanji_load_kanji_07d71
00132ce0 00000040 t kanji_load_kanji_07d6e
00132d20 00000040 t kanji_load_kanji_07d68
00132d60 00000040 t kanji_load_kanji_07d66
00132da0 00000040 t kanji_load_kanji_07d63
00132de0 00000040 t kanji_load_kanji_07d62
00132e20 00000040 t kanji_load_kanji_07d61
00132e60 00000040 t kanji_load_kanji_07d5e
00132ea0 00000040 t kanji_load_kanji_07d5b
00132ee0 00000040 t kanji_load_kanji_07d56
00132f20 00000040 t kanji_load_kanji_07d50
00132f60 00000040 t kanji_load_kanji_07d4f
00132fa0 00000040 t kanji_load_kanji_07d4e
00132fe0 00000040 t kanji_load_kanji_07d4c
00133020 00000040 t kanji_load_kanji_07d46
00133060 00000040 t kanji_load_kanji_07d45
001330a0 00000040 t kanji_load_kanji_07d44
001330e0 00000040 t kanji_load_kanji_07d43
00133120 00000040 t kanji_load_kanji_07d42
00133160 00000040 t kanji_load_kanji_07d3f
001331a0 00000040 t kanji_load_kanji_07d3a
001331e0 00000040 t kanji_load_kanji_07d39
00133220 00000040 t kanji_load_kanji_07d35
00133260 00000040 t kanji_load_kanji_07d33
001332a0 00000040 t kanji_load_kanji_07d32
001332e0 00000040 t kanji_load_kanji_07d30
00133320 00000040 t kanji_load_kanji_07d2f
00133360 00000040 t kanji_load_kanji_07d2e
001333a0 00000040 t kanji_load_kanji_07d2c
001333e0 00000040 t kanji_load_kanji_07d2b
00133420 00000040 t kanji_load_kanji_07d22
00133460 00000040 t kanji_load_kanji_07d21
001334a0 00000040 t kanji_load_kanji_07d20
001334e0 00000040 t kanji_load_kanji_07d1c
00133520 00000040 t kanji_load_kanji_07d1b
00133560 00000040 t kanji_load_kanji_07d1a
001335a0 00000040 t kanji_load_kanji_07d19
001335e0 00000040 t kanji_load_kanji_07d18
00133620 00000040 t kanji_load_kanji_07d17
00133660 00000040 t kanji_load_kanji_07d15
001336a0 00000040 t kanji_load_kanji_07d14
001336e0 00000040 t kanji_load_kanji_07d10
00133720 00000040 t kanji_load_kanji_07d0d
00133760 00000040 t kanji_load_kanji_07d0b
001337a0 00000040 t kanji_load_kanji_07d0a
001337e0 00000040 t kanji_load_kanji_07d06
00133820 00000040 t kanji_load_kanji_07d05
00133860 00000040 t kanji_load_kanji_07d04
001338a0 00000040 t kanji_load_kanji_07d02
001338e0 00000040 t kanji_load_kanji_07d00
00133920 00000040 t kanji_load_kanji_07cfe
00133960 00000044 t kanji_load_kanji_07cfb
001339a4 00000044 t kanji_load_kanji_07cfa
001339e8 00000044 t kanji_load_kanji_07cf8
00133a2c 00000040 t kanji_load_kanji_07cf6
00133a6c 00000040 t kanji_load_kanji_07cf4
00133aac 00000040 t kanji_load_kanji_07cf2
00133aec 00000040 t kanji_load_kanji_07cef
00133b2c 00000040 t kanji_load_kanji_07ce7
00133b6c 00000040 t kanji_load_kanji_07ce0
00133bac 00000040 t kanji_load_kanji_07cdf
00133bec 00000040 t kanji_load_kanji_07cde
00133c2c 00000040 t kanji_load_kanji_07cdc
00133c6c 00000040 t kanji_load_kanji_07cd6
00133cac 00000040 t kanji_load_kanji_07cd2
00133cec 00000040 t kanji_load_kanji_07cce
00133d2c 00000040 t kanji_load_kanji_07cca
00133d6c 00000040 t kanji_load_kanji_07cc5
00133dac 00000040 t kanji_load_kanji_07cc2
00133dec 00000040 t kanji_load_kanji_07cc0
00133e2c 00000040 t kanji_load_kanji_07cbe
00133e6c 00000040 t kanji_load_kanji_07cbd
00133eac 00000040 t kanji_load_kanji_07cb9
00133eec 00000040 t kanji_load_kanji_07cb3
00133f2c 00000040 t kanji_load_kanji_07cb2
00133f6c 00000040 t kanji_load_kanji_07cb1
00133fac 00000040 t kanji_load_kanji_07ca8
00133fec 00000040 t kanji_load_kanji_07ca7
0013402c 00000040 t kanji_load_kanji_07ca5
0013406c 00000040 t kanji_load_kanji_07ca4
001340ac 00000040 t kanji_load_kanji_07ca2
001340ec 00000040 t kanji_load_kanji_07c9f
0013412c 00000040 t kanji_load_kanji_07c9b
0013416c 00000040 t kanji_load_kanji_07c98
001341ac 00000040 t kanji_load_kanji_07c97
001341ec 00000040 t kanji_load_kanji_07c95
0013422c 00000040 t kanji_load_kanji_07c92
0013426c 00000040 t kanji_load_kanji_07c8d
001342ac 00000040 t kanji_load_kanji_07c8b
001342ec 00000040 t kanji_load_kanji_07c89
0013432c 00000040 t kanji_load_kanji_07c82
0013436c 00000040 t kanji_load_kanji_07c81
001343ac 00000040 t kanji_load_kanji_07c7e
001343ec 00000044 t kanji_load_kanji_07c75
00134430 00000044 t kanji_load_kanji_07c73
00134474 00000040 t kanji_load_kanji_07c6c
001344b4 00000040 t kanji_load_kanji_07c65
001344f4 00000040 t kanji_load_kanji_07c64
00134534 00000040 t kanji_load_kanji_07c60
00134574 00000040 t kanji_load_kanji_07c5f
001345b4 00000040 t kanji_load_kanji_07c54
001345f4 00000040 t kanji_load_kanji_07c4d
00134634 00000040 t kanji_load_kanji_07c4c
00134674 00000040 t kanji_load_kanji_07c43
001346b4 00000040 t kanji_load_kanji_07c3f
001346f4 00000040 t kanji_load_kanji_07c3e
00134734 00000040 t kanji_load_kanji_07c3d
00134774 00000040 t kanji_load_kanji_07c38
001347b4 00000040 t kanji_load_kanji_07c37
001347f4 00000040 t kanji_load_kanji_07c2b
00134834 00000040 t kanji_load_kanji_07c27
00134874 00000040 t kanji_load_kanji_07c23
001348b4 00000040 t kanji_load_kanji_07c21
001348f4 00000040 t kanji_load_kanji_07c1e
00134934 00000040 t kanji_load_kanji_07c17
00134974 00000040 t kanji_load_kanji_07c13
001349b4 00000040 t kanji_load_kanji_07c11
001349f4 00000040 t kanji_load_kanji_07c0d
00134a34 00000040 t kanji_load_kanji_07c07
00134a74 00000040 t kanji_load_kanji_07c00
00134ab4 00000040 t kanji_load_kanji_07bf7
00134af4 00000040 t kanji_load_kanji_07be9
00134b34 00000040 t kanji_load_kanji_07be6
00134b74 00000040 t kanji_load_kanji_07be5
00134bb4 00000040 t kanji_load_kanji_07be4
00134bf4 00000040 t kanji_load_kanji_07be0
00134c34 00000040 t kanji_load_kanji_07bdd
00134c74 00000040 t kanji_load_kanji_07bcc
00134cb4 00000040 t kanji_load_kanji_07bcb
00134cf4 00000040 t kanji_load_kanji_07bc9
00134d34 00000040 t kanji_load_kanji_07bc7
00134d74 00000040 t kanji_load_kanji_07bc6
00134db4 00000040 t kanji_load_kanji_07bc4
00134df4 00000040 t kanji_load_kanji_07bc1
00134e34 00000040 t kanji_load_kanji_07bc0
00134e74 00000040 t kanji_load_kanji_07bb8
00134eb4 00000040 t kanji_load_kanji_07bb4
00134ef4 00000040 t kanji_load_kanji_07bb1
00134f34 00000040 t kanji_load_kanji_07bad
00134f74 00000040 t kanji_load_kanji_07ba1
00134fb4 00000040 t kanji_load_kanji_07b9d
00134ff4 00000040 t kanji_load_kanji_07b9c
00135034 00000040 t kanji_load_kanji_07b9a
00135074 00000040 t kanji_load_kanji_07b98
001350b4 00000040 t kanji_load_kanji_07b97
001350f4 00000040 t kanji_load_kanji_07b95
00135134 00000040 t kanji_load_kanji_07b94
00135174 00000040 t kanji_load_kanji_07b92
001351b4 00000040 t kanji_load_kanji_07b8f
001351f4 00000040 t kanji_load_kanji_07b8d
00135234 00000040 t kanji_load_kanji_07b8b
00135274 00000040 t kanji_load_kanji_07b87
001352b4 00000040 t kanji_load_kanji_07b75
001352f4 00000040 t kanji_load_kanji_07b74
00135334 00000040 t kanji_load_kanji_07b71
00135374 00000040 t kanji_load_kanji_07b70
001353b4 00000040 t kanji_load_kanji_07b6e
001353f4 00000040 t kanji_load_kanji_07b67
00135434 00000040 t kanji_load_kanji_07b65
00135474 00000040 t kanji_load_kanji_07b56
001354b4 00000040 t kanji_load_kanji_07b54
001354f4 00000040 t kanji_load_kanji_07b52
00135534 00000040 t kanji_load_kanji_07b51
00135574 00000040 t kanji_load_kanji_07b50
001355b4 00000040 t kanji_load_kanji_07b4f
001355f4 00000040 t kanji_load_kanji_07b4d
00135634 00000040 t kanji_load_kanji_07b4c
00135674 00000040 t kanji_load_kanji_07b4b
001356b4 00000040 t kanji_load_kanji_07b49
001356f4 00000040 t kanji_load_kanji_07b48
00135734 00000040 t kanji_load_kanji_07b46
00135774 00000040 t kanji_load_kanji_07b45
001357b4 00000040 t kanji_load_kanji_07b39
001357f4 00000040 t kanji_load_kanji_07b35
00135834 00000040 t kanji_load_kanji_07b33
00135874 00000040 t kanji_load_kanji_07b2c
001358b4 00000040 t kanji_load_kanji_07b28
001358f4 00000040 t kanji_load_kanji_07b26
00135934 00000040 t kanji_load_kanji_07b25
00135974 00000040 t kanji_load_kanji_07b20
001359b4 00000040 t kanji_load_kanji_07b1e
001359f4 00000040 t kanji_load_kanji_07b1b
00135a34 00000040 t kanji_load_kanji_07b19
00135a74 00000040 t kanji_load_kanji_07b18
00135ab4 00000040 t kanji_load_kanji_07b11
00135af4 00000040 t kanji_load_kanji_07b0f
00135b34 00000040 t kanji_load_kanji_07b0a
00135b74 00000040 t kanji_load_kanji_07b08
00135bb4 00000040 t kanji_load_kanji_07b06
00135bf4 00000040 t kanji_load_kanji_07aff
00135c34 00000044 t kanji_load_kanji_07afa
00135c78 00000044 t kanji_load_kanji_07af9
00135cbc 00000040 t kanji_load_kanji_07af6
00135cfc 00000040 t kanji_load_kanji_07af0
00135d3c 00000040 t kanji_load_kanji_07aef
00135d7c 00000040 t kanji_load_kanji_07aed
00135dbc 00000040 t kanji_load_kanji_07aea
00135dfc 00000040 t kanji_load_kanji_07ae6
00135e3c 00000040 t kanji_load_kanji_07ae5
00135e7c 00000040 t kanji_load_kanji_07ae3
00135ebc 00000040 t kanji_load_kanji_07ae2
00135efc 00000040 t kanji_load_kanji_07ae1
00135f3c 00000040 t kanji_load_kanji_07ae0
00135f7c 00000040 t kanji_load_kanji_07adf
00135fbc 00000040 t kanji_load_kanji_07add
00135ffc 00000040 t kanji_load_kanji_07adc
0013603c 00000040 t kanji_load_kanji_07ada
0013607c 00000040 t kanji_load_kanji_07ad9
001360bc 00000040 t kanji_load_kanji_07ad5
001360fc 00000040 t kanji_load_kanji_07ad3
0013613c 00000044 t kanji_load_kanji_07acf
00136180 00000044 t kanji_load_kanji_07acd
001361c4 00000044 t kanji_load_kanji_07acb
00136208 00000040 t kanji_load_kanji_07aca
00136248 00000040 t kanji_load_kanji_07ac8
00136288 00000040 t kanji_load_kanji_07ac5
001362c8 00000040 t kanji_load_kanji_07ac4
00136308 00000040 t kanji_load_kanji_07abf
00136348 00000040 t kanji_load_kanji_07aba
00136388 00000040 t kanji_load_kanji_07ab6
001363c8 00000040 t kanji_load_kanji_07aaf
00136408 00000040 t kanji_load_kanji_07aae
00136448 00000040 t kanji_load_kanji_07aaa
00136488 00000040 t kanji_load_kanji_07aa9
001364c8 00000040 t kanji_load_kanji_07a9f
00136508 00000040 t kanji_load_kanji_07a98
00136548 00000040 t kanji_load_kanji_07a97
00136588 00000040 t kanji_load_kanji_07a96
001365c8 00000040 t kanji_load_kanji_07a95
00136608 00000040 t kanji_load_kanji_07a93
00136648 00000040 t kanji_load_kanji_07a92
00136688 00000040 t kanji_load_kanji_07a88
001366c8 00000040 t kanji_load_kanji_07a84
00136708 00000040 t kanji_load_kanji_07a83
00136748 00000044 t kanji_load_kanji_07a81
0013678c 00000040 t kanji_load_kanji_07a7f
001367cc 00000040 t kanji_load_kanji_07a7d
0013680c 00000044 t kanji_load_kanji_07a7a
00136850 00000044 t kanji_load_kanji_07a79
00136894 00000044 t kanji_load_kanji_07a76
001368d8 00000044 t kanji_load_kanji_07a74
0013691c 00000040 t kanji_load_kanji_07a70
0013695c 00000040 t kanji_load_kanji_07a6b
0013699c 00000040 t kanji_load_kanji_07a69
001369dc 00000040 t kanji_load_kanji_07a63
00136a1c 00000040 t kanji_load_kanji_07a62
00136a5c 00000040 t kanji_load_kanji_07a61
00136a9c 00000040 t kanji_load_kanji_07a57
00136adc 00000040 t kanji_load_kanji_07a4f
00136b1c 00000040 t kanji_load_kanji_07a4e
00136b5c 00000040 t kanji_load_kanji_07a4d
00136b9c 00000040 t kanji_load_kanji_07a46
00136bdc 00000040 t kanji_load_kanji_07a42
00136c1c 00000040 t kanji_load_kanji_07a40
00136c5c 00000040 t kanji_load_kanji_07a3f
00136c9c 00000040 t kanji_load_kanji_07a3d
00136cdc 00000040 t kanji_load_kanji_07a3c
00136d1c 00000040 t kanji_load_kanji_07a3b
00136d5c 00000040 t kanji_load_kanji_07a37
00136d9c 00000040 t kanji_load_kanji_07a32
00136ddc 00000040 t kanji_load_kanji_07a2e
00136e1c 00000040 t kanji_load_kanji_07a20
00136e5c 00000040 t kanji_load_kanji_07a1f
00136e9c 00000040 t kanji_load_kanji_07a1c
00136edc 00000040 t kanji_load_kanji_07a1a
00136f1c 00000040 t kanji_load_kanji_07a17
00136f5c 00000040 t kanji_load_kanji_07a14
00136f9c 00000040 t kanji_load_kanji_07a0e
00136fdc 00000040 t kanji_load_kanji_07a0d
0013701c 00000040 t kanji_load_kanji_07a0b
0013705c 00000040 t kanji_load_kanji_07a08
0013709c 00000040 t kanji_load_kanji_07a00
001370dc 00000040 t kanji_load_kanji_079fb
0013711c 00000040 t kanji_load_kanji_079f0
0013715c 00000040 t kanji_load_kanji_079ec
0013719c 00000040 t kanji_load_kanji_079e9
001371dc 00000040 t kanji_load_kanji_079e7
0013721c 00000040 t kanji_load_kanji_079e6
0013725c 00000040 t kanji_load_kanji_079e4
0013729c 00000040 t kanji_load_kanji_079e3
001372dc 00000040 t kanji_load_kanji_079df
0013731c 00000040 t kanji_load_kanji_079d8
0013735c 00000040 t kanji_load_kanji_079d5
0013739c 00000040 t kanji_load_kanji_079d2
001373dc 00000040 t kanji_load_kanji_079d1
0013741c 00000040 t kanji_load_kanji_079cb
0013745c 00000044 t kanji_load_kanji_079c9
001374a0 00000044 t kanji_load_kanji_079c1
001374e4 00000044 t kanji_load_kanji_079c0
00137528 00000044 t kanji_load_kanji_079bf
0013756c 00000044 t kanji_load_kanji_079be
001375b0 00000040 t kanji_load_kanji_079bd
001375f0 00000040 t kanji_load_kanji_079ba
00137630 00000040 t kanji_load_kanji_079b9
00137670 00000040 t kanji_load_kanji_079b3
001376b0 00000040 t kanji_load_kanji_079b1
001376f0 00000040 t kanji_load_kanji_079b0
00137730 00000040 t kanji_load_kanji_079ae
00137770 00000040 t kanji_load_kanji_079aa
001377b0 00000040 t kanji_load_kanji_079a7
001377f0 00000040 t kanji_load_kanji_079a6
00137830 00000040 t kanji_load_kanji_0799d
00137870 00000040 t kanji_load_kanji_0798f
001378b0 00000040 t kanji_load_kanji_0798e
001378f0 00000040 t kanji_load_kanji_0798d
00137930 00000040 t kanji_load_kanji_0798a
00137970 00000040 t kanji_load_kanji_07985
001379b0 00000040 t kanji_load_kanji_07984
001379f0 00000040 t kanji_load_kanji_07981
00137a30 00000040 t kanji_load_kanji_0797f
00137a70 00000040 t kanji_load_kanji_0797a
00137ab0 00000040 t kanji_load_kanji_0796d
00137af0 00000040 t kanji_load_kanji_07968
00137b30 00000040 t kanji_load_kanji_07965
00137b70 00000040 t kanji_load_kanji_07960
00137bb0 00000040 t kanji_load_kanji_0795f
00137bf0 00000040 t kanji_load_kanji_0795e
00137c30 00000040 t kanji_load_kanji_0795d
00137c70 00000040 t kanji_load_kanji_0795a
00137cb0 00000040 t kanji_load_kanji_07957
00137cf0 00000040 t kanji_load_kanji_07956
00137d30 00000040 t kanji_load_kanji_07955
00137d70 00000040 t kanji_load_kanji_07953
00137db0 00000040 t kanji_load_kanji_07950
00137df0 00000044 t kanji_load_kanji_07949
00137e34 00000044 t kanji_load_kanji_07948
00137e78 00000040 t kanji_load_kanji_07947
00137eb8 00000044 t kanji_load_kanji_07941
00137efc 00000044 t kanji_load_kanji_07940
00137f40 00000044 t kanji_load_kanji_0793e
00137f84 00000044 t kanji_load_kanji_0793c
00137fc8 00000044 t kanji_load_kanji_0793a
0013800c 00000040 t kanji_load_kanji_0792c
0013804c 00000040 t kanji_load_kanji_0792b
0013808c 00000040 t kanji_load_kanji_0792a
001380cc 00000040 t kanji_load_kanji_07926
0013810c 00000040 t kanji_load_kanji_07919
0013814c 00000040 t kanji_load_kanji_07912
0013818c 00000040 t kanji_load_kanji_07911
001381cc 00000040 t kanji_load_kanji_0790e
0013820c 00000040 t kanji_load_kanji_07901
0013824c 00000040 t kanji_load_kanji_078fd
0013828c 00000040 t kanji_load_kanji_078f4
001382cc 00000040 t kanji_load_kanji_078ef
0013830c 00000040 t kanji_load_kanji_078ec
0013834c 00000040 t kanji_load_kanji_078e8
0013838c 00000040 t kanji_load_kanji_078e7
001383cc 00000040 t kanji_load_kanji_078da
0013840c 00000040 t kanji_load_kanji_078d1
0013844c 00000040 t kanji_load_kanji_078d0
0013848c 00000040 t kanji_load_kanji_078cb
001384cc 00000040 t kanji_load_kanji_078ca
0013850c 00000040 t kanji_load_kanji_078c5
0013854c 00000040 t kanji_load_kanji_078c1
0013858c 00000040 t kanji_load_kanji_078be
001385cc 00000040 t kanji_load_kanji_078bc
0013860c 00000040 t kanji_load_kanji_078ba
0013864c 00000040 t kanji_load_kanji_078aa
0013868c 00000040 t kanji_load_kanji_078a9
001386cc 00000040 t kanji_load_kanji_078a7
0013870c 00000040 t kanji_load_kanji_078a3
0013874c 00000040 t kanji_load_kanji_0789a
0013878c 00000040 t kanji_load_kanji_07897
001387cc 00000040 t kanji_load_kanji_07893
0013880c 00000040 t kanji_load_kanji_07891
0013884c 00000040 t kanji_load_kanji_0788e
0013888c 00000040 t kanji_load_kanji_0788d
001388cc 00000040 t kanji_load_kanji_0788c
0013890c 00000040 t kanji_load_kanji_07887
0013894c 00000040 t kanji_load_kanji_07881
0013898c 00000040 t kanji_load_kanji_07872
001389cc 00000040 t kanji_load_kanji_0786f
00138a0c 00000040 t kanji_load_kanji_0786c
00138a4c 00000040 t kanji_load_kanji_0786b
00138a8c 00000040 t kanji_load_kanji_0785d
00138acc 00000040 t kanji_load_kanji_07845
00138b0c 00000040 t kanji_load_kanji_07834
00138b4c 00000040 t kanji_load_kanji_07832
00138b8c 00000040 t kanji_load_kanji_07827
00138bcc 00000040 t kanji_load_kanji_07826
00138c0c 00000040 t kanji_load_kanji_07825
00138c4c 00000040 t kanji_load_kanji_07820
00138c8c 00000040 t kanji_load_kanji_07815
00138ccc 00000040 t kanji_load_kanji_07814
00138d0c 00000040 t kanji_load_kanji_07812
00138d4c 00000040 t kanji_load_kanji_0780c
00138d8c 00000040 t kanji_load_kanji_07802
00138dcc 00000044 t kanji_load_kanji_077fc
00138e10 00000044 t kanji_load_kanji_077f3
00138e54 00000040 t kanji_load_kanji_077ef
00138e94 00000040 t kanji_load_kanji_077ee
00138ed4 00000040 t kanji_load_kanji_077ed
00138f14 00000040 t kanji_load_kanji_077e9
00138f54 00000040 t kanji_load_kanji_077e7
00138f94 00000044 t kanji_load_kanji_077e5
00138fd8 00000044 t kanji_load_kanji_077e3
0013901c 00000044 t kanji_load_kanji_077e2
00139060 00000040 t kanji_load_kanji_077dc
001390a0 00000044 t kanji_load_kanji_077db
001390e4 00000040 t kanji_load_kanji_077da
00139124 00000040 t kanji_load_kanji_077cd
00139164 00000040 t kanji_load_kanji_077c7
001391a4 00000040 t kanji_load_kanji_077bf
001391e4 00000040 t kanji_load_kanji_077bd
00139224 00000040 t kanji_load_kanji_077bc
00139264 00000040 t kanji_load_kanji_077bb
001392a4 00000040 t kanji_load_kanji_077b3
001392e4 00000040 t kanji_load_kanji_077b0
00139324 00000040 t kanji_load_kanji_077ad
00139364 00000040 t kanji_load_kanji_077ac
001393a4 00000040 t kanji_load_kanji_077a5
001393e4 00000040 t kanji_load_kanji_077a0
00139424 00000040 t kanji_load_kanji_0779e
00139464 00000040 t kanji_load_kanji_07791
001394a4 00000040 t kanji_load_kanji_0778e
001394e4 00000040 t kanji_load_kanji_0778b
00139524 00000040 t kanji_load_kanji_0777e
00139564 00000040 t kanji_load_kanji_07779
001395a4 00000040 t kanji_load_kanji_0776b
001395e4 00000040 t kanji_load_kanji_07768
00139624 00000040 t kanji_load_kanji_07766
00139664 00000040 t kanji_load_kanji_07765
001396a4 00000040 t kanji_load_kanji_07763
001396e4 00000040 t kanji_load_kanji_07761
00139724 00000040 t kanji_load_kanji_0775b
00139764 00000040 t kanji_load_kanji_0775a
001397a4 00000040 t kanji_load_kanji_07747
001397e4 00000040 t kanji_load_kanji_07740
00139824 00000040 t kanji_load_kanji_0773c
00139864 00000040 t kanji_load_kanji_0773a
001398a4 00000040 t kanji_load_kanji_07738
001398e4 00000040 t kanji_load_kanji_07737
00139924 00000040 t kanji_load_kanji_07729
00139964 00000040 t kanji_load_kanji_07725
001399a4 00000040 t kanji_load_kanji_07720
001399e4 00000040 t kanji_load_kanji_0771f
00139a24 00000040 t kanji_load_kanji_0771e
00139a64 00000040 t kanji_load_kanji_0771b
00139aa4 00000040 t kanji_load_kanji_0770c
00139ae4 00000040 t kanji_load_kanji_0770b
00139b24 00000040 t kanji_load_kanji_07709
00139b64 00000040 t kanji_load_kanji_07708
00139ba4 00000040 t kanji_load_kanji_07707
00139be4 00000040 t kanji_load_kanji_07704
00139c24 00000040 t kanji_load_kanji_07701
00139c64 00000040 t kanji_load_kanji_076fe
00139ca4 00000040 t kanji_load_kanji_076fb
00139ce4 00000040 t kanji_load_kanji_076f8
00139d24 00000044 t kanji_load_kanji_076f4
00139d68 00000044 t kanji_load_kanji_076f2
00139dac 00000044 t kanji_load_kanji_076ee
00139df0 00000040 t kanji_load_kanji_076ea
00139e30 00000040 t kanji_load_kanji_076e7
00139e70 00000040 t kanji_load_kanji_076e5
00139eb0 00000040 t kanji_load_kanji_076e4
00139ef0 00000040 t kanji_load_kanji_076e3
00139f30 00000040 t kanji_load_kanji_076e1
00139f70 00000040 t kanji_load_kanji_076df
00139fb0 00000040 t kanji_load_kanji_076de
00139ff0 00000040 t kanji_load_kanji_076dc
0013a030 00000040 t kanji_load_kanji_076db
0013a070 00000040 t kanji_load_kanji_076d7
0013a0b0 00000040 t kanji_load_kanji_076d2
0013a0f0 00000040 t kanji_load_kanji_076cd
0013a130 00000040 t kanji_load_kanji_076ca
0013a170 00000040 t kanji_load_kanji_076c8
0013a1b0 00000040 t kanji_load_kanji_076c6
0013a1f0 00000040 t kanji_load_kanji_076c3
0013a230 00000044 t kanji_load_kanji_076c2
0013a274 00000044 t kanji_load_kanji_076bf
0013a2b8 00000040 t kanji_load_kanji_076ba
0013a2f8 00000040 t kanji_load_kanji_076b9
0013a338 00000040 t kanji_load_kanji_076b4
0013a378 00000040 t kanji_load_kanji_076b0
0013a3b8 00000044 t kanji_load_kanji_076ae
0013a3fc 00000040 t kanji_load_kanji_0769a
0013a43c 00000040 t kanji_load_kanji_07699
0013a47c 00000040 t kanji_load_kanji_07696
0013a4bc 00000040 t kanji_load_kanji_07693
0013a4fc 00000040 t kanji_load_kanji_07690
0013a53c 00000040 t kanji_load_kanji_0768e
0013a57c 00000040 t kanji_load_kanji_07687
0013a5bc 00000040 t kanji_load_kanji_07686
0013a5fc 00000044 t kanji_load_kanji_07684
0013a640 00000044 t kanji_load_kanji_0767e
0013a684 00000044 t kanji_load_kanji_0767d
0013a6c8 00000040 t kanji_load_kanji_0767c
0013a708 00000040 t kanji_load_kanji_0767b
0013a748 00000040 t kanji_load_kanji_0767a
0013a788 00000040 t kanji_load_kanji_07678
0013a7c8 00000040 t kanji_load_kanji_07672
0013a808 00000040 t kanji_load_kanji_07670
0013a848 00000040 t kanji_load_kanji_0766c
0013a888 00000040 t kanji_load_kanji_0766a
0013a8c8 00000040 t kanji_load_kanji_07669
0013a908 00000040 t kanji_load_kanji_07668
0013a948 00000040 t kanji_load_kanji_07667
0013a988 00000040 t kanji_load_kanji_07662
0013a9c8 00000040 t kanji_load_kanji_07661
0013aa08 00000040 t kanji_load_kanji_0765c
0013aa48 00000040 t kanji_load_kanji_07658
0013aa88 00000040 t kanji_load_kanji_07656
0013aac8 00000040 t kanji_load_kanji_07652
0013ab08 00000040 t kanji_load_kanji_0764c
0013ab48 00000040 t kanji_load_kanji_07648
0013ab88 00000040 t kanji_load_kanji_07647
0013abc8 00000040 t kanji_load_kanji_07646
0013ac08 00000040 t kanji_load_kanji_07642
0013ac48 00000040 t kanji_load_kanji_0763b
0013ac88 00000040 t kanji_load_kanji_07634
0013acc8 00000040 t kanji_load_kanji_07630
0013ad08 00000040 t kanji_load_kanji_07627
0013ad48 00000040 t kanji_load_kanji_07624
0013ad88 00000040 t kanji_load_kanji_07622
0013adc8 00000040 t kanji_load_kanji_07621
0013ae08 00000040 t kanji_load_kanji_07620
0013ae48 00000040 t kanji_load_kanji_0761f
0013ae88 00000040 t kanji_load_kanji_0760d
0013aec8 00000040 t kanji_load_kanji_0760b
0013af08 00000040 t kanji_load_kanji_07609
0013af48 00000040 t kanji_load_kanji_07601
0013af88 00000040 t kanji_load_kanji_075ff
0013afc8 00000040 t kanji_load_kanji_075fe
0013b008 00000040 t kanji_load_kanji_075fc
0013b048 00000040 t kanji_load_kanji_075fa
0013b088 00000040 t kanji_load_kanji_075f4
0013b0c8 00000040 t kanji_load_kanji_075f3
0013b108 00000040 t kanji_load_kanji_075f2
0013b148 00000040 t kanji_load_kanji_075f0
0013b188 00000040 t kanji_load_kanji_075e9
0013b1c8 00000040 t kanji_load_kanji_075e3
0013b208 00000040 t kanji_load_kanji_075e2
0013b248 00000040 t kanji_load_kanji_075de
0013b288 00000040 t kanji_load_kanji_075db
0013b2c8 00000040 t kanji_load_kanji_075d9
0013b308 00000040 t kanji_load_kanji_075d8
0013b348 00000040 t kanji_load_kanji_075d5
0013b388 00000040 t kanji_load_kanji_075d4
0013b3c8 00000040 t kanji_load_kanji_075d2
0013b408 00000040 t kanji_load_kanji_075cd
0013b448 00000040 t kanji_load_kanji_075ca
0013b488 00000040 t kanji_load_kanji_075c7
0013b4c8 00000040 t kanji_load_kanji_075c5
0013b508 00000040 t kanji_load_kanji_075c3
0013b548 00000040 t kanji_load_kanji_075c2
0013b588 00000040 t kanji_load_kanji_075be
0013b5c8 00000040 t kanji_load_kanji_075bd
0013b608 00000040 t kanji_load_kanji_075bc
0013b648 00000040 t kanji_load_kanji_075b9
0013b688 00000040 t kanji_load_kanji_075b8
0013b6c8 00000040 t kanji_load_kanji_075b5
0013b708 00000040 t kanji_load_kanji_075b3
0013b748 00000040 t kanji_load_kanji_075b2
0013b788 00000040 t kanji_load_kanji_075b1
0013b7c8 00000040 t kanji_load_kanji_075ab
0013b808 00000040 t kanji_load_kanji_075a5
0013b848 00000040 t kanji_load_kanji_075a3
0013b888 00000044 t kanji_load_kanji_0759d
0013b8cc 00000044 t kanji_load_kanji_0759a
0013b910 00000044 t kanji_load_kanji_07594
0013b954 00000040 t kanji_load_kanji_07591
0013b994 00000040 t kanji_load_kanji_0758f
0013b9d4 00000040 t kanji_load_kanji_0758e
0013ba14 00000044 t kanji_load_kanji_0758b
0013ba58 00000040 t kanji_load_kanji_0758a
0013ba98 00000040 t kanji_load_kanji_07587
0013bad8 00000040 t kanji_load_kanji_07586
0013bb18 00000040 t kanji_load_kanji_0757f
0013bb58 00000040 t kanji_load_kanji_07578
0013bb98 00000040 t kanji_load_kanji_07577
0013bbd8 00000040 t kanji_load_kanji_07576
0013bc18 00000040 t kanji_load_kanji_07573
0013bc58 00000040 t kanji_load_kanji_07570
0013bc98 00000040 t kanji_load_kanji_0756b
0013bcd8 00000040 t kanji_load_kanji_0756a
0013bd18 00000040 t kanji_load_kanji_07566
0013bd58 00000040 t kanji_load_kanji_07565
0013bd98 00000040 t kanji_load_kanji_07564
0013bdd8 00000040 t kanji_load_kanji_07562
0013be18 00000040 t kanji_load_kanji_07560
0013be58 00000040 t kanji_load_kanji_0755d
0013be98 00000040 t kanji_load_kanji_0755c
0013bed8 00000040 t kanji_load_kanji_0755b
0013bf18 00000040 t kanji_load_kanji_0755a
0013bf58 00000040 t kanji_load_kanji_07559
0013bf98 00000040 t kanji_load_kanji_07554
0013bfd8 00000040 t kanji_load_kanji_07551
0013c018 00000040 t kanji_load_kanji_0754f
0013c058 00000040 t kanji_load_kanji_0754c
0013c098 00000040 t kanji_load_kanji_0754b
0013c0d8 00000044 t kanji_load_kanji_0753b
0013c11c 00000044 t kanji_load_kanji_0753a
0013c160 00000044 t kanji_load_kanji_07538
0013c1a4 00000044 t kanji_load_kanji_07537
0013c1e8 00000044 t kanji_load_kanji_07533
0013c22c 00000044 t kanji_load_kanji_07532
0013c270 00000044 t kanji_load_kanji_07531
0013c2b4 00000044 t kanji_load_kanji_07530
0013c2f8 00000044 t kanji_load_kanji_0752b
0013c33c 00000044 t kanji_load_kanji_07528
0013c380 00000040 t kanji_load_kanji_07526
0013c3c0 00000040 t kanji_load_kanji_07525
0013c400 00000040 t kanji_load_kanji_07523
0013c440 00000044 t kanji_load_kanji_0751f
0013c484 00000040 t kanji_load_kanji_0751c
0013c4c4 00000040 t kanji_load_kanji_0751a
0013c504 00000044 t kanji_load_kanji_07518
0013c548 00000040 t kanji_load_kanji_07515
0013c588 00000040 t kanji_load_kanji_07513
0013c5c8 00000040 t kanji_load_kanji_07511
0013c608 00000040 t kanji_load_kanji_0750e
0013c648 00000040 t kanji_load_kanji_0750d
0013c688 00000040 t kanji_load_kanji_0750c
0013c6c8 00000040 t kanji_load_kanji_07505
0013c708 00000040 t kanji_load_kanji_07503
0013c748 00000040 t kanji_load_kanji_074f8
0013c788 00000040 t kanji_load_kanji_074f7
0013c7c8 00000040 t kanji_load_kanji_074f6
0013c808 00000040 t kanji_load_kanji_074f2
0013c848 00000040 t kanji_load_kanji_074f1
0013c888 00000040 t kanji_load_kanji_074f0
0013c8c8 00000040 t kanji_load_kanji_074ee
0013c908 00000044 t kanji_load_kanji_074e9
0013c94c 00000044 t kanji_load_kanji_074e7
0013c990 00000044 t kanji_load_kanji_074e6
0013c9d4 00000040 t kanji_load_kanji_074e2
0013ca14 00000044 t kanji_load_kanji_074dc
0013ca58 00000040 t kanji_load_kanji_074d4
0013ca98 00000040 t kanji_load_kanji_074cf
0013cad8 00000040 t kanji_load_kanji_074bd
0013cb18 00000040 t kanji_load_kanji_074b0
0013cb58 00000040 t kanji_load_kanji_074a7
0013cb98 00000040 t kanji_load_kanji_0749e
0013cbd8 00000040 t kanji_load_kanji_0748b
0013cc18 00000040 t kanji_load_kanji_07483
0013cc58 00000040 t kanji_load_kanji_0747e
0013cc98 00000040 t kanji_load_kanji_07476
0013ccd8 00000040 t kanji_load_kanji_07473
0013cd18 00000040 t kanji_load_kanji_07470
0013cd58 00000040 t kanji_load_kanji_0746a
0013cd98 00000040 t kanji_load_kanji_07469
0013cdd8 00000040 t kanji_load_kanji_07464
0013ce18 00000040 t kanji_load_kanji_07463
0013ce58 00000040 t kanji_load_kanji_07460
0013ce98 00000040 t kanji_load_kanji_0745f
0013ced8 00000040 t kanji_load_kanji_0745e
0013cf18 00000040 t kanji_load_kanji_0745c
0013cf58 00000040 t kanji_load_kanji_0745b
0013cf98 00000040 t kanji_load_kanji_0745a
0013cfd8 00000040 t kanji_load_kanji_07459
0013d018 00000040 t kanji_load_kanji_07455
0013d058 00000040 t kanji_load_kanji_07441
0013d098 00000040 t kanji_load_kanji_0743a
0013d0d8 00000040 t kanji_load_kanji_07436
0013d118 00000040 t kanji_load_kanji_07435
0013d158 00000040 t kanji_load_kanji_07434
0013d198 00000040 t kanji_load_kanji_07433
0013d1d8 00000040 t kanji_load_kanji_07432
0013d218 00000040 t kanji_load_kanji_07425
0013d258 00000040 t kanji_load_kanji_07422
0013d298 00000040 t kanji_load_kanji_07409
0013d2d8 00000040 t kanji_load_kanji_07406
0013d318 00000040 t kanji_load_kanji_07405
0013d358 00000040 t kanji_load_kanji_07403
0013d398 00000040 t kanji_load_kanji_073fe
0013d3d8 00000040 t kanji_load_kanji_073ee
0013d418 00000040 t kanji_load_kanji_073ed
0013d458 00000040 t kanji_load_kanji_073ea
0013d498 00000040 t kanji_load_kanji_073e5
0013d4d8 00000040 t kanji_load_kanji_073e0
0013d518 00000040 t kanji_load_kanji_073de
0013d558 00000040 t kanji_load_kanji_073cd
0013d598 00000040 t kanji_load_kanji_073ca
0013d5d8 00000040 t kanji_load_kanji_073c8
0013d618 00000040 t kanji_load_kanji_073c2
0013d658 00000040 t kanji_load_kanji_073c0
0013d698 00000040 t kanji_load_kanji_073bb
0013d6d8 00000040 t kanji_load_kanji_073b2
0013d718 00000044 t kanji_load_kanji_073a9
0013d75c 00000044 t kanji_load_kanji_07396
0013d7a0 00000044 t kanji_load_kanji_0738b
0013d7e4 00000044 t kanji_load_kanji_07389
0013d828 00000040 t kanji_load_kanji_07387
0013d868 00000044 t kanji_load_kanji_07384
0013d8ac 00000040 t kanji_load_kanji_0737b
0013d8ec 00000040 t kanji_load_kanji_0737a
0013d92c 00000040 t kanji_load_kanji_07378
0013d96c 00000040 t kanji_load_kanji_07375
0013d9ac 00000040 t kanji_load_kanji_07372
0013d9ec 00000040 t kanji_load_kanji_07370
0013da2c 00000040 t kanji_load_kanji_0736a
0013da6c 00000040 t kanji_load_kanji_07368
0013daac 00000040 t kanji_load_kanji_07363
0013daec 00000040 t kanji_load_kanji_07357
0013db2c 00000040 t kanji_load_kanji_0734f
0013db6c 00000040 t kanji_load_kanji_07345
0013dbac 00000040 t kanji_load_kanji_07344
0013dbec 00000040 t kanji_load_kanji_0733f
0013dc2c 00000040 t kanji_load_kanji_0733e
0013dc6c 00000040 t kanji_load_kanji_07337
0013dcac 00000040 t kanji_load_kanji_07336
0013dcec 00000040 t kanji_load_kanji_07334
0013dd2c 00000040 t kanji_load_kanji_0732f
0013dd6c 00000040 t kanji_load_kanji_0732e
0013ddac 00000040 t kanji_load_kanji_0732b
0013ddec 00000040 t kanji_load_kanji_0732a
0013de2c 00000040 t kanji_load_kanji_07329
0013de6c 00000040 t kanji_load_kanji_07325
0013deac 00000040 t kanji_load_kanji_0731f
0013deec 00000040 t kanji_load_kanji_0731d
0013df2c 00000040 t kanji_load_kanji_0731c
0013df6c 00000040 t kanji_load_kanji_0731b
0013dfac 00000040 t kanji_load_kanji_07317
0013dfec 00000040 t kanji_load_kanji_07316
0013e02c 00000040 t kanji_load_kanji_0730a
0013e06c 00000040 t kanji_load_kanji_072fd
0013e0ac 00000040 t kanji_load_kanji_072fc
0013e0ec 00000040 t kanji_load_kanji_072f9
0013e12c 00000040 t kanji_load_kanji_072f8
0013e16c 00000040 t kanji_load_kanji_072f7
0013e1ac 00000040 t kanji_load_kanji_072ed
0013e1ec 00000040 t kanji_load_kanji_072ec
0013e22c 00000040 t kanji_load_kanji_072e9
0013e26c 00000040 t kanji_load_kanji_072e2
0013e2ac 00000040 t kanji_load_kanji_072e1
0013e2ec 00000040 t kanji_load_kanji_072e0
0013e32c 00000044 t kanji_load_kanji_072db
0013e370 00000044 t kanji_load_kanji_072d9
0013e3b4 00000044 t kanji_load_kanji_072d7
0013e3f8 00000044 t kanji_load_kanji_072d2
0013e43c 00000040 t kanji_load_kanji_072d0
0013e47c 00000044 t kanji_load_kanji_072ce
0013e4c0 00000044 t kanji_load_kanji_072c6
0013e504 00000044 t kanji_load_kanji_072c4
0013e548 00000044 t kanji_load_kanji_072c3
0013e58c 00000044 t kanji_load_kanji_072c2
0013e5d0 00000044 t kanji_load_kanji_072b6
0013e614 00000044 t kanji_load_kanji_072b2
0013e658 00000044 t kanji_load_kanji_072af
0013e69c 00000044 t kanji_load_kanji_072ac
0013e6e0 00000040 t kanji_load_kanji_072a7
0013e720 00000040 t kanji_load_kanji_072a2
0013e760 00000040 t kanji_load_kanji_072a0
0013e7a0 00000040 t kanji_load_kanji_07296
0013e7e0 00000040 t kanji_load_kanji_07292
0013e820 00000040 t kanji_load_kanji_07287
0013e860 00000040 t kanji_load_kanji_07282
0013e8a0 00000040 t kanji_load_kanji_07280
0013e8e0 00000040 t kanji_load_kanji_0727e
0013e920 00000040 t kanji_load_kanji_0727d
0013e960 00000040 t kanji_load_kanji_07279
0013e9a0 00000040 t kanji_load_kanji_07274
0013e9e0 00000040 t kanji_load_kanji_07272
0013ea20 00000044 t kanji_load_kanji_07269
0013ea64 00000044 t kanji_load_kanji_07267
0013eaa8 00000044 t kanji_load_kanji_07262
0013eaec 00000044 t kanji_load_kanji_07261
0013eb30 00000044 t kanji_load_kanji_0725f
0013eb74 00000044 t kanji_load_kanji_0725d
0013ebb8 00000044 t kanji_load_kanji_0725b
0013ebfc 00000044 t kanji_load_kanji_07259
0013ec40 00000040 t kanji_load_kanji_07258
0013ec80 00000040 t kanji_load_kanji_07252
0013ecc0 00000040 t kanji_load_kanji_0724c
0013ed00 00000040 t kanji_load_kanji_0724b
0013ed40 00000044 t kanji_load_kanji_07248
0013ed84 00000044 t kanji_load_kanji_07247
0013edc8 00000040 t kanji_load_kanji_07246
0013ee08 00000044 t kanji_load_kanji_07240
0013ee4c 00000040 t kanji_load_kanji_0723e
0013ee8c 00000040 t kanji_load_kanji_0723d
0013eecc 00000040 t kanji_load_kanji_0723a
0013ef0c 00000044 t kanji_load_kanji_07236
0013ef50 00000040 t kanji_load_kanji_07235
0013ef90 00000040 t kanji_load_kanji_07232
0013efd0 00000040 t kanji_load_kanji_07230
0013f010 00000044 t kanji_load_kanji_0722d
0013f054 00000044 t kanji_load_kanji_0722c
0013f098 00000044 t kanji_load_kanji_0722a
0013f0dc 00000040 t kanji_load_kanji_07228
0013f11c 00000040 t kanji_load_kanji_0721b
0013f15c 00000040 t kanji_load_kanji_07210
0013f19c 00000040 t kanji_load_kanji_0720d
0013f1dc 00000040 t kanji_load_kanji_07206
0013f21c 00000040 t kanji_load_kanji_071ff
0013f25c 00000040 t kanji_load_kanji_071fc
0013f29c 00000040 t kanji_load_kanji_071fb
0013f2dc 00000040 t kanji_load_kanji_071f9
0013f31c 00000040 t kanji_load_kanji_071f5
0013f35c 00000040 t kanji_load_kanji_071ee
0013f39c 00000040 t kanji_load_kanji_071ed
0013f3dc 00000040 t kanji_load_kanji_071ec
0013f41c 00000040 t kanji_load_kanji_071e7
0013f45c 00000040 t kanji_load_kanji_071e6
0013f49c 00000040 t kanji_load_kanji_071e5
0013f4dc 00000040 t kanji_load_kanji_071e0
0013f51c 00000040 t kanji_load_kanji_071df
0013f55c 00000040 t kanji_load_kanji_071d7
0013f59c 00000040 t kanji_load_kanji_071d5
0013f5dc 00000040 t kanji_load_kanji_071d4
0013f61c 00000040 t kanji_load_kanji_071d2
0013f65c 00000040 t kanji_load_kanji_071d0
0013f69c 00000040 t kanji_load_kanji_071ce
0013f6dc 00000040 t kanji_load_kanji_071c9
0013f71c 00000040 t kanji_load_kanji_071c8
0013f75c 00000040 t kanji_load_kanji_071c3
0013f79c 00000040 t kanji_load_kanji_071be
0013f7dc 00000040 t kanji_load_kanji_071b9
0013f81c 00000040 t kanji_load_kanji_071b1
0013f85c 00000040 t kanji_load_kanji_071ac
0013f89c 00000040 t kanji_load_kanji_071a8
0013f8dc 00000040 t kanji_load_kanji_0719f
0013f91c 00000040 t kanji_load_kanji_07199
0013f95c 00000040 t kanji_load_kanji_07195
0013f99c 00000040 t kanji_load_kanji_07194
0013f9dc 00000040 t kanji_load_kanji_0718a
0013fa1c 00000040 t kanji_load_kanji_07184
0013fa5c 00000040 t kanji_load_kanji_0717d
0013fa9c 00000040 t kanji_load_kanji_0716e
0013fadc 00000040 t kanji_load_kanji_0716c
0013fb1c 00000040 t kanji_load_kanji_07169
0013fb5c 00000040 t kanji_load_kanji_07167
0013fb9c 00000040 t kanji_load_kanji_07166
0013fbdc 00000040 t kanji_load_kanji_07165
0013fc1c 00000040 t kanji_load_kanji_07164
0013fc5c 00000040 t kanji_load_kanji_07159
0013fc9c 00000040 t kanji_load_kanji_07156
0013fcdc 00000040 t kanji_load_kanji_0714e
0013fd1c 00000040 t kanji_load_kanji_0714c
0013fd5c 00000040 t kanji_load_kanji_07149
0013fd9c 00000040 t kanji_load_kanji_0713c
0013fddc 00000040 t kanji_load_kanji_07136
0013fe1c 00000040 t kanji_load_kanji_07130
0013fe5c 00000040 t kanji_load_kanji_07126
0013fe9c 00000040 t kanji_load_kanji_07121
0013fedc 00000040 t kanji_load_kanji_0711c
0013ff1c 00000040 t kanji_load_kanji_0711a
0013ff5c 00000040 t kanji_load_kanji_07119
0013ff9c 00000040 t kanji_load_kanji_07109
0013ffdc 00000040 t kanji_load_kanji_070fd
0014001c 00000040 t kanji_load_kanji_070f9
0014005c 00000040 t kanji_load_kanji_070dd
0014009c 00000040 t kanji_load_kanji_070d9
001400dc 00000040 t kanji_load_kanji_070cf
0014011c 00000040 t kanji_load_kanji_070cb
0014015c 00000040 t kanji_load_kanji_070c8
0014019c 00000040 t kanji_load_kanji_070ba
001401dc 00000040 t kanji_load_kanji_070b9
0014021c 00000040 t kanji_load_kanji_070b8
0014025c 00000040 t kanji_load_kanji_070af
0014029c 00000040 t kanji_load_kanji_070ae
001402dc 00000040 t kanji_load_kanji_070ad
0014031c 00000040 t kanji_load_kanji_070ac
0014035c 00000044 t kanji_load_kanji_07099
001403a0 00000044 t kanji_load_kanji_07092
001403e4 00000044 t kanji_load_kanji_0708e
00140428 00000044 t kanji_load_kanji_0708a
0014046c 00000044 t kanji_load_kanji_07089
001404b0 00000044 t kanji_load_kanji_0707d
001404f4 00000044 t kanji_load_kanji_0707c
00140538 00000044 t kanji_load_kanji_07078
0014057c 00000044 t kanji_load_kanji_07070
001405c0 00000044 t kanji_load_kanji_0706f
00140604 00000044 t kanji_load_kanji_0706b
00140648 00000040 t kanji_load_kanji_07063
00140688 00000040 t kanji_load_kanji_07058
001406c8 00000040 t kanji_load_kanji_07051
00140708 00000040 t kanji_load_kanji_0704c
00140748 00000040 t kanji_load_kanji_0703e
00140788 00000040 t kanji_load_kanji_07032
001407c8 00000040 t kanji_load_kanji_07030
00140808 00000040 t kanji_load_kanji_0702c
00140848 00000040 t kanji_load_kanji_07027
00140888 00000040 t kanji_load_kanji_07026
001408c8 00000040 t kanji_load_kanji_0701f
00140908 00000040 t kanji_load_kanji_0701e
00140948 00000040 t kanji_load_kanji_0701d
00140988 00000040 t kanji_load_kanji_0701a
001409c8 00000040 t kanji_load_kanji_07015
00140a08 00000040 t kanji_load_kanji_07011
00140a48 00000040 t kanji_load_kanji_0700f
00140a88 00000040 t kanji_load_kanji_0700b
00140ac8 00000040 t kanji_load_kanji_07009
00140b08 00000040 t kanji_load_kanji_07006
00140b48 00000040 t kanji_load_kanji_07001
00140b88 00000040 t kanji_load_kanji_06ffe
00140bc8 00000040 t kanji_load_kanji_06ffa
00140c08 00000040 t kanji_load_kanji_06ff1
00140c48 00000040 t kanji_load_kanji_06fef
00140c88 00000040 t kanji_load_kanji_06fec
00140cc8 00000040 t kanji_load_kanji_06feb
00140d08 00000040 t kanji_load_kanji_06fe4
00140d48 00000040 t kanji_load_kanji_06fe1
00140d88 00000040 t kanji_load_kanji_06fe0
00140dc8 00000040 t kanji_load_kanji_06fdf
00140e08 00000040 t kanji_load_kanji_06fdb
00140e48 00000040 t kanji_load_kanji_06fd8
00140e88 00000040 t kanji_load_kanji_06fd5
00140ec8 00000040 t kanji_load_kanji_06fd4
00140f08 00000040 t kanji_load_kanji_06fc3
00140f48 00000040 t kanji_load_kanji_06fc1
00140f88 00000040 t kanji_load_kanji_06fc0
00140fc8 00000040 t kanji_load_kanji_06fb9
00141008 00000040 t kanji_load_kanji_06fb3
00141048 00000040 t kanji_load_kanji_06fb1
00141088 00000040 t kanji_load_kanji_06faa
001410c8 00000040 t kanji_load_kanji_06fa4
00141108 00000040 t kanji_load_kanji_06fa3
00141148 00000040 t kanji_load_kanji_06fa1
00141188 00000040 t kanji_load_kanji_06f97
001411c8 00000040 t kanji_load_kanji_06f8e
00141208 00000040 t kanji_load_kanji_06f86
00141248 00000040 t kanji_load_kanji_06f84
00141288 00000040 t kanji_load_kanji_06f81
001412c8 00000040 t kanji_load_kanji_06f7a
00141308 00000040 t kanji_load_kanji_06f78
00141348 00000040 t kanji_load_kanji_06f70
00141388 00000040 t kanji_load_kanji_06f6f
001413c8 00000040 t kanji_load_kanji_06f6e
00141408 00000040 t kanji_load_kanji_06f66
00141448 00000040 t kanji_load_kanji_06f64
00141488 00000040 t kanji_load_kanji_06f5f
001414c8 00000040 t kanji_load_kanji_06f5c
00141508 00000040 t kanji_load_kanji_06f5b
00141548 00000040 t kanji_load_kanji_06f58
00141588 00000040 t kanji_load_kanji_06f54
001415c8 00000040 t kanji_load_kanji_06f3f
00141608 00000040 t kanji_load_kanji_06f3e
00141648 00000040 t kanji_load_kanji_06f38
00141688 00000040 t kanji_load_kanji_06f32
001416c8 00000040 t kanji_load_kanji_06f31
00141708 00000040 t kanji_load_kanji_06f2c
00141748 00000040 t kanji_load_kanji_06f2b
00141788 00000040 t kanji_load_kanji_06f23
001417c8 00000040 t kanji_load_kanji_06f22
00141808 00000040 t kanji_load_kanji_06f20
00141848 00000040 t kanji_load_kanji_06f15
00141888 00000040 t kanji_load_kanji_06f14
001418c8 00000040 t kanji_load_kanji_06f13
00141908 00000040 t kanji_load_kanji_06f11
00141948 00000040 t kanji_load_kanji_06f0f
00141988 00000040 t kanji_load_kanji_06f09
001419c8 00000040 t kanji_load_kanji_06f06
00141a08 00000040 t kanji_load_kanji_06f02
00141a48 00000040 t kanji_load_kanji_06f01
00141a88 00000040 t kanji_load_kanji_06eff
00141ac8 00000040 t kanji_load_kanji_06efe
00141b08 00000040 t kanji_load_kanji_06ef8
00141b48 00000040 t kanji_load_kanji_06ef7
00141b88 00000040 t kanji_load_kanji_06ef4
00141bc8 00000040 t kanji_load_kanji_06ef2
00141c08 00000040 t kanji_load_kanji_06eef
00141c48 00000040 t kanji_load_kanji_06ede
00141c88 00000040 t kanji_load_kanji_06edd
00141cc8 00000040 t kanji_load_kanji_06ed4
00141d08 00000040 t kanji_load_kanji_06ed3
00141d48 00000040 t kanji_load_kanji_06ed1
00141d88 00000040 t kanji_load_kanji_06ecc
00141dc8 00000040 t kanji_load_kanji_06ecb
00141e08 00000040 t kanji_load_kanji_06ec9
00141e48 00000040 t kanji_load_kanji_06ec5
00141e88 00000040 t kanji_load_kanji_06ec4
00141ec8 00000040 t kanji_load_kanji_06ec2
00141f08 00000040 t kanji_load_kanji_06ebd
00141f48 00000040 t kanji_load_kanji_06eba
00141f88 00000040 t kanji_load_kanji_06eb7
00141fc8 00000040 t kanji_load_kanji_06eb6
00142008 00000040 t kanji_load_kanji_06eb2
00142048 00000040 t kanji_load_kanji_06eaa
00142088 00000040 t kanji_load_kanji_06ea5
001420c8 00000040 t kanji_load_kanji_06ea2
00142108 00000040 t kanji_load_kanji_06e9f
00142148 00000040 t kanji_load_kanji_06e9d
00142188 00000040 t kanji_load_kanji_06e9c
001421c8 00000040 t kanji_load_kanji_06e98
00142208 00000040 t kanji_load_kanji_06e96
00142248 00000040 t kanji_load_kanji_06e90
00142288 00000040 t kanji_load_kanji_06e8f
001422c8 00000040 t kanji_load_kanji_06e82
00142308 00000040 t kanji_load_kanji_06e80
00142348 00000040 t kanji_load_kanji_06e7f
00142388 00000040 t kanji_load_kanji_06e7e
001423c8 00000040 t kanji_load_kanji_06e72
00142408 00000040 t kanji_load_kanji_06e6f
00142448 00000040 t kanji_load_kanji_06e6b
00142488 00000040 t kanji_load_kanji_06e67
001424c8 00000040 t kanji_load_kanji_06e5b
00142508 00000040 t kanji_load_kanji_06e58
00142548 00000040 t kanji_load_kanji_06e56
00142588 00000040 t kanji_load_kanji_06e4e
001425c8 00000040 t kanji_load_kanji_06e4d
00142608 00000040 t kanji_load_kanji_06e4a
00142648 00000040 t kanji_load_kanji_06e43
00142688 00000040 t kanji_load_kanji_06e3e
001426c8 00000040 t kanji_load_kanji_06e3a
00142708 00000040 t kanji_load_kanji_06e38
00142748 00000040 t kanji_load_kanji_06e2f
00142788 00000040 t kanji_load_kanji_06e2d
001427c8 00000040 t kanji_load_kanji_06e2c
00142808 00000040 t kanji_load_kanji_06e2b
00142848 00000040 t kanji_load_kanji_06e29
00142888 00000040 t kanji_load_kanji_06e26
001428c8 00000040 t kanji_load_kanji_06e25
00142908 00000040 t kanji_load_kanji_06e23
00142948 00000040 t kanji_load_kanji_06e21
00142988 00000040 t kanji_load_kanji_06e20
001429c8 00000040 t kanji_load_kanji_06e1f
00142a08 00000040 t kanji_load_kanji_06e1d
00142a48 00000040 t kanji_load_kanji_06e1b
00142a88 00000040 t kanji_load_kanji_06e1a
00142ac8 00000040 t kanji_load_kanji_06e19
00142b08 00000040 t kanji_load_kanji_06e13
00142b48 00000040 t kanji_load_kanji_06e0b
00142b88 00000040 t kanji_load_kanji_06e09
00142bc8 00000040 t kanji_load_kanji_06e08
00142c08 00000040 t kanji_load_kanji_06e07
00142c48 00000040 t kanji_load_kanji_06e05
00142c88 00000040 t kanji_load_kanji_06dfb
00142cc8 00000040 t kanji_load_kanji_06dfa
00142d08 00000040 t kanji_load_kanji_06df9
00142d48 00000040 t kanji_load_kanji_06df7
00142d88 00000040 t kanji_load_kanji_06df5
00142dc8 00000040 t kanji_load_kanji_06df3
00142e08 00000040 t kanji_load_kanji_06df1
00142e48 00000040 t kanji_load_kanji_06dec
00142e88 00000040 t kanji_load_kanji_06deb
00142ec8 00000040 t kanji_load_kanji_06dea
00142f08 00000040 t kanji_load_kanji_06de8
00142f48 00000040 t kanji_load_kanji_06de1
00142f88 00000040 t kanji_load_kanji_06dd9
00142fc8 00000040 t kanji_load_kanji_06dd8
00143008 00000040 t kanji_load_kanji_06dd2
00143048 00000040 t kanji_load_kanji_06dd1
00143088 00000040 t kanji_load_kanji_06dcc
001430c8 00000040 t kanji_load_kanji_06dcb
00143108 00000040 t kanji_load_kanji_06dc6
00143148 00000040 t kanji_load_kanji_06dc5
00143188 00000040 t kanji_load_kanji_06dc0
001431c8 00000040 t kanji_load_kanji_06dbc
00143208 00000040 t kanji_load_kanji_06db8
00143248 00000040 t kanji_load_kanji_06db5
00143288 00000040 t kanji_load_kanji_06db2
001432c8 00000040 t kanji_load_kanji_06daf
00143308 00000040 t kanji_load_kanji_06d99
00143348 00000040 t kanji_load_kanji_06d95
00143388 00000040 t kanji_load_kanji_06d93
001433c8 00000040 t kanji_load_kanji_06d8e
00143408 00000040 t kanji_load_kanji_06d8c
00143448 00000040 t kanji_load_kanji_06d88
00143488 00000040 t kanji_load_kanji_06d85
001434c8 00000040 t kanji_load_kanji_06d79
00143508 00000040 t kanji_load_kanji_06d78
00143548 00000040 t kanji_load_kanji_06d77
00143588 00000040 t kanji_load_kanji_06d74
001435c8 00000040 t kanji_load_kanji_06d6e
00143608 00000040 t kanji_load_kanji_06d6c
00143648 00000040 t kanji_load_kanji_06d6a
00143688 00000040 t kanji_load_kanji_06d69
001436c8 00000040 t kanji_load_kanji_06d66
00143708 00000040 t kanji_load_kanji_06d63
00143748 00000040 t kanji_load_kanji_06d5c
00143788 00000040 t kanji_load_kanji_06d5a
001437c8 00000040 t kanji_load_kanji_06d59
00143808 00000040 t kanji_load_kanji_06d45
00143848 00000040 t kanji_load_kanji_06d44
00143888 00000040 t kanji_load_kanji_06d41
001438c8 00000040 t kanji_load_kanji_06d3e
00143908 00000040 t kanji_load_kanji_06d3d
00143948 00000040 t kanji_load_kanji_06d3b
00143988 00000040 t kanji_load_kanji_06d38
001439c8 00000040 t kanji_load_kanji_06d36
00143a08 00000040 t kanji_load_kanji_06d35
00143a48 00000040 t kanji_load_kanji_06d32
00143a88 00000040 t kanji_load_kanji_06d2b
00143ac8 00000040 t kanji_load_kanji_06d2a
00143b08 00000040 t kanji_load_kanji_06d29
00143b48 00000040 t kanji_load_kanji_06d25
00143b88 00000040 t kanji_load_kanji_06d1f
00143bc8 00000040 t kanji_load_kanji_06d1e
00143c08 00000040 t kanji_load_kanji_06d1b
00143c48 00000040 t kanji_load_kanji_06d17
00143c88 00000040 t kanji_load_kanji_06d12
00143cc8 00000040 t kanji_load_kanji_06d0c
00143d08 00000040 t kanji_load_kanji_06d0b
00143d48 00000044 t kanji_load_kanji_06cf3
00143d8c 00000040 t kanji_load_kanji_06cf0
00143dcc 00000044 t kanji_load_kanji_06cef
00143e10 00000044 t kanji_load_kanji_06cea
00143e54 00000044 t kanji_load_kanji_06ce8
00143e98 00000044 t kanji_load_kanji_06ce5
00143edc 00000044 t kanji_load_kanji_06ce3
00143f20 00000044 t kanji_load_kanji_06ce2
00143f64 00000044 t kanji_load_kanji_06ce1
00143fa8 00000044 t kanji_load_kanji_06cdd
00143fec 00000044 t kanji_load_kanji_06cdb
00144030 00000044 t kanji_load_kanji_06cd7
00144074 00000044 t kanji_load_kanji_06cd5
001440b8 00000044 t kanji_load_kanji_06cd3
001440fc 00000044 t kanji_load_kanji_06ccc
00144140 00000044 t kanji_load_kanji_06cca
00144184 00000040 t kanji_load_kanji_06cc9
001441c4 00000044 t kanji_load_kanji_06cc5
00144208 00000044 t kanji_load_kanji_06cc4
0014424c 00000044 t kanji_load_kanji_06cc1
00144290 00000044 t kanji_load_kanji_06cbf
001442d4 00000044 t kanji_load_kanji_06cbe
00144318 00000044 t kanji_load_kanji_06cbd
0014435c 00000044 t kanji_load_kanji_06cbc
001443a0 00000044 t kanji_load_kanji_06cbb
001443e4 00000044 t kanji_load_kanji_06cb9
00144428 00000044 t kanji_load_kanji_06cb8
0014446c 00000044 t kanji_load_kanji_06cb3
001444b0 00000044 t kanji_load_kanji_06cb1
001444f4 00000044 t kanji_load_kanji_06cae
00144538 00000044 t kanji_load_kanji_06cab
0014457c 00000044 t kanji_load_kanji_06ca2
001445c0 00000044 t kanji_load_kanji_06ca1
00144604 00000044 t kanji_load_kanji_06c9b
00144648 00000044 t kanji_load_kanji_06c9a
0014468c 00000044 t kanji_load_kanji_06c99
001446d0 00000044 t kanji_load_kanji_06c96
00144714 00000044 t kanji_load_kanji_06c93
00144758 00000044 t kanji_load_kanji_06c92
0014479c 00000044 t kanji_load_kanji_06c90
001447e0 00000044 t kanji_load_kanji_06c8d
00144824 00000044 t kanji_load_kanji_06c8c
00144868 00000044 t kanji_load_kanji_06c88
001448ac 00000044 t kanji_load_kanji_06c83
001448f0 00000044 t kanji_load_kanji_06c82
00144934 00000044 t kanji_load_kanji_06c81
00144978 00000044 t kanji_load_kanji_06c7d
001449bc 00000044 t kanji_load_kanji_06c7a
00144a00 00000044 t kanji_load_kanji_06c72
00144a44 00000044 t kanji_load_kanji_06c70
00144a88 00000044 t kanji_load_kanji_06c6a
00144acc 00000044 t kanji_load_kanji_06c68
00144b10 00000044 t kanji_load_kanji_06c60
00144b54 00000044 t kanji_load_kanji_06c5f
00144b98 00000044 t kanji_load_kanji_06c5e
00144bdc 00000044 t kanji_load_kanji_06c5d
00144c20 00000044 t kanji_load_kanji_06c5a
00144c64 00000044 t kanji_load_kanji_06c57
00144ca8 00000044 t kanji_load_kanji_06c55
00144cec 00000044 t kanji_load_kanji_06c50
00144d30 00000044 t kanji_load_kanji_06c4e
00144d74 00000044 t kanji_load_kanji_06c42
00144db8 00000044 t kanji_load_kanji_06c41
00144dfc 00000044 t kanji_load_kanji_06c40
00144e40 00000044 t kanji_load_kanji_06c3e
00144e84 00000044 t kanji_load_kanji_06c38
00144ec8 00000044 t kanji_load_kanji_06c37
00144f0c 00000044 t kanji_load_kanji_06c34
00144f50 00000040 t kanji_load_kanji_06c23
00144f90 00000044 t kanji_load_kanji_06c1b
00144fd4 00000044 t kanji_load_kanji_06c17
00145018 00000044 t kanji_load_kanji_06c13
0014505c 00000044 t kanji_load_kanji_06c11
001450a0 00000044 t kanji_load_kanji_06c0f
001450e4 00000040 t kanji_load_kanji_06c08
00145124 00000040 t kanji_load_kanji_06bf3
00145164 00000040 t kanji_load_kanji_06bef
001451a4 00000040 t kanji_load_kanji_06bec
001451e4 00000040 t kanji_load_kanji_06beb
00145224 00000044 t kanji_load_kanji_06bdf
00145268 00000044 t kanji_load_kanji_06bdb
001452ac 00000040 t kanji_load_kanji_06bd8
001452ec 00000044 t kanji_load_kanji_06bd4
00145330 00000044 t kanji_load_kanji_06bd2
00145374 00000044 t kanji_load_kanji_06bce
001453b8 00000044 t kanji_load_kanji_06bcd
001453fc 00000044 t kanji_load_kanji_06bcb
00145440 00000040 t kanji_load_kanji_06bc6
00145480 00000040 t kanji_load_kanji_06bc5
001454c0 00000040 t kanji_load_kanji_06bc0
00145500 00000040 t kanji_load_kanji_06bbf
00145540 00000040 t kanji_load_kanji_06bbc
00145580 00000040 t kanji_load_kanji_06bbb
001455c0 00000040 t kanji_load_kanji_06bba
00145600 00000040 t kanji_load_kanji_06bb7
00145640 00000040 t kanji_load_kanji_06bb5
00145680 00000044 t kanji_load_kanji_06bb4
001456c4 00000040 t kanji_load_kanji_06bb2
00145704 00000040 t kanji_load_kanji_06baf
00145744 00000040 t kanji_load_kanji_06bab
00145784 00000040 t kanji_load_kanji_06baa
001457c4 00000040 t kanji_load_kanji_06ba4
00145804 00000040 t kanji_load_kanji_06b9e
00145844 00000040 t kanji_load_kanji_06b98
00145884 00000040 t kanji_load_kanji_06b96
001458c4 00000040 t kanji_load_kanji_06b8d
00145904 00000040 t kanji_load_kanji_06b8b
00145944 00000040 t kanji_load_kanji_06b8a
00145984 00000040 t kanji_load_kanji_06b89
001459c4 00000040 t kanji_load_kanji_06b86
00145a04 00000040 t kanji_load_kanji_06b84
00145a44 00000040 t kanji_load_kanji_06b83
00145a84 00000044 t kanji_load_kanji_06b80
00145ac8 00000044 t kanji_load_kanji_06b7f
00145b0c 00000044 t kanji_load_kanji_06b7b
00145b50 00000040 t kanji_load_kanji_06b78
00145b90 00000040 t kanji_load_kanji_06b74
00145bd0 00000040 t kanji_load_kanji_06b73
00145c10 00000040 t kanji_load_kanji_06b6f
00145c50 00000040 t kanji_load_kanji_06b6a
00145c90 00000044 t kanji_load_kanji_06b69
00145cd4 00000044 t kanji_load_kanji_06b66
00145d18 00000044 t kanji_load_kanji_06b64
00145d5c 00000044 t kanji_load_kanji_06b63
00145da0 00000044 t kanji_load_kanji_06b62
00145de4 00000040 t kanji_load_kanji_06b61
00145e24 00000040 t kanji_load_kanji_06b5f
00145e64 00000040 t kanji_load_kanji_06b5b
00145ea4 00000040 t kanji_load_kanji_06b59
00145ee4 00000040 t kanji_load_kanji_06b54
00145f24 00000040 t kanji_load_kanji_06b53
00145f64 00000040 t kanji_load_kanji_06b50
00145fa4 00000040 t kanji_load_kanji_06b4e
00145fe4 00000040 t kanji_load_kanji_06b4c
00146024 00000040 t kanji_load_kanji_06b49
00146064 00000040 t kanji_load_kanji_06b47
001460a4 00000040 t kanji_load_kanji_06b43
001460e4 00000040 t kanji_load_kanji_06b3e
00146124 00000040 t kanji_load_kanji_06b3d
00146164 00000040 t kanji_load_kanji_06b3a
001461a4 00000040 t kanji_load_kanji_06b39
001461e4 00000040 t kanji_load_kanji_06b38
00146224 00000040 t kanji_load_kanji_06b37
00146264 00000040 t kanji_load_kanji_06b32
001462a4 00000044 t kanji_load_kanji_06b27
001462e8 00000044 t kanji_load_kanji_06b23
0014632c 00000044 t kanji_load_kanji_06b21
00146370 00000044 t kanji_load_kanji_06b20
001463b4 00000040 t kanji_load_kanji_06b16
001463f4 00000040 t kanji_load_kanji_06b12
00146434 00000040 t kanji_load_kanji_06b0a
00146474 00000040 t kanji_load_kanji_06b05
001464b4 00000040 t kanji_load_kanji_06b04
001464f4 00000040 t kanji_load_kanji_06afb
00146534 00000040 t kanji_load_kanji_06afa
00146574 00000040 t kanji_load_kanji_06aea
001465b4 00000040 t kanji_load_kanji_06ae8
001465f4 00000040 t kanji_load_kanji_06adf
00146634 00000040 t kanji_load_kanji_06adb
00146674 00000040 t kanji_load_kanji_06ada
001466b4 00000040 t kanji_load_kanji_06ad3
001466f4 00000040 t kanji_load_kanji_06ac3
00146734 00000040 t kanji_load_kanji_06ac2
00146774 00000040 t kanji_load_kanji_06abb
001467b4 00000040 t kanji_load_kanji_06ab8
001467f4 00000040 t kanji_load_kanji_06ab3
00146834 00000040 t kanji_load_kanji_06aae
00146874 00000040 t kanji_load_kanji_06aac
001468b4 00000040 t kanji_load_kanji_06aa3
001468f4 00000040 t kanji_load_kanji_06aa2
00146934 00000040 t kanji_load_kanji_06aa0
00146974 00000040 t kanji_load_kanji_06a9c
001469b4 00000040 t kanji_load_kanji_06a97
001469f4 00000040 t kanji_load_kanji_06a90
00146a34 00000040 t kanji_load_kanji_06a8e
00146a74 00000040 t kanji_load_kanji_06a84
00146ab4 00000040 t kanji_load_kanji_06a80
00146af4 00000040 t kanji_load_kanji_06a7f
00146b34 00000040 t kanji_load_kanji_06a66
00146b74 00000040 t kanji_load_kanji_06a61
00146bb4 00000040 t kanji_load_kanji_06a5f
00146bf4 00000040 t kanji_load_kanji_06a59
00146c34 00000040 t kanji_load_kanji_06a58
00146c74 00000040 t kanji_load_kanji_06a4b
00146cb4 00000040 t kanji_load_kanji_06a48
00146cf4 00000040 t kanji_load_kanji_06a47
00146d34 00000040 t kanji_load_kanji_06a44
00146d74 00000040 t kanji_load_kanji_06a3d
00146db4 00000040 t kanji_load_kanji_06a3a
00146df4 00000040 t kanji_load_kanji_06a39
00146e34 00000040 t kanji_load_kanji_06a38
00146e74 00000040 t kanji_load_kanji_06a35
00146eb4 00000040 t kanji_load_kanji_06a2b
00146ef4 00000040 t kanji_load_kanji_06a2a
00146f34 00000040 t kanji_load_kanji_06a29
00146f74 00000040 t kanji_load_kanji_06a23
00146fb4 00000040 t kanji_load_kanji_06a21
00146ff4 00000040 t kanji_load_kanji_06a1f
00147034 00000040 t kanji_load_kanji_06a1e
00147074 00000040 t kanji_load_kanji_06a1b
001470b4 00000040 t kanji_load_kanji_06a19
001470f4 00000040 t kanji_load_kanji_06a17
00147134 00000040 t kanji_load_kanji_06a14
00147174 00000040 t kanji_load_kanji_06a13
001471b4 00000040 t kanji_load_kanji_06a12
001471f4 00000040 t kanji_load_kanji_06a0b
00147234 00000040 t kanji_load_kanji_06a0a
00147274 00000040 t kanji_load_kanji_06a05
001472b4 00000040 t kanji_load_kanji_06a02
001472f4 00000040 t kanji_load_kanji_069ff
00147334 00000040 t kanji_load_kanji_069fd
00147374 00000040 t kanji_load_kanji_069fb
001473b4 00000040 t kanji_load_kanji_069f2
001473f4 00000040 t kanji_load_kanji_069ed
00147434 00000040 t kanji_load_kanji_069e8
00147474 00000040 t kanji_load_kanji_069e7
001474b4 00000040 t kanji_load_kanji_069d9
001474f4 00000040 t kanji_load_kanji_069d8
00147534 00000040 t kanji_load_kanji_069d3
00147574 00000040 t kanji_load_kanji_069d0
001475b4 00000040 t kanji_load_kanji_069ce
001475f4 00000040 t kanji_load_kanji_069cd
00147634 00000040 t kanji_load_kanji_069cc
00147674 00000040 t kanji_load_kanji_069cb
001476b4 00000040 t kanji_load_kanji_069ca
001476f4 00000040 t kanji_load_kanji_069c7
00147734 00000040 t kanji_load_kanji_069c3
00147774 00000040 t kanji_load_kanji_069c1
001477b4 00000040 t kanji_load_kanji_069be
001477f4 00000040 t kanji_load_kanji_069bb
00147834 00000040 t kanji_load_kanji_069b4
00147874 00000040 t kanji_load_kanji_069b1
001478b4 00000040 t kanji_load_kanji_069ae
001478f4 00000040 t kanji_load_kanji_069a7
00147934 00000040 t kanji_load_kanji_0699c
00147974 00000040 t kanji_load_kanji_0699b
001479b4 00000040 t kanji_load_kanji_06995
001479f4 00000040 t kanji_load_kanji_06994
00147a34 00000040 t kanji_load_kanji_06991
00147a74 00000040 t kanji_load_kanji_0698e
00147ab4 00000040 t kanji_load_kanji_0698a
00147af4 00000040 t kanji_load_kanji_06982
00147b34 00000040 t kanji_load_kanji_06981
00147b74 00000040 t kanji_load_kanji_0697e
00147bb4 00000040 t kanji_load_kanji_0697d
00147bf4 00000040 t kanji_load_kanji_0697c
00147c34 00000040 t kanji_load_kanji_06979
00147c74 00000040 t kanji_load_kanji_06978
00147cb4 00000040 t kanji_load_kanji_06977
00147cf4 00000040 t kanji_load_kanji_06975
00147d34 00000040 t kanji_load_kanji_06973
00147d74 00000040 t kanji_load_kanji_0696f
00147db4 00000040 t kanji_load_kanji_0696e
00147df4 00000040 t kanji_load_kanji_0696d
00147e34 00000040 t kanji_load_kanji_0696b
00147e74 00000040 t kanji_load_kanji_06962
00147eb4 00000040 t kanji_load_kanji_06961
00147ef4 00000040 t kanji_load_kanji_06960
00147f34 00000040 t kanji_load_kanji_0695d
00147f74 00000040 t kanji_load_kanji_0695a
00147fb4 00000040 t kanji_load_kanji_06955
00147ff4 00000040 t kanji_load_kanji_06954
00148034 00000040 t kanji_load_kanji_06953
00148074 00000040 t kanji_load_kanji_0694a
001480b4 00000040 t kanji_load_kanji_0693f
001480f4 00000040 t kanji_load_kanji_0693d
00148134 00000040 t kanji_load_kanji_06939
00148174 00000040 t kanji_load_kanji_06934
001481b4 00000040 t kanji_load_kanji_06930
001481f4 00000040 t kanji_load_kanji_0691c
00148234 00000040 t kanji_load_kanji_0691b
00148274 00000040 t kanji_load_kanji_0691a
001482b4 00000040 t kanji_load_kanji_06919
001482f4 00000040 t kanji_load_kanji_06912
00148334 00000040 t kanji_load_kanji_0690f
00148374 00000040 t kanji_load_kanji_0690e
001483b4 00000040 t kanji_load_kanji_0690d
001483f4 00000040 t kanji_load_kanji_0690b
00148434 00000040 t kanji_load_kanji_06908
00148474 00000040 t kanji_load_kanji_06905
001484b4 00000040 t kanji_load_kanji_06904
001484f4 00000040 t kanji_load_kanji_06901
00148534 00000040 t kanji_load_kanji_06900
00148574 00000040 t kanji_load_kanji_068fa
001485b4 00000040 t kanji_load_kanji_068f9
001485f4 00000040 t kanji_load_kanji_068f2
00148634 00000040 t kanji_load_kanji_068ee
00148674 00000040 t kanji_load_kanji_068e7
001486b4 00000040 t kanji_load_kanji_068e3
001486f4 00000040 t kanji_load_kanji_068e0
00148734 00000040 t kanji_load_kanji_068df
00148774 00000040 t kanji_load_kanji_068da
001487b4 00000040 t kanji_load_kanji_068d8
001487f4 00000040 t kanji_load_kanji_068d7
00148834 00000040 t kanji_load_kanji_068d5
00148874 00000040 t kanji_load_kanji_068d2
001488b4 00000040 t kanji_load_kanji_068cd
001488f4 00000040 t kanji_load_kanji_068cb
00148934 00000040 t kanji_load_kanji_068c9
00148974 00000040 t kanji_load_kanji_068c4
001489b4 00000040 t kanji_load_kanji_068ba
001489f4 00000040 t kanji_load_kanji_068b6
00148a34 00000040 t kanji_load_kanji_068b5
00148a74 00000040 t kanji_load_kanji_068b1
00148ab4 00000040 t kanji_load_kanji_068b0
00148af4 00000040 t kanji_load_kanji_068af
00148b34 00000040 t kanji_load_kanji_068ad
00148b74 00000040 t kanji_load_kanji_068a8
00148bb4 00000040 t kanji_load_kanji_068a7
00148bf4 00000040 t kanji_load_kanji_068a2
00148c34 00000040 t kanji_load_kanji_068a0
00148c74 00000040 t kanji_load_kanji_0689f
00148cb4 00000040 t kanji_load_kanji_0689d
00148cf4 00000040 t kanji_load_kanji_06897
00148d34 00000040 t kanji_load_kanji_06894
00148d74 00000040 t kanji_load_kanji_06893
00148db4 00000040 t kanji_load_kanji_0688f
00148df4 00000040 t kanji_load_kanji_06885
00148e34 00000040 t kanji_load_kanji_06883
00148e74 00000040 t kanji_load_kanji_06881
00148eb4 00000040 t kanji_load_kanji_06877
00148ef4 00000040 t kanji_load_kanji_06876
00148f34 00000040 t kanji_load_kanji_06874
00148f74 00000040 t kanji_load_kanji_0685f
00148fb4 00000040 t kanji_load_kanji_0685c
00148ff4 00000040 t kanji_load_kanji_06859
00149034 00000040 t kanji_load_kanji_06854
00149074 00000040 t kanji_load_kanji_06853
001490b4 00000040 t kanji_load_kanji_06851
001490f4 00000040 t kanji_load_kanji_06850
00149134 00000040 t kanji_load_kanji_0684e
00149174 00000040 t kanji_load_kanji_06848
001491b4 00000040 t kanji_load_kanji_06846
001491f4 00000040 t kanji_load_kanji_06843
00149234 00000040 t kanji_load_kanji_06842
00149274 00000040 t kanji_load_kanji_06841
001492b4 00000040 t kanji_load_kanji_0683d
001492f4 00000040 t kanji_load_kanji_0683c
00149334 00000040 t kanji_load_kanji_06839
00149374 00000040 t kanji_load_kanji_06838
001493b4 00000040 t kanji_load_kanji_06834
001493f4 00000040 t kanji_load_kanji_06832
00149434 00000040 t kanji_load_kanji_0682b
00149474 00000040 t kanji_load_kanji_0682a
001494b4 00000040 t kanji_load_kanji_06829
001494f4 00000040 t kanji_load_kanji_06821
00149534 00000040 t kanji_load_kanji_0681e
00149574 00000040 t kanji_load_kanji_06817
001495b4 00000040 t kanji_load_kanji_06816
001495f4 00000040 t kanji_load_kanji_06813
00149634 00000040 t kanji_load_kanji_06804
00149674 00000040 t kanji_load_kanji_06803
001496b4 00000040 t kanji_load_kanji_06802
001496f4 00000040 t kanji_load_kanji_067ff
00149734 00000040 t kanji_load_kanji_067fe
00149774 00000040 t kanji_load_kanji_067fb
001497b4 00000040 t kanji_load_kanji_067f5
001497f4 00000040 t kanji_load_kanji_067f4
00149834 00000040 t kanji_load_kanji_067f3
00149874 00000040 t kanji_load_kanji_067f1
001498b4 00000040 t kanji_load_kanji_067ef
001498f4 00000040 t kanji_load_kanji_067ee
00149934 00000040 t kanji_load_kanji_067ec
00149974 00000040 t kanji_load_kanji_067e9
001499b4 00000040 t kanji_load_kanji_067e4
001499f4 00000040 t kanji_load_kanji_067e2
00149a34 00000040 t kanji_load_kanji_067de
00149a74 00000040 t kanji_load_kanji_067dd
00149ab4 00000040 t kanji_load_kanji_067da
00149af4 00000040 t kanji_load_kanji_067d8
00149b34 00000040 t kanji_load_kanji_067d4
00149b74 00000040 t kanji_load_kanji_067d3
00149bb4 00000040 t kanji_load_kanji_067d1
00149bf4 00000040 t kanji_load_kanji_067d0
00149c34 00000040 t kanji_load_kanji_067cf
00149c74 00000040 t kanji_load_kanji_067ce
00149cb4 00000040 t kanji_load_kanji_067ca
00149cf4 00000040 t kanji_load_kanji_067c4
00149d34 00000040 t kanji_load_kanji_067c1
00149d74 00000040 t kanji_load_kanji_067b9
00149db4 00000040 t kanji_load_kanji_067b8
00149df4 00000040 t kanji_load_kanji_067b7
00149e34 00000040 t kanji_load_kanji_067b6
00149e74 00000040 t kanji_load_kanji_067b4
00149eb4 00000040 t kanji_load_kanji_067b3
00149ef4 00000040 t kanji_load_kanji_067af
00149f34 00000044 t kanji_load_kanji_067a2
00149f78 00000044 t kanji_load_kanji_067a1
00149fbc 00000044 t kanji_load_kanji_067a0
0014a000 00000044 t kanji_load_kanji_0679d
0014a044 00000044 t kanji_load_kanji_0679c
0014a088 00000044 t kanji_load_kanji_0679a
0014a0cc 00000044 t kanji_load_kanji_06797
0014a110 00000044 t kanji_load_kanji_06795
0014a154 00000044 t kanji_load_kanji_06790
0014a198 00000044 t kanji_load_kanji_0678c
0014a1dc 00000044 t kanji_load_kanji_0678b
0014a220 00000044 t kanji_load_kanji_06789
0014a264 00000044 t kanji_load_kanji_06787
0014a2a8 00000044 t kanji_load_kanji_0677f
0014a2ec 00000044 t kanji_load_kanji_0677e
0014a330 00000044 t kanji_load_kanji_0677c
0014a374 00000044 t kanji_load_kanji_06777
0014a3b8 00000044 t kanji_load_kanji_06775
0014a3fc 00000044 t kanji_load_kanji_06773
0014a440 00000044 t kanji_load_kanji_06772
0014a484 00000044 t kanji_load_kanji_06771
0014a4c8 00000044 t kanji_load_kanji_0676f
0014a50c 00000044 t kanji_load_kanji_0676d
0014a550 00000044 t kanji_load_kanji_0676a
0014a594 00000044 t kanji_load_kanji_06765
0014a5d8 00000044 t kanji_load_kanji_06763
0014a61c 00000044 t kanji_load_kanji_06762
0014a660 00000044 t kanji_load_kanji_06761
0014a6a4 00000044 t kanji_load_kanji_06760
0014a6e8 00000044 t kanji_load_kanji_0675f
0014a72c 00000044 t kanji_load_kanji_0675e
0014a770 00000044 t kanji_load_kanji_0675c
0014a7b4 00000044 t kanji_load_kanji_06759
0014a7f8 00000044 t kanji_load_kanji_06756
0014a83c 00000044 t kanji_load_kanji_06753
0014a880 00000044 t kanji_load_kanji_06751
0014a8c4 00000044 t kanji_load_kanji_06750
0014a908 00000044 t kanji_load_kanji_0674f
0014a94c 00000044 t kanji_load_kanji_0674e
0014a990 00000044 t kanji_load_kanji_06749
0014a9d4 00000044 t kanji_load_kanji_06746
0014aa18 00000044 t kanji_load_kanji_0673f
0014aa5c 00000044 t kanji_load_kanji_0673d
0014aaa0 00000044 t kanji_load_kanji_0673a
0014aae4 00000044 t kanji_load_kanji_06738
0014ab28 00000044 t kanji_load_kanji_06736
0014ab6c 00000044 t kanji_load_kanji_06734
0014abb0 00000044 t kanji_load_kanji_06731
0014abf4 00000044 t kanji_load_kanji_0672e
0014ac38 00000044 t kanji_load_kanji_0672d
0014ac7c 00000044 t kanji_load_kanji_0672c
0014acc0 00000044 t kanji_load_kanji_0672b
0014ad04 00000044 t kanji_load_kanji_0672a
0014ad48 00000044 t kanji_load_kanji_06728
0014ad8c 00000040 t kanji_load_kanji_06727
0014adcc 00000040 t kanji_load_kanji_06726
0014ae0c 00000040 t kanji_load_kanji_0671f
0014ae4c 00000040 t kanji_load_kanji_0671e
0014ae8c 00000040 t kanji_load_kanji_0671d
0014aecc 00000040 t kanji_load_kanji_0671b
0014af0c 00000040 t kanji_load_kanji_06717
0014af4c 00000040 t kanji_load_kanji_06715
0014af8c 00000040 t kanji_load_kanji_06714
0014afcc 00000040 t kanji_load_kanji_0670f
0014b00c 00000044 t kanji_load_kanji_0670d
0014b050 00000044 t kanji_load_kanji_0670b
0014b094 00000044 t kanji_load_kanji_06709
0014b0d8 00000044 t kanji_load_kanji_06708
0014b11c 00000040 t kanji_load_kanji_06703
0014b15c 00000040 t kanji_load_kanji_06700
0014b19c 00000040 t kanji_load_kanji_066ff
0014b1dc 00000040 t kanji_load_kanji_066fe
0014b21c 00000040 t kanji_load_kanji_066fd
0014b25c 00000040 t kanji_load_kanji_066fc
0014b29c 00000040 t kanji_load_kanji_066f9
0014b2dc 00000040 t kanji_load_kanji_066f8
0014b31c 00000040 t kanji_load_kanji_066f7
0014b35c 00000044 t kanji_load_kanji_066f4
0014b3a0 00000044 t kanji_load_kanji_066f3
0014b3e4 00000044 t kanji_load_kanji_066f2
0014b428 00000044 t kanji_load_kanji_066f0
0014b46c 00000040 t kanji_load_kanji_066e9
0014b4ac 00000040 t kanji_load_kanji_066e6
0014b4ec 00000040 t kanji_load_kanji_066e0
0014b52c 00000040 t kanji_load_kanji_066dd
0014b56c 00000040 t kanji_load_kanji_066dc
0014b5ac 00000040 t kanji_load_kanji_066da
0014b5ec 00000040 t kanji_load_kanji_066d9
0014b62c 00000040 t kanji_load_kanji_066d6
0014b66c 00000040 t kanji_load_kanji_066c9
0014b6ac 00000040 t kanji_load_kanji_066c7
0014b6ec 00000040 t kanji_load_kanji_066be
0014b72c 00000040 t kanji_load_kanji_066b9
0014b76c 00000040 t kanji_load_kanji_066b4
0014b7ac 00000040 t kanji_load_kanji_066ae
0014b7ec 00000040 t kanji_load_kanji_066ab
0014b82c 00000040 t kanji_load_kanji_066a6
0014b86c 00000040 t kanji_load_kanji_066a2
0014b8ac 00000040 t kanji_load_kanji_0669d
0014b8ec 00000040 t kanji_load_kanji_06698
0014b92c 00000040 t kanji_load_kanji_06697
0014b96c 00000040 t kanji_load_kanji_06696
0014b9ac 00000040 t kanji_load_kanji_06691
0014b9ec 00000040 t kanji_load_kanji_06689
0014ba2c 00000040 t kanji_load_kanji_06688
0014ba6c 00000040 t kanji_load_kanji_06687
0014baac 00000040 t kanji_load_kanji_06684
0014baec 00000040 t kanji_load_kanji_06681
0014bb2c 00000040 t kanji_load_kanji_0667a
0014bb6c 00000040 t kanji_load_kanji_06676
0014bbac 00000040 t kanji_load_kanji_06674
0014bbec 00000040 t kanji_load_kanji_06670
0014bc2c 00000040 t kanji_load_kanji_0666f
0014bc6c 00000040 t kanji_load_kanji_0666e
0014bcac 00000040 t kanji_load_kanji_06669
0014bcec 00000040 t kanji_load_kanji_06668
0014bd2c 00000040 t kanji_load_kanji_06667
0014bd6c 00000040 t kanji_load_kanji_06666
0014bdac 00000040 t kanji_load_kanji_06664
0014bdec 00000040 t kanji_load_kanji_06662
0014be2c 00000040 t kanji_load_kanji_0665f
0014be6c 00000040 t kanji_load_kanji_0665e
0014beac 00000040 t kanji_load_kanji_0665d
0014beec 00000040 t kanji_load_kanji_06652
0014bf2c 00000040 t kanji_load_kanji_0664f
0014bf6c 00000040 t kanji_load_kanji_0664b
0014bfac 00000040 t kanji_load_kanji_06649
0014bfec 00000040 t kanji_load_kanji_06643
0014c02c 00000040 t kanji_load_kanji_06642
0014c06c 00000040 t kanji_load_kanji_06641
0014c0ac 00000040 t kanji_load_kanji_0663c
0014c0ec 00000040 t kanji_load_kanji_06636
0014c12c 00000040 t kanji_load_kanji_06635
0014c16c 00000040 t kanji_load_kanji_06634
0014c1ac 00000040 t kanji_load_kanji_0662f
0014c1ec 00000040 t kanji_load_kanji_0662d
0014c22c 00000040 t kanji_load_kanji_06628
0014c26c 00000040 t kanji_load_kanji_06627
0014c2ac 00000040 t kanji_load_kanji_06625
0014c2ec 00000040 t kanji_load_kanji_06620
0014c32c 00000040 t kanji_load_kanji_0661f
0014c36c 00000040 t kanji_load_kanji_0661c
0014c3ac 00000044 t kanji_load_kanji_06614
0014c3f0 00000044 t kanji_load_kanji_06613
0014c434 00000044 t kanji_load_kanji_0660f
0014c478 00000044 t kanji_load_kanji_0660e
0014c4bc 00000044 t kanji_load_kanji_0660c
0014c500 00000044 t kanji_load_kanji_0660a
0014c544 00000044 t kanji_load_kanji_06607
0014c588 00000044 t kanji_load_kanji_06606
0014c5cc 00000044 t kanji_load_kanji_06603
0014c610 00000044 t kanji_load_kanji_06602
0014c654 00000044 t kanji_load_kanji_065fb
0014c698 00000044 t kanji_load_kanji_065fa
0014c6dc 00000044 t kanji_load_kanji_065f1
0014c720 00000044 t kanji_load_kanji_065ed
0014c764 00000044 t kanji_load_kanji_065ec
0014c7a8 00000044 t kanji_load_kanji_065e9
0014c7ec 00000044 t kanji_load_kanji_065e8
0014c830 00000044 t kanji_load_kanji_065e7
0014c874 00000044 t kanji_load_kanji_065e6
0014c8b8 00000044 t kanji_load_kanji_065e5
0014c8fc 00000040 t kanji_load_kanji_065e2
0014c93c 00000040 t kanji_load_kanji_065db
0014c97c 00000040 t kanji_load_kanji_065d7
0014c9bc 00000040 t kanji_load_kanji_065cf
0014c9fc 00000040 t kanji_load_kanji_065cc
0014ca3c 00000040 t kanji_load_kanji_065cb
0014ca7c 00000040 t kanji_load_kanji_065c6
0014cabc 00000040 t kanji_load_kanji_065c5
0014cafc 00000040 t kanji_load_kanji_065c4
0014cb3c 00000040 t kanji_load_kanji_065c3
0014cb7c 00000040 t kanji_load_kanji_065c1
0014cbbc 00000040 t kanji_load_kanji_065bd
0014cbfc 00000044 t kanji_load_kanji_065bc
0014cc40 00000044 t kanji_load_kanji_065b9
0014cc84 00000040 t kanji_load_kanji_065b7
0014ccc4 00000040 t kanji_load_kanji_065b0
0014cd04 00000040 t kanji_load_kanji_065af
0014cd44 00000040 t kanji_load_kanji_065ad
0014cd84 00000040 t kanji_load_kanji_065ac
0014cdc4 00000040 t kanji_load_kanji_065ab
0014ce04 00000044 t kanji_load_kanji_065a7
0014ce48 00000044 t kanji_load_kanji_065a5
0014ce8c 00000044 t kanji_load_kanji_065a4
0014ced0 00000040 t kanji_load_kanji_065a1
0014cf10 00000040 t kanji_load_kanji_0659f
0014cf50 00000040 t kanji_load_kanji_0659c
0014cf90 00000040 t kanji_load_kanji_0659b
0014cfd0 00000040 t kanji_load_kanji_06599
0014d010 00000044 t kanji_load_kanji_06597
0014d054 00000040 t kanji_load_kanji_06591
0014d094 00000040 t kanji_load_kanji_06590
0014d0d4 00000040 t kanji_load_kanji_0658e
0014d114 00000040 t kanji_load_kanji_0658c
0014d154 00000044 t kanji_load_kanji_06589
0014d198 00000044 t kanji_load_kanji_06587
0014d1dc 00000040 t kanji_load_kanji_06583
0014d21c 00000040 t kanji_load_kanji_06582
0014d25c 00000040 t kanji_load_kanji_06578
0014d29c 00000040 t kanji_load_kanji_06577
0014d2dc 00000040 t kanji_load_kanji_06575
0014d31c 00000040 t kanji_load_kanji_06574
0014d35c 00000040 t kanji_load_kanji_06572
0014d39c 00000040 t kanji_load_kanji_06570
0014d3dc 00000040 t kanji_load_kanji_0656c
0014d41c 00000040 t kanji_load_kanji_06566
0014d45c 00000040 t kanji_load_kanji_06563
0014d49c 00000040 t kanji_load_kanji_06562
0014d4dc 00000040 t kanji_load_kanji_0655e
0014d51c 00000040 t kanji_load_kanji_0655d
0014d55c 00000040 t kanji_load_kanji_06559
0014d59c 00000040 t kanji_load_kanji_06557
0014d5dc 00000040 t kanji_load_kanji_06556
0014d61c 00000040 t kanji_load_kanji_06555
0014d65c 00000040 t kanji_load_kanji_06551
0014d69c 00000040 t kanji_load_kanji_0654f
0014d6dc 00000040 t kanji_load_kanji_0654d
0014d71c 00000040 t kanji_load_kanji_06548
0014d75c 00000040 t kanji_load_kanji_06545
0014d79c 00000040 t kanji_load_kanji_0653f
0014d7dc 00000044 t kanji_load_kanji_0653e
0014d820 00000044 t kanji_load_kanji_0653b
0014d864 00000044 t kanji_load_kanji_06539
0014d8a8 00000044 t kanji_load_kanji_06536
0014d8ec 00000044 t kanji_load_kanji_0652f
0014d930 00000040 t kanji_load_kanji_0652c
0014d970 00000040 t kanji_load_kanji_0652b
0014d9b0 00000040 t kanji_load_kanji_0652a
0014d9f0 00000040 t kanji_load_kanji_06524
0014da30 00000040 t kanji_load_kanji_06523
0014da70 00000040 t kanji_load_kanji_0651d
0014dab0 00000040 t kanji_load_kanji_06518
0014daf0 00000040 t kanji_load_kanji_06500
0014db30 00000040 t kanji_load_kanji_064fe
0014db70 00000040 t kanji_load_kanji_064fd
0014dbb0 00000040 t kanji_load_kanji_064fa
0014dbf0 00000040 t kanji_load_kanji_064f4
0014dc30 00000040 t kanji_load_kanji_064f2
0014dc70 00000040 t kanji_load_kanji_064f1
0014dcb0 00000040 t kanji_load_kanji_064ef
0014dcf0 00000040 t kanji_load_kanji_064ec
0014dd30 00000040 t kanji_load_kanji_064e7
0014dd70 00000040 t kanji_load_kanji_064e6
0014ddb0 00000040 t kanji_load_kanji_064e3
0014ddf0 00000040 t kanji_load_kanji_064e2
0014de30 00000040 t kanji_load_kanji_064e1
0014de70 00000040 t kanji_load_kanji_064e0
0014deb0 00000040 t kanji_load_kanji_064da
0014def0 00000040 t kanji_load_kanji_064d8
0014df30 00000040 t kanji_load_kanji_064d4
0014df70 00000040 t kanji_load_kanji_064d2
0014dfb0 00000040 t kanji_load_kanji_064cd
0014dff0 00000040 t kanji_load_kanji_064c7
0014e030 00000040 t kanji_load_kanji_064c5
0014e070 00000040 t kanji_load_kanji_064c2
0014e0b0 00000040 t kanji_load_kanji_064c1
0014e0f0 00000040 t kanji_load_kanji_064bc
0014e130 00000040 t kanji_load_kanji_064bb
0014e170 00000040 t kanji_load_kanji_064b2
0014e1b0 00000040 t kanji_load_kanji_064b0
0014e1f0 00000040 t kanji_load_kanji_064ae
0014e230 00000040 t kanji_load_kanji_064ad
0014e270 00000040 t kanji_load_kanji_064ab
0014e2b0 00000040 t kanji_load_kanji_064a9
0014e2f0 00000040 t kanji_load_kanji_064a5
0014e330 00000040 t kanji_load_kanji_064a4
0014e370 00000040 t kanji_load_kanji_0649e
0014e3b0 00000040 t kanji_load_kanji_0649a
0014e3f0 00000040 t kanji_load_kanji_06495
0014e430 00000040 t kanji_load_kanji_06493
0014e470 00000040 t kanji_load_kanji_06492
0014e4b0 00000040 t kanji_load_kanji_06488
0014e4f0 00000040 t kanji_load_kanji_06483
0014e530 00000040 t kanji_load_kanji_0647a
0014e570 00000040 t kanji_load_kanji_06478
0014e5b0 00000040 t kanji_load_kanji_06476
0014e5f0 00000040 t kanji_load_kanji_0646f
0014e630 00000040 t kanji_load_kanji_06469
0014e670 00000040 t kanji_load_kanji_06467
0014e6b0 00000040 t kanji_load_kanji_06458
0014e6f0 00000040 t kanji_load_kanji_06451
0014e730 00000040 t kanji_load_kanji_0644e
0014e770 00000040 t kanji_load_kanji_06442
0014e7b0 00000040 t kanji_load_kanji_0643e
0014e7f0 00000040 t kanji_load_kanji_0643a
0014e830 00000040 t kanji_load_kanji_06436
0014e870 00000040 t kanji_load_kanji_06434
0014e8b0 00000040 t kanji_load_kanji_0642d
0014e8f0 00000040 t kanji_load_kanji_0642c
0014e930 00000040 t kanji_load_kanji_06428
0014e970 00000040 t kanji_load_kanji_06426
0014e9b0 00000040 t kanji_load_kanji_0641c
0014e9f0 00000040 t kanji_load_kanji_06417
0014ea30 00000040 t kanji_load_kanji_06416
0014ea70 00000040 t kanji_load_kanji_06413
0014eab0 00000040 t kanji_load_kanji_0640f
0014eaf0 00000040 t kanji_load_kanji_0640d
0014eb30 00000040 t kanji_load_kanji_063fa
0014eb70 00000040 t kanji_load_kanji_063f6
0014ebb0 00000040 t kanji_load_kanji_063f4
0014ebf0 00000040 t kanji_load_kanji_063ee
0014ec30 00000040 t kanji_load_kanji_063e9
0014ec70 00000040 t kanji_load_kanji_063e3
0014ecb0 00000040 t kanji_load_kanji_063e1
0014ecf0 00000040 t kanji_load_kanji_063db
0014ed30 00000040 t kanji_load_kanji_063da
0014ed70 00000040 t kanji_load_kanji_063d6
0014edb0 00000040 t kanji_load_kanji_063d2
0014edf0 00000040 t kanji_load_kanji_063d0
0014ee30 00000040 t kanji_load_kanji_063cf
0014ee70 00000040 t kanji_load_kanji_063c9
0014eeb0 00000040 t kanji_load_kanji_063c6
0014eef0 00000040 t kanji_load_kanji_063c4
0014ef30 00000040 t kanji_load_kanji_063c3
0014ef70 00000040 t kanji_load_kanji_063c0
0014efb0 00000040 t kanji_load_kanji_063be
0014eff0 00000040 t kanji_load_kanji_063b2
0014f030 00000040 t kanji_load_kanji_063ac
0014f070 00000040 t kanji_load_kanji_063ab
0014f0b0 00000040 t kanji_load_kanji_063aa
0014f0f0 00000040 t kanji_load_kanji_063a9
0014f130 00000040 t kanji_load_kanji_063a8
0014f170 00000040 t kanji_load_kanji_063a7
0014f1b0 00000040 t kanji_load_kanji_063a5
0014f1f0 00000040 t kanji_load_kanji_063a3
0014f230 00000040 t kanji_load_kanji_063a2
0014f270 00000040 t kanji_load_kanji_063a1
0014f2b0 00000040 t kanji_load_kanji_063a0
0014f2f0 00000040 t kanji_load_kanji_0639f
0014f330 00000040 t kanji_load_kanji_0639b
0014f370 00000040 t kanji_load_kanji_06398
0014f3b0 00000040 t kanji_load_kanji_06396
0014f3f0 00000040 t kanji_load_kanji_06392
0014f430 00000040 t kanji_load_kanji_0638f
0014f470 00000040 t kanji_load_kanji_0638e
0014f4b0 00000040 t kanji_load_kanji_0638c
0014f4f0 00000040 t kanji_load_kanji_06389
0014f530 00000040 t kanji_load_kanji_06388
0014f570 00000040 t kanji_load_kanji_06383
0014f5b0 00000040 t kanji_load_kanji_06380
0014f5f0 00000040 t kanji_load_kanji_0637b
0014f630 00000040 t kanji_load_kanji_0637a
0014f670 00000040 t kanji_load_kanji_06377
0014f6b0 00000040 t kanji_load_kanji_06376
0014f6f0 00000040 t kanji_load_kanji_06372
0014f730 00000040 t kanji_load_kanji_0636e
0014f770 00000040 t kanji_load_kanji_0636b
0014f7b0 00000040 t kanji_load_kanji_06368
0014f7f0 00000040 t kanji_load_kanji_06367
0014f830 00000040 t kanji_load_kanji_0635c
0014f870 00000040 t kanji_load_kanji_06357
0014f8b0 00000040 t kanji_load_kanji_06355
0014f8f0 00000040 t kanji_load_kanji_06350
0014f930 00000040 t kanji_load_kanji_0634f
0014f970 00000040 t kanji_load_kanji_0634d
0014f9b0 00000040 t kanji_load_kanji_0634c
0014f9f0 00000040 t kanji_load_kanji_06349
0014fa30 00000040 t kanji_load_kanji_0633f
0014fa70 00000040 t kanji_load_kanji_0633e
0014fab0 00000040 t kanji_load_kanji_0633d
0014faf0 00000040 t kanji_load_kanji_0633a
0014fb30 00000040 t kanji_load_kanji_0632f
0014fb70 00000040 t kanji_load_kanji_0632b
0014fbb0 00000040 t kanji_load_kanji_06328
0014fbf0 00000040 t kanji_load_kanji_0631f
0014fc30 00000040 t kanji_load_kanji_06319
0014fc70 00000040 t kanji_load_kanji_06311
0014fcb0 00000040 t kanji_load_kanji_0630c
0014fcf0 00000040 t kanji_load_kanji_06309
0014fd30 00000040 t kanji_load_kanji_06308
0014fd70 00000040 t kanji_load_kanji_06307
0014fdb0 00000040 t kanji_load_kanji_06302
0014fdf0 00000040 t kanji_load_kanji_06301
0014fe30 00000040 t kanji_load_kanji_062ff
0014fe70 00000040 t kanji_load_kanji_062fe
0014feb0 00000040 t kanji_load_kanji_062f7
0014fef0 00000040 t kanji_load_kanji_062f6
0014ff30 00000040 t kanji_load_kanji_062f5
0014ff70 00000040 t kanji_load_kanji_062f3
0014ffb0 00000040 t kanji_load_kanji_062f1
0014fff0 00000040 t kanji_load_kanji_062ef
00150030 00000040 t kanji_load_kanji_062ee
00150070 00000040 t kanji_load_kanji_062ed
001500b0 00000040 t kanji_load_kanji_062ec
001500f0 00000044 t kanji_load_kanji_062e1
00150134 00000044 t kanji_load_kanji_062e0
00150178 00000044 t kanji_load_kanji_062dd
001501bc 00000040 t kanji_load_kanji_062dc
001501fc 00000044 t kanji_load_kanji_062db
00150240 00000044 t kanji_load_kanji_062d9
00150284 00000044 t kanji_load_kanji_062d8
001502c8 00000044 t kanji_load_kanji_062d7
0015030c 00000044 t kanji_load_kanji_062d4
00150350 00000044 t kanji_load_kanji_062d3
00150394 00000044 t kanji_load_kanji_062d2
001503d8 00000044 t kanji_load_kanji_062d1
0015041c 00000044 t kanji_load_kanji_062d0
00150460 00000044 t kanji_load_kanji_062cd
001504a4 00000044 t kanji_load_kanji_062cc
001504e8 00000044 t kanji_load_kanji_062ca
0015052c 00000044 t kanji_load_kanji_062c9
00150570 00000044 t kanji_load_kanji_062c8
001505b4 00000044 t kanji_load_kanji_062c7
001505f8 00000044 t kanji_load_kanji_062c6
0015063c 00000044 t kanji_load_kanji_062c5
00150680 00000044 t kanji_load_kanji_062c2
001506c4 00000044 t kanji_load_kanji_062bd
00150708 00000044 t kanji_load_kanji_062bc
0015074c 00000044 t kanji_load_kanji_062bb
00150790 00000044 t kanji_load_kanji_062b9
001507d4 00000044 t kanji_load_kanji_062b5
00150818 00000044 t kanji_load_kanji_062b1
0015085c 00000044 t kanji_load_kanji_062ab
001508a0 00000044 t kanji_load_kanji_0629e
001508e4 00000044 t kanji_load_kanji_0629c
00150928 00000044 t kanji_load_kanji_06298
0015096c 00000044 t kanji_load_kanji_06297
001509b0 00000044 t kanji_load_kanji_06296
001509f4 00000044 t kanji_load_kanji_06295
00150a38 00000044 t kanji_load_kanji_06294
00150a7c 00000044 t kanji_load_kanji_06293
00150ac0 00000044 t kanji_load_kanji_06292
00150b04 00000044 t kanji_load_kanji_06291
00150b48 00000044 t kanji_load_kanji_0628a
00150b8c 00000044 t kanji_load_kanji_06289
00150bd0 00000044 t kanji_load_kanji_06284
00150c14 00000044 t kanji_load_kanji_06283
00150c58 00000044 t kanji_load_kanji_06280
00150c9c 00000044 t kanji_load_kanji_0627f
00150ce0 00000044 t kanji_load_kanji_0627e
00150d24 00000044 t kanji_load_kanji_0627c
00150d68 00000044 t kanji_load_kanji_06279
00150dac 00000044 t kanji_load_kanji_06276
00150df0 00000044 t kanji_load_kanji_06271
00150e34 00000044 t kanji_load_kanji_0626e
00150e78 00000044 t kanji_load_kanji_06268
00150ebc 00000044 t kanji_load_kanji_06263
00150f00 00000044 t kanji_load_kanji_06260
00150f44 00000044 t kanji_load_kanji_0625e
00150f88 00000044 t kanji_load_kanji_0625b
00150fcc 00000044 t kanji_load_kanji_06258
00151010 00000044 t kanji_load_kanji_06255
00151054 00000044 t kanji_load_kanji_06253
00151098 00000044 t kanji_load_kanji_0624e
001510dc 00000050 t kanji_load_kanji_0624d
0015112c 00000044 t kanji_load_kanji_0624b
00151170 00000040 t kanji_load_kanji_06249
001511b0 00000040 t kanji_load_kanji_06247
001511f0 00000040 t kanji_load_kanji_06241
00151230 00000044 t kanji_load_kanji_06240
00151274 00000044 t kanji_load_kanji_0623f
001512b8 00000044 t kanji_load_kanji_0623b
001512fc 00000044 t kanji_load_kanji_06238
00151340 00000040 t kanji_load_kanji_06234
00151380 00000040 t kanji_load_kanji_06233
001513c0 00000040 t kanji_load_kanji_06232
00151400 00000040 t kanji_load_kanji_06230
00151440 00000040 t kanji_load_kanji_0622f
00151480 00000040 t kanji_load_kanji_0622e
001514c0 00000040 t kanji_load_kanji_0622a
00151500 00000040 t kanji_load_kanji_06226
00151540 00000040 t kanji_load_kanji_06221
00151580 00000040 t kanji_load_kanji_0621f
001515c0 00000040 t kanji_load_kanji_0621b
00151600 00000040 t kanji_load_kanji_0621a
00151640 00000044 t kanji_load_kanji_06216
00151684 00000044 t kanji_load_kanji_06214
001516c8 00000044 t kanji_load_kanji_06212
0015170c 00000044 t kanji_load_kanji_06211
00151750 00000044 t kanji_load_kanji_06210
00151794 00000044 t kanji_load_kanji_0620e
001517d8 00000044 t kanji_load_kanji_0620d
0015181c 00000044 t kanji_load_kanji_0620c
00151860 00000044 t kanji_load_kanji_0620a
001518a4 00000044 t kanji_load_kanji_06209
001518e8 00000044 t kanji_load_kanji_06208
0015192c 00000040 t kanji_load_kanji_06200
0015196c 00000040 t kanji_load_kanji_061ff
001519ac 00000040 t kanji_load_kanji_061fe
001519ec 00000040 t kanji_load_kanji_061fd
00151a2c 00000040 t kanji_load_kanji_061fc
00151a6c 00000040 t kanji_load_kanji_061fa
00151aac 00000040 t kanji_load_kanji_061f8
00151aec 00000040 t kanji_load_kanji_061f7
00151b2c 00000040 t kanji_load_kanji_061f6
00151b6c 00000040 t kanji_load_kanji_061f2
00151bac 00000040 t kanji_load_kanji_061e6
00151bec 00000040 t kanji_load_kanji_061e3
00151c2c 00000040 t kanji_load_kanji_061d0
00151c6c 00000040 t kanji_load_kanji_061cd
00151cac 00000040 t kanji_load_kanji_061cc
00151cec 00000040 t kanji_load_kanji_061cb
00151d2c 00000040 t kanji_load_kanji_061ca
00151d6c 00000040 t kanji_load_kanji_061c9
00151dac 00000040 t kanji_load_kanji_061c8
00151dec 00000040 t kanji_load_kanji_061c7
00151e2c 00000040 t kanji_load_kanji_061c6
00151e6c 00000040 t kanji_load_kanji_061c3
00151eac 00000040 t kanji_load_kanji_061be
00151eec 00000040 t kanji_load_kanji_061ba
00151f2c 00000040 t kanji_load_kanji_061b6
00151f6c 00000040 t kanji_load_kanji_061b2
00151fac 00000040 t kanji_load_kanji_061ae
00151fec 00000040 t kanji_load_kanji_061ac
0015202c 00000040 t kanji_load_kanji_061ab
0015206c 00000040 t kanji_load_kanji_061a9
001520ac 00000040 t kanji_load_kanji_061a7
001520ec 00000040 t kanji_load_kanji_061a4
0015212c 00000040 t kanji_load_kanji_0619a
0015216c 00000040 t kanji_load_kanji_06196
001521ac 00000040 t kanji_load_kanji_06194
001521ec 00000040 t kanji_load_kanji_06191
0015222c 00000040 t kanji_load_kanji_06190
0015226c 00000040 t kanji_load_kanji_0618e
001522ac 00000040 t kanji_load_kanji_0618a
001522ec 00000040 t kanji_load_kanji_06182
0015232c 00000040 t kanji_load_kanji_0617e
0015236c 00000040 t kanji_load_kanji_06177
001523ac 00000040 t kanji_load_kanji_06176
001523ec 00000040 t kanji_load_kanji_06175
0015242c 00000040 t kanji_load_kanji_06174
0015246c 00000040 t kanji_load_kanji_06173
001524ac 00000040 t kanji_load_kanji_06170
001524ec 00000040 t kanji_load_kanji_0616e
0015252c 00000040 t kanji_load_kanji_0616b
0015256c 00000040 t kanji_load_kanji_06168
001525ac 00000040 t kanji_load_kanji_06167
001525ec 00000040 t kanji_load_kanji_06165
0015262c 00000040 t kanji_load_kanji_06163
0015266c 00000040 t kanji_load_kanji_06162
001526ac 00000040 t kanji_load_kanji_0615f
001526ec 00000040 t kanji_load_kanji_0615d
0015272c 00000040 t kanji_load_kanji_06159
0015276c 00000040 t kanji_load_kanji_06158
001527ac 00000040 t kanji_load_kanji_06155
001527ec 00000040 t kanji_load_kanji_06153
0015282c 00000040 t kanji_load_kanji_0614e
0015286c 00000040 t kanji_load_kanji_0614d
001528ac 00000040 t kanji_load_kanji_0614c
001528ec 00000040 t kanji_load_kanji_0614b
0015292c 00000040 t kanji_load_kanji_0614a
0015296c 00000040 t kanji_load_kanji_06148
001529ac 00000040 t kanji_load_kanji_06147
001529ec 00000040 t kanji_load_kanji_06144
00152a2c 00000040 t kanji_load_kanji_06142
00152a6c 00000040 t kanji_load_kanji_0613f
00152aac 00000040 t kanji_load_kanji_0613e
00152aec 00000040 t kanji_load_kanji_0613c
00152b2c 00000040 t kanji_load_kanji_06134
00152b6c 00000040 t kanji_load_kanji_0612c
00152bac 00000040 t kanji_load_kanji_06128
00152bec 00000040 t kanji_load_kanji_06127
00152c2c 00000040 t kanji_load_kanji_0611f
00152c6c 00000040 t kanji_load_kanji_0611b
00152cac 00000040 t kanji_load_kanji_0611a
00152cec 00000040 t kanji_load_kanji_06115
00152d2c 00000040 t kanji_load_kanji_0610f
00152d6c 00000040 t kanji_load_kanji_0610e
00152dac 00000040 t kanji_load_kanji_0610d
00152dec 00000040 t kanji_load_kanji_06109
00152e2c 00000040 t kanji_load_kanji_06108
00152e6c 00000040 t kanji_load_kanji_06106
00152eac 00000040 t kanji_load_kanji_06103
00152eec 00000040 t kanji_load_kanji_06101
00152f2c 00000040 t kanji_load_kanji_06100
00152f6c 00000040 t kanji_load_kanji_060fb
00152fac 00000040 t kanji_load_kanji_060fa
00152fec 00000040 t kanji_load_kanji_060f9
0015302c 00000040 t kanji_load_kanji_060f7
0015306c 00000040 t kanji_load_kanji_060f6
001530ac 00000040 t kanji_load_kanji_060f4
001530ec 00000040 t kanji_load_kanji_060f3
0015312c 00000040 t kanji_load_kanji_060f1
0015316c 00000040 t kanji_load_kanji_060f0
001531ac 00000040 t kanji_load_kanji_060e8
001531ec 00000040 t kanji_load_kanji_060e7
0015322c 00000040 t kanji_load_kanji_060e3
0015326c 00000040 t kanji_load_kanji_060e1
001532ac 00000040 t kanji_load_kanji_060e0
001532ec 00000040 t kanji_load_kanji_060df
0015332c 00000040 t kanji_load_kanji_060dc
0015336c 00000040 t kanji_load_kanji_060da
001533ac 00000040 t kanji_load_kanji_060d8
001533ec 00000040 t kanji_load_kanji_060d3
0015342c 00000040 t kanji_load_kanji_060d1
0015346c 00000040 t kanji_load_kanji_060c7
001534ac 00000040 t kanji_load_kanji_060c6
001534ec 00000040 t kanji_load_kanji_060c5
0015352c 00000040 t kanji_load_kanji_060bd
0015356c 00000040 t kanji_load_kanji_060bc
001535ac 00000040 t kanji_load_kanji_060b8
001535ec 00000040 t kanji_load_kanji_060b6
0015362c 00000040 t kanji_load_kanji_060b5
0015366c 00000040 t kanji_load_kanji_060b4
001536ac 00000040 t kanji_load_kanji_060b2
001536ec 00000040 t kanji_load_kanji_060aa
0015372c 00000040 t kanji_load_kanji_060a9
0015376c 00000040 t kanji_load_kanji_060a7
001537ac 00000040 t kanji_load_kanji_060a6
001537ec 00000040 t kanji_load_kanji_060a3
0015382c 00000040 t kanji_load_kanji_060a0
0015386c 00000040 t kanji_load_kanji_0609f
001538ac 00000040 t kanji_load_kanji_0609b
001538ec 00000040 t kanji_load_kanji_0609a
0015392c 00000040 t kanji_load_kanji_06096
0015396c 00000040 t kanji_load_kanji_06094
001539ac 00000040 t kanji_load_kanji_06092
001539ec 00000040 t kanji_load_kanji_0608d
00153a2c 00000040 t kanji_load_kanji_0608c
00153a6c 00000040 t kanji_load_kanji_0608b
00153aac 00000040 t kanji_load_kanji_06089
00153aec 00000040 t kanji_load_kanji_06084
00153b2c 00000040 t kanji_load_kanji_06083
00153b6c 00000040 t kanji_load_kanji_06081
00153bac 00000040 t kanji_load_kanji_06075
00153bec 00000040 t kanji_load_kanji_06070
00153c2c 00000040 t kanji_load_kanji_0606f
00153c6c 00000040 t kanji_load_kanji_0606d
00153cac 00000040 t kanji_load_kanji_0606c
00153cec 00000040 t kanji_load_kanji_0606b
00153d2c 00000040 t kanji_load_kanji_0606a
00153d6c 00000040 t kanji_load_kanji_06069
00153dac 00000040 t kanji_load_kanji_06068
00153dec 00000040 t kanji_load_kanji_06065
00153e2c 00000040 t kanji_load_kanji_06064
00153e6c 00000040 t kanji_load_kanji_06063
00153eac 00000040 t kanji_load_kanji_06062
00153eec 00000040 t kanji_load_kanji_0605f
00153f2c 00000040 t kanji_load_kanji_0605a
00153f6c 00000040 t kanji_load_kanji_06059
00153fac 00000040 t kanji_load_kanji_06055
00153fec 00000040 t kanji_load_kanji_06052
0015402c 00000040 t kanji_load_kanji_06050
0015406c 00000040 t kanji_load_kanji_0604d
001540ac 00000040 t kanji_load_kanji_0604b
001540ec 00000040 t kanji_load_kanji_0604a
0015412c 00000040 t kanji_load_kanji_06046
0015416c 00000040 t kanji_load_kanji_06043
001541ac 00000040 t kanji_load_kanji_06042
001541ec 00000040 t kanji_load_kanji_06041
0015422c 00000044 t kanji_load_kanji_0603a
00154270 00000040 t kanji_load_kanji_06031
001542b0 00000044 t kanji_load_kanji_0602f
001542f4 00000044 t kanji_load_kanji_0602b
00154338 00000044 t kanji_load_kanji_0602a
0015437c 00000044 t kanji_load_kanji_06029
001543c0 00000040 t kanji_load_kanji_06028
00154400 00000044 t kanji_load_kanji_06027
00154444 00000044 t kanji_load_kanji_06026
00154488 00000040 t kanji_load_kanji_06025
001544c8 00000044 t kanji_load_kanji_06021
0015450c 00000040 t kanji_load_kanji_06020
0015454c 00000040 t kanji_load_kanji_0601d
0015458c 00000044 t kanji_load_kanji_0601c
001545d0 00000044 t kanji_load_kanji_0601b
00154614 00000044 t kanji_load_kanji_06019
00154658 00000044 t kanji_load_kanji_06016
0015469c 00000044 t kanji_load_kanji_06015
001546e0 00000040 t kanji_load_kanji_06012
00154720 00000044 t kanji_load_kanji_0600f
00154764 00000040 t kanji_load_kanji_0600e
001547a4 00000044 t kanji_load_kanji_05fff
001547e8 00000044 t kanji_load_kanji_05ffd
0015482c 00000044 t kanji_load_kanji_05ffb
00154870 00000044 t kanji_load_kanji_05ff8
001548b4 00000044 t kanji_load_kanji_05ff5
001548f8 00000044 t kanji_load_kanji_05ff1
0015493c 00000044 t kanji_load_kanji_05feb
00154980 00000044 t kanji_load_kanji_05fe4
001549c4 00000044 t kanji_load_kanji_05fe0
00154a08 00000044 t kanji_load_kanji_05fdd
00154a4c 00000044 t kanji_load_kanji_05fdc
00154a90 00000044 t kanji_load_kanji_05fd9
00154ad4 00000044 t kanji_load_kanji_05fd8
00154b18 00000044 t kanji_load_kanji_05fd7
00154b5c 00000044 t kanji_load_kanji_05fd6
00154ba0 00000044 t kanji_load_kanji_05fcd
00154be4 00000044 t kanji_load_kanji_05fcc
00154c28 00000044 t kanji_load_kanji_05fc5
00154c6c 00000044 t kanji_load_kanji_05fc3
00154cb0 00000040 t kanji_load_kanji_05fbd
00154cf0 00000040 t kanji_load_kanji_05fbc
00154d30 00000040 t kanji_load_kanji_05fb9
00154d70 00000040 t kanji_load_kanji_05fb4
00154db0 00000040 t kanji_load_kanji_05fb3
00154df0 00000040 t kanji_load_kanji_05fae
00154e30 00000040 t kanji_load_kanji_05fad
00154e70 00000040 t kanji_load_kanji_05faa
00154eb0 00000040 t kanji_load_kanji_05fa9
00154ef0 00000040 t kanji_load_kanji_05fa8
00154f30 00000040 t kanji_load_kanji_05fa1
00154f70 00000040 t kanji_load_kanji_05f9e
00154fb0 00000040 t kanji_load_kanji_05f99
00154ff0 00000040 t kanji_load_kanji_05f98
00155030 00000040 t kanji_load_kanji_05f97
00155070 00000040 t kanji_load_kanji_05f93
001550b0 00000040 t kanji_load_kanji_05f92
001550f0 00000040 t kanji_load_kanji_05f91
00155130 00000040 t kanji_load_kanji_05f90
00155170 00000040 t kanji_load_kanji_05f8c
001551b0 00000040 t kanji_load_kanji_05f8b
001551f0 00000040 t kanji_load_kanji_05f8a
00155230 00000040 t kanji_load_kanji_05f88
00155270 00000040 t kanji_load_kanji_05f87
001552b0 00000040 t kanji_load_kanji_05f85
001552f0 00000044 t kanji_load_kanji_05f84
00155334 00000044 t kanji_load_kanji_05f82
00155378 00000044 t kanji_load_kanji_05f81
001553bc 00000044 t kanji_load_kanji_05f80
00155400 00000044 t kanji_load_kanji_05f7f
00155444 00000044 t kanji_load_kanji_05f7c
00155488 00000044 t kanji_load_kanji_05f79
001554cc 00000044 t kanji_load_kanji_05f77
00155510 00000040 t kanji_load_kanji_05f71
00155550 00000040 t kanji_load_kanji_05f70
00155590 00000040 t kanji_load_kanji_05f6d
001555d0 00000040 t kanji_load_kanji_05f6c
00155610 00000040 t kanji_load_kanji_05f6b
00155650 00000040 t kanji_load_kanji_05f6a
00155690 00000040 t kanji_load_kanji_05f69
001556d0 00000040 t kanji_load_kanji_05f66
00155710 00000044 t kanji_load_kanji_05f62
00155754 00000040 t kanji_load_kanji_05f5d
00155794 00000040 t kanji_load_kanji_05f59
001557d4 00000040 t kanji_load_kanji_05f57
00155814 00000044 t kanji_load_kanji_05f53
00155858 00000040 t kanji_load_kanji_05f4e
00155898 00000040 t kanji_load_kanji_05f4c
001558d8 00000040 t kanji_load_kanji_05f4a
00155918 00000040 t kanji_load_kanji_05f48
00155958 00000040 t kanji_load_kanji_05f3e
00155998 00000040 t kanji_load_kanji_05f3c
001559d8 00000040 t kanji_load_kanji_05f37
00155a18 00000040 t kanji_load_kanji_05f35
00155a58 00000040 t kanji_load_kanji_05f31
00155a98 00000040 t kanji_load_kanji_05f2d
00155ad8 00000044 t kanji_load_kanji_05f29
00155b1c 00000040 t kanji_load_kanji_05f27
00155b5c 00000044 t kanji_load_kanji_05f26
00155ba0 00000044 t kanji_load_kanji_05f25
00155be4 00000044 t kanji_load_kanji_05f1f
00155c28 00000044 t kanji_load_kanji_05f1b
00155c6c 00000044 t kanji_load_kanji_05f18
00155cb0 00000044 t kanji_load_kanji_05f17
00155cf4 00000044 t kanji_load_kanji_05f16
00155d38 00000044 t kanji_load_kanji_05f15
00155d7c 00000044 t kanji_load_kanji_05f14
00155dc0 00000050 t kanji_load_kanji_05f13
00155e10 00000040 t kanji_load_kanji_05f11
00155e50 00000044 t kanji_load_kanji_05f10
00155e94 00000044 t kanji_load_kanji_05f0f
00155ed8 00000044 t kanji_load_kanji_05f0d
00155f1c 00000044 t kanji_load_kanji_05f0c
00155f60 00000050 t kanji_load_kanji_05f0b
00155fb0 00000040 t kanji_load_kanji_05f0a
00155ff0 00000044 t kanji_load_kanji_05f04
00156034 00000044 t kanji_load_kanji_05f01
00156078 00000044 t kanji_load_kanji_05eff
001560bc 00000040 t kanji_load_kanji_05efb
001560fc 00000040 t kanji_load_kanji_05efa
0015613c 00000044 t kanji_load_kanji_05ef7
00156180 00000044 t kanji_load_kanji_05ef6
001561c4 00000040 t kanji_load_kanji_05ef3
00156204 00000040 t kanji_load_kanji_05ef1
00156244 00000040 t kanji_load_kanji_05eec
00156284 00000040 t kanji_load_kanji_05ee9
001562c4 00000040 t kanji_load_kanji_05ee8
00156304 00000040 t kanji_load_kanji_05ee3
00156344 00000040 t kanji_load_kanji_05ee2
00156384 00000040 t kanji_load_kanji_05ee1
001563c4 00000040 t kanji_load_kanji_05ee0
00156404 00000040 t kanji_load_kanji_05edf
00156444 00000040 t kanji_load_kanji_05edd
00156484 00000040 t kanji_load_kanji_05edb
001564c4 00000040 t kanji_load_kanji_05ed6
00156504 00000040 t kanji_load_kanji_05ed3
00156544 00000040 t kanji_load_kanji_05eca
00156584 00000040 t kanji_load_kanji_05ec9
001565c4 00000040 t kanji_load_kanji_05ec8
00156604 00000040 t kanji_load_kanji_05ec3
00156644 00000040 t kanji_load_kanji_05ec2
00156684 00000040 t kanji_load_kanji_05ec1
001566c4 00000040 t kanji_load_kanji_05eb8
00156704 00000040 t kanji_load_kanji_05eb7
00156744 00000040 t kanji_load_kanji_05eb6
00156784 00000040 t kanji_load_kanji_05eb5
001567c4 00000040 t kanji_load_kanji_05ead
00156804 00000040 t kanji_load_kanji_05eab
00156844 00000040 t kanji_load_kanji_05ea7
00156884 00000040 t kanji_load_kanji_05ea6
001568c4 00000040 t kanji_load_kanji_05ea0
00156904 00000044 t kanji_load_kanji_05e9c
00156948 00000044 t kanji_load_kanji_05e9a
0015698c 00000044 t kanji_load_kanji_05e97
001569d0 00000044 t kanji_load_kanji_05e96
00156a14 00000044 t kanji_load_kanji_05e95
00156a58 00000044 t kanji_load_kanji_05e8f
00156a9c 00000044 t kanji_load_kanji_05e8a
00156ae0 00000044 t kanji_load_kanji_05e87
00156b24 00000044 t kanji_load_kanji_05e84
00156b68 00000044 t kanji_load_kanji_05e83
00156bac 00000044 t kanji_load_kanji_05e81
00156bf0 00000040 t kanji_load_kanji_05e7e
00156c30 00000040 t kanji_load_kanji_05e7d
00156c70 00000044 t kanji_load_kanji_05e7c
00156cb4 00000044 t kanji_load_kanji_05e7b
00156cf8 00000050 t kanji_load_kanji_05e7a
00156d48 00000040 t kanji_load_kanji_05e79
00156d88 00000044 t kanji_load_kanji_05e78
00156dcc 00000044 t kanji_load_kanji_05e75
00156e10 00000044 t kanji_load_kanji_05e74
00156e54 00000044 t kanji_load_kanji_05e73
00156e98 00000050 t kanji_load_kanji_05e72
00156ee8 00000040 t kanji_load_kanji_05e63
00156f28 00000040 t kanji_load_kanji_05e62
00156f68 00000040 t kanji_load_kanji_05e61
00156fa8 00000040 t kanji_load_kanji_05e5f
00156fe8 00000040 t kanji_load_kanji_05e57
00157028 00000040 t kanji_load_kanji_05e55
00157068 00000040 t kanji_load_kanji_05e54
001570a8 00000040 t kanji_load_kanji_05e4e
001570e8 00000040 t kanji_load_kanji_05e4c
00157128 00000040 t kanji_load_kanji_05e45
00157168 00000040 t kanji_load_kanji_05e44
001571a8 00000040 t kanji_load_kanji_05e43
001571e8 00000040 t kanji_load_kanji_05e40
00157228 00000040 t kanji_load_kanji_05e3d
00157268 00000040 t kanji_load_kanji_05e38
001572a8 00000040 t kanji_load_kanji_05e37
001572e8 00000040 t kanji_load_kanji_05e36
00157328 00000040 t kanji_load_kanji_05e33
00157368 00000040 t kanji_load_kanji_05e30
001573a8 00000040 t kanji_load_kanji_05e2f
001573e8 00000040 t kanji_load_kanji_05e2d
00157428 00000040 t kanji_load_kanji_05e2b
00157468 00000040 t kanji_load_kanji_05e25
001574a8 00000040 t kanji_load_kanji_05e1d
001574e8 00000044 t kanji_load_kanji_05e1b
0015752c 00000044 t kanji_load_kanji_05e1a
00157570 00000044 t kanji_load_kanji_05e19
001575b4 00000044 t kanji_load_kanji_05e16
001575f8 00000044 t kanji_load_kanji_05e11
0015763c 00000044 t kanji_load_kanji_05e0c
00157680 00000044 t kanji_load_kanji_05e06
001576c4 00000044 t kanji_load_kanji_05e03
00157708 00000044 t kanji_load_kanji_05e02
0015774c 00000050 t kanji_load_kanji_05dfe
0015779c 00000040 t kanji_load_kanji_05dfd
001577dc 00000040 t kanji_load_kanji_05dfb
0015781c 00000040 t kanji_load_kanji_05df7
0015785c 00000044 t kanji_load_kanji_05df4
001578a0 00000050 t kanji_load_kanji_05df3
001578f0 00000050 t kanji_load_kanji_05df2
00157940 00000050 t kanji_load_kanji_05df1
00157990 00000040 t kanji_load_kanji_05dee
001579d0 00000044 t kanji_load_kanji_05deb
00157a14 00000044 t kanji_load_kanji_05de8
00157a58 00000044 t kanji_load_kanji_05de7
00157a9c 00000044 t kanji_load_kanji_05de6
00157ae0 00000050 t kanji_load_kanji_05de5
00157b30 00000040 t kanji_load_kanji_05de3
00157b70 00000044 t kanji_load_kanji_05de1
00157bb4 00000044 t kanji_load_kanji_05dde
00157bf8 00000050 t kanji_load_kanji_05ddd
00157c48 00000040 t kanji_load_kanji_05dd6
00157c88 00000040 t kanji_load_kanji_05dd3
00157cc8 00000040 t kanji_load_kanji_05dd2
00157d08 00000040 t kanji_load_kanji_05dcd
00157d48 00000040 t kanji_load_kanji_05dcc
00157d88 00000040 t kanji_load_kanji_05dc9
00157dc8 00000040 t kanji_load_kanji_05dbd
00157e08 00000040 t kanji_load_kanji_05dbc
00157e48 00000040 t kanji_load_kanji_05dba
00157e88 00000040 t kanji_load_kanji_05db7
00157ec8 00000040 t kanji_load_kanji_05dae
00157f08 00000040 t kanji_load_kanji_05dac
00157f48 00000040 t kanji_load_kanji_05da2
00157f88 00000040 t kanji_load_kanji_05d9d
00157fc8 00000040 t kanji_load_kanji_05d8b
00158008 00000040 t kanji_load_kanji_05d87
00158048 00000040 t kanji_load_kanji_05d84
00158088 00000040 t kanji_load_kanji_05d82
001580c8 00000040 t kanji_load_kanji_05d6f
00158108 00000040 t kanji_load_kanji_05d6c
00158148 00000040 t kanji_load_kanji_05d69
00158188 00000040 t kanji_load_kanji_05d52
001581c8 00000040 t kanji_load_kanji_05d50
00158208 00000040 t kanji_load_kanji_05d4e
00158248 00000040 t kanji_load_kanji_05d4c
00158288 00000040 t kanji_load_kanji_05d4b
001582c8 00000040 t kanji_load_kanji_05d29
00158308 00000040 t kanji_load_kanji_05d22
00158348 00000040 t kanji_load_kanji_05d1f
00158388 00000040 t kanji_load_kanji_05d1b
001583c8 00000040 t kanji_load_kanji_05d1a
00158408 00000040 t kanji_load_kanji_05d19
00158448 00000040 t kanji_load_kanji_05d16
00158488 00000040 t kanji_load_kanji_05d14
001584c8 00000040 t kanji_load_kanji_05d11
00158508 00000040 t kanji_load_kanji_05d0e
00158548 00000040 t kanji_load_kanji_05d07
00158588 00000040 t kanji_load_kanji_05cfd
001585c8 00000040 t kanji_load_kanji_05cfb
00158608 00000040 t kanji_load_kanji_05cf6
00158648 00000040 t kanji_load_kanji_05cf0
00158688 00000044 t kanji_load_kanji_05cef
001586cc 00000040 t kanji_load_kanji_05ced
0015870c 00000040 t kanji_load_kanji_05cea
0015874c 00000040 t kanji_load_kanji_05ce8
0015878c 00000040 t kanji_load_kanji_05ce1
001587cc 00000040 t kanji_load_kanji_05ce0
0015880c 00000040 t kanji_load_kanji_05cd9
0015884c 00000044 t kanji_load_kanji_05cb8
00158890 00000044 t kanji_load_kanji_05cb3
001588d4 00000044 t kanji_load_kanji_05cb1
00158918 00000044 t kanji_load_kanji_05cac
0015895c 00000044 t kanji_load_kanji_05cab
001589a0 00000044 t kanji_load_kanji_05ca9
001589e4 00000044 t kanji_load_kanji_05ca8
00158a28 00000044 t kanji_load_kanji_05ca1
00158a6c 00000044 t kanji_load_kanji_05c94
00158ab0 00000044 t kanji_load_kanji_05c91
00158af4 00000044 t kanji_load_kanji_05c90
00158b38 00000044 t kanji_load_kanji_05c8c
00158b7c 00000044 t kanji_load_kanji_05c79
00158bc0 00000044 t kanji_load_kanji_05c76
00158c04 00000050 t kanji_load_kanji_05c71
00158c54 00000044 t kanji_load_kanji_05c6f
00158c98 00000040 t kanji_load_kanji_05c6c
00158cd8 00000040 t kanji_load_kanji_05c65
00158d18 00000040 t kanji_load_kanji_05c64
00158d58 00000040 t kanji_load_kanji_05c60
00158d98 00000040 t kanji_load_kanji_05c5e
00158dd8 00000040 t kanji_load_kanji_05c55
00158e18 00000040 t kanji_load_kanji_05c51
00158e58 00000040 t kanji_load_kanji_05c4e
00158e98 00000040 t kanji_load_kanji_05c4d
00158ed8 00000040 t kanji_load_kanji_05c4b
00158f18 00000044 t kanji_load_kanji_05c4a
00158f5c 00000044 t kanji_load_kanji_05c48
00158fa0 00000044 t kanji_load_kanji_05c46
00158fe4 00000044 t kanji_load_kanji_05c45
00159028 00000044 t kanji_load_kanji_05c41
0015906c 00000044 t kanji_load_kanji_05c40
001590b0 00000044 t kanji_load_kanji_05c3f
001590f4 00000044 t kanji_load_kanji_05c3e
00159138 00000044 t kanji_load_kanji_05c3d
0015917c 00000044 t kanji_load_kanji_05c3c
001591c0 00000044 t kanji_load_kanji_05c3b
00159204 00000044 t kanji_load_kanji_05c3a
00159248 00000044 t kanji_load_kanji_05c39
0015928c 00000050 t kanji_load_kanji_05c38
001592dc 00000040 t kanji_load_kanji_05c31
0015931c 00000044 t kanji_load_kanji_05c2d
00159360 00000044 t kanji_load_kanji_05c28
001593a4 00000044 t kanji_load_kanji_05c24
001593e8 00000040 t kanji_load_kanji_05c20
00159428 00000044 t kanji_load_kanji_05c1a
0015946c 00000044 t kanji_load_kanji_05c16
001594b0 00000044 t kanji_load_kanji_05c11
001594f4 00000050 t kanji_load_kanji_05c0f
00159544 00000040 t kanji_load_kanji_05c0e
00159584 00000040 t kanji_load_kanji_05c0d
001595c4 00000040 t kanji_load_kanji_05c0b
00159604 00000040 t kanji_load_kanji_05c0a
00159644 00000040 t kanji_load_kanji_05c09
00159684 00000040 t kanji_load_kanji_05c08
001596c4 00000040 t kanji_load_kanji_05c07
00159704 00000040 t kanji_load_kanji_05c06
00159744 00000040 t kanji_load_kanji_05c04
00159784 00000040 t kanji_load_kanji_05c02
001597c4 00000040 t kanji_load_kanji_05c01
00159804 00000044 t kanji_load_kanji_05bff
00159848 00000044 t kanji_load_kanji_05bfe
0015988c 00000044 t kanji_load_kanji_05bfa
001598d0 00000050 t kanji_load_kanji_05bf8
00159920 00000040 t kanji_load_kanji_05bf6
00159960 00000040 t kanji_load_kanji_05bf5
001599a0 00000040 t kanji_load_kanji_05bf0
001599e0 00000040 t kanji_load_kanji_05bee
00159a20 00000040 t kanji_load_kanji_05beb
00159a60 00000040 t kanji_load_kanji_05be9
00159aa0 00000040 t kanji_load_kanji_05be8
00159ae0 00000040 t kanji_load_kanji_05be7
00159b20 00000040 t kanji_load_kanji_05be6
00159b60 00000040 t kanji_load_kanji_05be5
00159ba0 00000040 t kanji_load_kanji_05be4
00159be0 00000040 t kanji_load_kanji_05be2
00159c20 00000040 t kanji_load_kanji_05be1
00159c60 00000040 t kanji_load_kanji_05bdf
00159ca0 00000040 t kanji_load_kanji_05bde
00159ce0 00000040 t kanji_load_kanji_05bdd
00159d20 00000040 t kanji_load_kanji_05bdb
00159d60 00000040 t kanji_load_kanji_05bd4
00159da0 00000040 t kanji_load_kanji_05bd3
00159de0 00000040 t kanji_load_kanji_05bd2
00159e20 00000040 t kanji_load_kanji_05bd0
00159e60 00000040 t kanji_load_kanji_05bcc
00159ea0 00000040 t kanji_load_kanji_05bc7
00159ee0 00000040 t kanji_load_kanji_05bc6
00159f20 00000040 t kanji_load_kanji_05bc5
00159f60 00000040 t kanji_load_kanji_05bc4
00159fa0 00000040 t kanji_load_kanji_05bc2
00159fe0 00000040 t kanji_load_kanji_05bbf
0015a020 00000040 t kanji_load_kanji_05bb9
0015a060 00000040 t kanji_load_kanji_05bb8
0015a0a0 00000040 t kanji_load_kanji_05bb6
0015a0e0 00000040 t kanji_load_kanji_05bb5
0015a120 00000040 t kanji_load_kanji_05bb4
0015a160 00000040 t kanji_load_kanji_05bb3
0015a1a0 00000040 t kanji_load_kanji_05bb0
0015a1e0 00000040 t kanji_load_kanji_05bae
0015a220 00000040 t kanji_load_kanji_05ba6
0015a260 00000040 t kanji_load_kanji_05ba5
0015a2a0 00000040 t kanji_load_kanji_05ba4
0015a2e0 00000040 t kanji_load_kanji_05ba3
0015a320 00000040 t kanji_load_kanji_05ba2
0015a360 00000044 t kanji_load_kanji_05b9f
0015a3a4 00000044 t kanji_load_kanji_05b9d
0015a3e8 00000044 t kanji_load_kanji_05b9c
0015a42c 00000044 t kanji_load_kanji_05b9b
0015a470 00000044 t kanji_load_kanji_05b9a
0015a4b4 00000044 t kanji_load_kanji_05b99
0015a4f8 00000044 t kanji_load_kanji_05b98
0015a53c 00000044 t kanji_load_kanji_05b97
0015a580 00000044 t kanji_load_kanji_05b95
0015a5c4 00000044 t kanji_load_kanji_05b8f
0015a608 00000044 t kanji_load_kanji_05b8d
0015a64c 00000044 t kanji_load_kanji_05b8c
0015a690 00000044 t kanji_load_kanji_05b8b
0015a6d4 00000044 t kanji_load_kanji_05b89
0015a718 00000044 t kanji_load_kanji_05b88
0015a75c 00000044 t kanji_load_kanji_05b87
0015a7a0 00000044 t kanji_load_kanji_05b85
0015a7e4 00000040 t kanji_load_kanji_05b7a
0015a824 00000040 t kanji_load_kanji_05b78
0015a864 00000040 t kanji_load_kanji_05b75
0015a8a4 00000040 t kanji_load_kanji_05b71
0015a8e4 00000040 t kanji_load_kanji_05b70
0015a924 00000040 t kanji_load_kanji_05b6b
0015a964 00000040 t kanji_load_kanji_05b69
0015a9a4 00000044 t kanji_load_kanji_05b66
0015a9e8 00000044 t kanji_load_kanji_05b65
0015aa2c 00000040 t kanji_load_kanji_05b64
0015aa6c 00000044 t kanji_load_kanji_05b63
0015aab0 00000044 t kanji_load_kanji_05b5f
0015aaf4 00000044 t kanji_load_kanji_05b5d
0015ab38 00000044 t kanji_load_kanji_05b5c
0015ab7c 00000044 t kanji_load_kanji_05b5b
0015abc0 00000044 t kanji_load_kanji_05b5a
0015ac04 00000044 t kanji_load_kanji_05b58
0015ac48 00000044 t kanji_load_kanji_05b57
0015ac8c 00000044 t kanji_load_kanji_05b55
0015acd0 00000044 t kanji_load_kanji_05b54
0015ad14 00000050 t kanji_load_kanji_05b51
0015ad64 00000050 t kanji_load_kanji_05b50
0015adb4 00000040 t kanji_load_kanji_05b45
0015adf4 00000040 t kanji_load_kanji_05b43
0015ae34 00000040 t kanji_load_kanji_05b40
0015ae74 00000040 t kanji_load_kanji_05b3e
0015aeb4 00000040 t kanji_load_kanji_05b36
0015aef4 00000040 t kanji_load_kanji_05b32
0015af34 00000040 t kanji_load_kanji_05b30
0015af74 00000040 t kanji_load_kanji_05b2c
0015afb4 00000040 t kanji_load_kanji_05b2a
0015aff4 00000040 t kanji_load_kanji_05b22
0015b034 00000040 t kanji_load_kanji_05b16
0015b074 00000040 t kanji_load_kanji_05b0c
0015b0b4 00000040 t kanji_load_kanji_05b0b
0015b0f4 00000040 t kanji_load_kanji_05b09
0015b134 00000040 t kanji_load_kanji_05afb
0015b174 00000040 t kanji_load_kanji_05afa
0015b1b4 00000040 t kanji_load_kanji_05ae9
0015b1f4 00000040 t kanji_load_kanji_05ae3
0015b234 00000040 t kanji_load_kanji_05ae1
0015b274 00000040 t kanji_load_kanji_05ad7
0015b2b4 00000040 t kanji_load_kanji_05ad6
0015b2f4 00000040 t kanji_load_kanji_05acc
0015b334 00000040 t kanji_load_kanji_05acb
0015b374 00000040 t kanji_load_kanji_05ac9
0015b3b4 00000040 t kanji_load_kanji_05ac1
0015b3f4 00000040 t kanji_load_kanji_05abd
0015b434 00000040 t kanji_load_kanji_05abc
0015b474 00000040 t kanji_load_kanji_05a9b
0015b4b4 00000040 t kanji_load_kanji_05a9a
0015b4f4 00000040 t kanji_load_kanji_05a92
0015b534 00000040 t kanji_load_kanji_05a7f
0015b574 00000040 t kanji_load_kanji_05a6c
0015b5b4 00000040 t kanji_load_kanji_05a6a
0015b5f4 00000040 t kanji_load_kanji_05a66
0015b634 00000040 t kanji_load_kanji_05a62
0015b674 00000040 t kanji_load_kanji_05a5a
0015b6b4 00000040 t kanji_load_kanji_05a49
0015b6f4 00000040 t kanji_load_kanji_05a46
0015b734 00000040 t kanji_load_kanji_05a41
0015b774 00000040 t kanji_load_kanji_05a40
0015b7b4 00000040 t kanji_load_kanji_05a3c
0015b7f4 00000040 t kanji_load_kanji_05a36
0015b834 00000040 t kanji_load_kanji_05a35
0015b874 00000040 t kanji_load_kanji_05a2f
0015b8b4 00000040 t kanji_load_kanji_05a29
0015b8f4 00000040 t kanji_load_kanji_05a25
0015b934 00000040 t kanji_load_kanji_05a20
0015b974 00000040 t kanji_load_kanji_05a1f
0015b9b4 00000040 t kanji_load_kanji_05a18
0015b9f4 00000040 t kanji_load_kanji_05a11
0015ba34 00000040 t kanji_load_kanji_05a09
0015ba74 00000040 t kanji_load_kanji_05a03
0015bab4 00000040 t kanji_load_kanji_05a01
0015baf4 00000040 t kanji_load_kanji_059ff
0015bb34 00000040 t kanji_load_kanji_059fb
0015bb74 00000040 t kanji_load_kanji_059f6
0015bbb4 00000040 t kanji_load_kanji_059eb
0015bbf4 00000040 t kanji_load_kanji_059ea
0015bc34 00000040 t kanji_load_kanji_059e8
0015bc74 00000040 t kanji_load_kanji_059e6
0015bcb4 00000040 t kanji_load_kanji_059e5
0015bcf4 00000040 t kanji_load_kanji_059dc
0015bd34 00000040 t kanji_load_kanji_059da
0015bd74 00000040 t kanji_load_kanji_059d9
0015bdb4 00000044 t kanji_load_kanji_059d4
0015bdf8 00000044 t kanji_load_kanji_059d3
0015be3c 00000044 t kanji_load_kanji_059d1
0015be80 00000044 t kanji_load_kanji_059d0
0015bec4 00000044 t kanji_load_kanji_059cb
0015bf08 00000044 t kanji_load_kanji_059c9
0015bf4c 00000044 t kanji_load_kanji_059c6
0015bf90 00000044 t kanji_load_kanji_059be
0015bfd4 00000044 t kanji_load_kanji_059bb
0015c018 00000044 t kanji_load_kanji_059b9
0015c05c 00000044 t kanji_load_kanji_059b2
0015c0a0 00000044 t kanji_load_kanji_059ac
0015c0e4 00000044 t kanji_load_kanji_059a8
0015c128 00000044 t kanji_load_kanji_059a5
0015c16c 00000044 t kanji_load_kanji_059a3
0015c1b0 00000044 t kanji_load_kanji_0599d
0015c1f4 00000044 t kanji_load_kanji_05999
0015c238 00000044 t kanji_load_kanji_05996
0015c27c 00000044 t kanji_load_kanji_05993
0015c2c0 00000044 t kanji_load_kanji_0598a
0015c304 00000044 t kanji_load_kanji_05984
0015c348 00000044 t kanji_load_kanji_05983
0015c38c 00000044 t kanji_load_kanji_05982
0015c3d0 00000044 t kanji_load_kanji_0597d
0015c414 00000044 t kanji_load_kanji_05978
0015c458 00000044 t kanji_load_kanji_05974
0015c49c 00000050 t kanji_load_kanji_05973
0015c4ec 00000040 t kanji_load_kanji_0596e
0015c52c 00000040 t kanji_load_kanji_0596c
0015c56c 00000040 t kanji_load_kanji_0596a
0015c5ac 00000040 t kanji_load_kanji_05968
0015c5ec 00000040 t kanji_load_kanji_05967
0015c62c 00000040 t kanji_load_kanji_05965
0015c66c 00000040 t kanji_load_kanji_05962
0015c6ac 00000040 t kanji_load_kanji_05960
0015c6ec 00000040 t kanji_load_kanji_0595a
0015c72c 00000040 t kanji_load_kanji_05958
0015c76c 00000040 t kanji_load_kanji_05957
0015c7ac 00000040 t kanji_load_kanji_05955
0015c7ec 00000044 t kanji_load_kanji_05954
0015c830 00000040 t kanji_load_kanji_05951
0015c870 00000040 t kanji_load_kanji_05950
0015c8b0 00000040 t kanji_load_kanji_0594f
0015c8f0 00000040 t kanji_load_kanji_0594e
0015c930 00000044 t kanji_load_kanji_05949
0015c974 00000044 t kanji_load_kanji_05948
0015c9b8 00000044 t kanji_load_kanji_05947
0015c9fc 00000044 t kanji_load_kanji_05944
0015ca40 00000044 t kanji_load_kanji_0593e
0015ca84 00000044 t kanji_load_kanji_05938
0015cac8 00000044 t kanji_load_kanji_05937
0015cb0c 00000044 t kanji_load_kanji_05932
0015cb50 00000044 t kanji_load_kanji_05931
0015cb94 00000044 t kanji_load_kanji_0592e
0015cbd8 00000044 t kanji_load_kanji_0592d
0015cc1c 00000044 t kanji_load_kanji_0592c
0015cc60 00000044 t kanji_load_kanji_0592b
0015cca4 00000044 t kanji_load_kanji_0592a
0015cce8 00000044 t kanji_load_kanji_05929
0015cd2c 00000050 t kanji_load_kanji_05927
0015cd7c 00000040 t kanji_load_kanji_05925
0015cdbc 00000040 t kanji_load_kanji_05922
0015cdfc 00000044 t kanji_load_kanji_0591c
0015ce40 00000044 t kanji_load_kanji_0591a
0015ce84 00000044 t kanji_load_kanji_05919
0015cec8 00000044 t kanji_load_kanji_05916
0015cf0c 00000050 t kanji_load_kanji_05915
0015cf5c 00000040 t kanji_load_kanji_0590f
0015cf9c 00000040 t kanji_load_kanji_05909
0015cfdc 00000040 t kanji_load_kanji_058fd
0015d01c 00000040 t kanji_load_kanji_058fc
0015d05c 00000040 t kanji_load_kanji_058fb
0015d09c 00000040 t kanji_load_kanji_058fa
0015d0dc 00000040 t kanji_load_kanji_058f9
0015d11c 00000044 t kanji_load_kanji_058f2
0015d160 00000044 t kanji_load_kanji_058f1
0015d1a4 00000044 t kanji_load_kanji_058f0
0015d1e8 00000044 t kanji_load_kanji_058ef
0015d22c 00000044 t kanji_load_kanji_058ee
0015d270 00000044 t kanji_load_kanji_058ec
0015d2b4 00000050 t kanji_load_kanji_058eb
0015d304 00000040 t kanji_load_kanji_058e4
0015d344 00000040 t kanji_load_kanji_058df
0015d384 00000040 t kanji_load_kanji_058de
0015d3c4 00000040 t kanji_load_kanji_058dc
0015d404 00000040 t kanji_load_kanji_058d9
0015d444 00000040 t kanji_load_kanji_058d8
0015d484 00000040 t kanji_load_kanji_058d5
0015d4c4 00000040 t kanji_load_kanji_058d3
0015d504 00000040 t kanji_load_kanji_058d1
0015d544 00000040 t kanji_load_kanji_058cc
0015d584 00000040 t kanji_load_kanji_058ca
0015d5c4 00000040 t kanji_load_kanji_058c7
0015d604 00000040 t kanji_load_kanji_058c5
0015d644 00000040 t kanji_load_kanji_058c1
0015d684 00000040 t kanji_load_kanji_058be
0015d6c4 00000040 t kanji_load_kanji_058b3
0015d704 00000040 t kanji_load_kanji_058ae
0015d744 00000040 t kanji_load_kanji_058a8
0015d784 00000040 t kanji_load_kanji_0589f
0015d7c4 00000040 t kanji_load_kanji_0589c
0015d804 00000040 t kanji_load_kanji_05897
0015d844 00000040 t kanji_load_kanji_05893
0015d884 00000040 t kanji_load_kanji_05885
0015d8c4 00000040 t kanji_load_kanji_05883
0015d904 00000040 t kanji_load_kanji_0587e
0015d944 00000040 t kanji_load_kanji_05879
0015d984 00000040 t kanji_load_kanji_05875
0015d9c4 00000040 t kanji_load_kanji_05869
0015da04 00000040 t kanji_load_kanji_05861
0015da44 00000040 t kanji_load_kanji_0585e
0015da84 00000040 t kanji_load_kanji_0585a
0015dac4 00000040 t kanji_load_kanji_05859
0015db04 00000040 t kanji_load_kanji_05857
0015db44 00000040 t kanji_load_kanji_05854
0015db84 00000040 t kanji_load_kanji_05852
0015dbc4 00000040 t kanji_load_kanji_05851
0015dc04 00000040 t kanji_load_kanji_0584b
0015dc44 00000040 t kanji_load_kanji_0584a
0015dc84 00000040 t kanji_load_kanji_05841
0015dcc4 00000040 t kanji_load_kanji_05840
0015dd04 00000040 t kanji_load_kanji_0583a
0015dd44 00000040 t kanji_load_kanji_05835
0015dd84 00000040 t kanji_load_kanji_05834
0015ddc4 00000040 t kanji_load_kanji_05831
0015de04 00000040 t kanji_load_kanji_05830
0015de44 00000040 t kanji_load_kanji_0582f
0015de84 00000040 t kanji_load_kanji_0582a
0015dec4 00000040 t kanji_load_kanji_05824
0015df04 00000040 t kanji_load_kanji_05821
0015df44 00000040 t kanji_load_kanji_0581d
0015df84 00000040 t kanji_load_kanji_05815
0015dfc4 00000040 t kanji_load_kanji_0580a
0015e004 00000040 t kanji_load_kanji_05806
0015e044 00000040 t kanji_load_kanji_05805
0015e084 00000040 t kanji_load_kanji_05802
0015e0c4 00000040 t kanji_load_kanji_05800
0015e104 00000040 t kanji_load_kanji_057fc
0015e144 00000040 t kanji_load_kanji_057fa
0015e184 00000040 t kanji_load_kanji_057f9
0015e1c4 00000040 t kanji_load_kanji_057f7
0015e204 00000040 t kanji_load_kanji_057f4
0015e244 00000040 t kanji_load_kanji_057e0
0015e284 00000040 t kanji_load_kanji_057df
0015e2c4 00000040 t kanji_load_kanji_057d2
0015e304 00000040 t kanji_load_kanji_057ce
0015e344 00000040 t kanji_load_kanji_057cb
0015e384 00000040 t kanji_load_kanji_057c6
0015e3c4 00000040 t kanji_load_kanji_057c3
0015e404 00000040 t kanji_load_kanji_057a4
0015e444 00000040 t kanji_load_kanji_057a3
0015e484 00000040 t kanji_load_kanji_057a2
0015e4c4 00000040 t kanji_load_kanji_057a0
0015e504 00000040 t kanji_load_kanji_05793
0015e544 00000040 t kanji_load_kanji_0578b
0015e584 00000044 t kanji_load_kanji_05782
0015e5c8 00000044 t kanji_load_kanji_0577f
0015e60c 00000044 t kanji_load_kanji_0576a
0015e650 00000044 t kanji_load_kanji_05769
0015e694 00000044 t kanji_load_kanji_05766
0015e6d8 00000044 t kanji_load_kanji_05764
0015e71c 00000044 t kanji_load_kanji_05761
0015e760 00000044 t kanji_load_kanji_05751
0015e7a4 00000044 t kanji_load_kanji_05750
0015e7e8 00000044 t kanji_load_kanji_0574f
0015e82c 00000044 t kanji_load_kanji_0574e
0015e870 00000044 t kanji_load_kanji_0574a
0015e8b4 00000044 t kanji_load_kanji_05747
0015e8f8 00000044 t kanji_load_kanji_05742
0015e93c 00000044 t kanji_load_kanji_05740
0015e980 00000044 t kanji_load_kanji_0573b
0015e9c4 00000044 t kanji_load_kanji_05730
0015ea08 00000044 t kanji_load_kanji_0572d
0015ea4c 00000044 t kanji_load_kanji_05728
0015ea90 00000044 t kanji_load_kanji_05727
0015ead4 00000044 t kanji_load_kanji_05726
0015eb18 00000050 t kanji_load_kanji_0571f
0015eb68 00000040 t kanji_load_kanji_0571c
0015eba8 00000040 t kanji_load_kanji_05718
0015ebe8 00000040 t kanji_load_kanji_05716
0015ec28 00000040 t kanji_load_kanji_05713
0015ec68 00000040 t kanji_load_kanji_05712
0015eca8 00000040 t kanji_load_kanji_0570f
0015ece8 00000040 t kanji_load_kanji_0570d
0015ed28 00000040 t kanji_load_kanji_0570b
0015ed68 00000040 t kanji_load_kanji_05709
0015eda8 00000040 t kanji_load_kanji_05708
0015ede8 00000040 t kanji_load_kanji_05704
0015ee28 00000040 t kanji_load_kanji_05703
0015ee68 00000040 t kanji_load_kanji_056ff
0015eea8 00000044 t kanji_load_kanji_056fd
0015eeec 00000044 t kanji_load_kanji_056fa
0015ef30 00000044 t kanji_load_kanji_056f9
0015ef74 00000044 t kanji_load_kanji_056f3
0015efb8 00000044 t kanji_load_kanji_056f2
0015effc 00000044 t kanji_load_kanji_056f0
0015f040 00000044 t kanji_load_kanji_056e3
0015f084 00000044 t kanji_load_kanji_056e0
0015f0c8 00000044 t kanji_load_kanji_056de
0015f10c 00000044 t kanji_load_kanji_056db
0015f150 00000044 t kanji_load_kanji_056da
0015f194 00000040 t kanji_load_kanji_056d1
0015f1d4 00000040 t kanji_load_kanji_056c8
0015f214 00000040 t kanji_load_kanji_056c3
0015f254 00000040 t kanji_load_kanji_056c2
0015f294 00000040 t kanji_load_kanji_056c1
0015f2d4 00000040 t kanji_load_kanji_056c0
0015f314 00000040 t kanji_load_kanji_056bc
0015f354 00000040 t kanji_load_kanji_056b6
0015f394 00000040 t kanji_load_kanji_056b4
0015f3d4 00000040 t kanji_load_kanji_056ae
0015f414 00000040 t kanji_load_kanji_056a5
0015f454 00000040 t kanji_load_kanji_056a0
0015f494 00000040 t kanji_load_kanji_05694
0015f4d4 00000040 t kanji_load_kanji_0568a
0015f514 00000040 t kanji_load_kanji_05687
0015f554 00000040 t kanji_load_kanji_05686
0015f594 00000040 t kanji_load_kanji_05680
0015f5d4 00000040 t kanji_load_kanji_0567a
0015f614 00000040 t kanji_load_kanji_05678
0015f654 00000040 t kanji_load_kanji_05674
0015f694 00000040 t kanji_load_kanji_0566c
0015f6d4 00000040 t kanji_load_kanji_0566b
0015f714 00000040 t kanji_load_kanji_0566a
0015f754 00000040 t kanji_load_kanji_05668
0015f794 00000040 t kanji_load_kanji_05664
0015f7d4 00000040 t kanji_load_kanji_05653
0015f814 00000040 t kanji_load_kanji_0564e
0015f854 00000040 t kanji_load_kanji_0564c
0015f894 00000040 t kanji_load_kanji_05642
0015f8d4 00000040 t kanji_load_kanji_05638
0015f914 00000040 t kanji_load_kanji_05636
0015f954 00000040 t kanji_load_kanji_05634
0015f994 00000040 t kanji_load_kanji_05632
0015f9d4 00000040 t kanji_load_kanji_05631
0015fa14 00000040 t kanji_load_kanji_0562f
0015fa54 00000040 t kanji_load_kanji_05629
0015fa94 00000040 t kanji_load_kanji_0561b
0015fad4 00000040 t kanji_load_kanji_05617
0015fb14 00000040 t kanji_load_kanji_05616
0015fb54 00000040 t kanji_load_kanji_05614
0015fb94 00000040 t kanji_load_kanji_05609
0015fbd4 00000040 t kanji_load_kanji_05606
0015fc14 00000040 t kanji_load_kanji_055fe
0015fc54 00000040 t kanji_load_kanji_055fd
0015fc94 00000040 t kanji_load_kanji_055f7
0015fcd4 00000040 t kanji_load_kanji_055e4
0015fd14 00000040 t kanji_load_kanji_055e3
0015fd54 00000040 t kanji_load_kanji_055df
0015fd94 00000040 t kanji_load_kanji_055dc
0015fdd4 00000040 t kanji_load_kanji_055da
0015fe14 00000040 t kanji_load_kanji_055d4
0015fe54 00000040 t kanji_load_kanji_055c7
0015fe94 00000040 t kanji_load_kanji_055c5
0015fed4 00000040 t kanji_load_kanji_055c4
0015ff14 00000040 t kanji_load_kanji_055b6
0015ff54 00000040 t kanji_load_kanji_055b0
0015ff94 00000040 t kanji_load_kanji_055ae
0015ffd4 00000040 t kanji_load_kanji_055ac
00160014 00000040 t kanji_load_kanji_055ab
00160054 00000040 t kanji_load_kanji_055aa
00160094 00000040 t kanji_load_kanji_055a9
001600d4 00000040 t kanji_load_kanji_055a8
00160114 00000040 t kanji_load_kanji_055a7
00160154 00000040 t kanji_load_kanji_0559f
00160194 00000040 t kanji_load_kanji_0559e
001601d4 00000040 t kanji_load_kanji_0559d
00160214 00000040 t kanji_load_kanji_0559c
00160254 00000040 t kanji_load_kanji_0559a
00160294 00000040 t kanji_load_kanji_05599
001602d4 00000040 t kanji_load_kanji_05598
00160314 00000040 t kanji_load_kanji_0558b
00160354 00000040 t kanji_load_kanji_0558a
00160394 00000040 t kanji_load_kanji_05589
001603d4 00000040 t kanji_load_kanji_05587
00160414 00000040 t kanji_load_kanji_05584
00160454 00000040 t kanji_load_kanji_05583
00160494 00000040 t kanji_load_kanji_05580
001604d4 00000040 t kanji_load_kanji_0557e
00160514 00000040 t kanji_load_kanji_0557c
00160554 00000040 t kanji_load_kanji_0557b
00160594 00000040 t kanji_load_kanji_05563
001605d4 00000040 t kanji_load_kanji_0555c
00160614 00000040 t kanji_load_kanji_05556
00160654 00000040 t kanji_load_kanji_05553
00160694 00000040 t kanji_load_kanji_0554f
001606d4 00000040 t kanji_load_kanji_05546
00160714 00000040 t kanji_load_kanji_05545
00160754 00000040 t kanji_load_kanji_05544
00160794 00000040 t kanji_load_kanji_05540
001607d4 00000040 t kanji_load_kanji_0553e
00160814 00000040 t kanji_load_kanji_05538
00160854 00000040 t kanji_load_kanji_05531
00160894 00000040 t kanji_load_kanji_0552f
001608d4 00000040 t kanji_load_kanji_0552e
00160914 00000040 t kanji_load_kanji_05514
00160954 00000040 t kanji_load_kanji_05510
00160994 00000040 t kanji_load_kanji_0550f
001609d4 00000040 t kanji_load_kanji_05507
00160a14 00000040 t kanji_load_kanji_05506
00160a54 00000040 t kanji_load_kanji_05504
00160a94 00000040 t kanji_load_kanji_054fd
00160ad4 00000040 t kanji_load_kanji_054fa
00160b14 00000040 t kanji_load_kanji_054f2
00160b54 00000040 t kanji_load_kanji_054ee
00160b94 00000040 t kanji_load_kanji_054ed
00160bd4 00000040 t kanji_load_kanji_054e9
00160c14 00000040 t kanji_load_kanji_054e8
00160c54 00000040 t kanji_load_kanji_054e6
00160c94 00000040 t kanji_load_kanji_054e5
00160cd4 00000040 t kanji_load_kanji_054e2
00160d14 00000040 t kanji_load_kanji_054e1
00160d54 00000040 t kanji_load_kanji_054c9
00160d94 00000040 t kanji_load_kanji_054c8
00160dd4 00000040 t kanji_load_kanji_054c7
00160e14 00000040 t kanji_load_kanji_054c4
00160e54 00000040 t kanji_load_kanji_054c2
00160e94 00000040 t kanji_load_kanji_054c1
00160ed4 00000040 t kanji_load_kanji_054c0
00160f14 00000040 t kanji_load_kanji_054bd
00160f54 00000040 t kanji_load_kanji_054b8
00160f94 00000040 t kanji_load_kanji_054b3
00160fd4 00000040 t kanji_load_kanji_054b2
00161014 00000040 t kanji_load_kanji_054ac
00161054 00000040 t kanji_load_kanji_054ab
00161094 00000040 t kanji_load_kanji_054a8
001610d4 00000040 t kanji_load_kanji_054a5
00161114 00000040 t kanji_load_kanji_054a4
00161154 00000040 t kanji_load_kanji_054a2
00161194 00000044 t kanji_load_kanji_05490
001611d8 00000044 t kanji_load_kanji_0548f
0016121c 00000044 t kanji_load_kanji_0548e
00161260 00000044 t kanji_load_kanji_0548c
001612a4 00000044 t kanji_load_kanji_05486
001612e8 00000044 t kanji_load_kanji_05484
0016132c 00000044 t kanji_load_kanji_05480
00161370 00000044 t kanji_load_kanji_0547d
001613b4 00000044 t kanji_load_kanji_0547c
001613f8 00000044 t kanji_load_kanji_0547b
0016143c 00000044 t kanji_load_kanji_05477
00161480 00000044 t kanji_load_kanji_05476
001614c4 00000044 t kanji_load_kanji_05475
00161508 00000044 t kanji_load_kanji_05473
0016154c 00000044 t kanji_load_kanji_05470
00161590 00000044 t kanji_load_kanji_0546a
001615d4 00000044 t kanji_load_kanji_05468
00161618 00000044 t kanji_load_kanji_0545f
0016165c 00000044 t kanji_load_kanji_0544e
001616a0 00000044 t kanji_load_kanji_0544a
001616e4 00000044 t kanji_load_kanji_05449
00161728 00000044 t kanji_load_kanji_05448
0016176c 00000044 t kanji_load_kanji_05446
001617b0 00000044 t kanji_load_kanji_05442
001617f4 00000044 t kanji_load_kanji_0543e
00161838 00000044 t kanji_load_kanji_0543d
0016187c 00000044 t kanji_load_kanji_0543c
001618c0 00000044 t kanji_load_kanji_0543b
00161904 00000044 t kanji_load_kanji_05439
00161948 00000044 t kanji_load_kanji_05438
0016198c 00000044 t kanji_load_kanji_05436
001619d0 00000044 t kanji_load_kanji_0542e
00161a14 00000044 t kanji_load_kanji_0542d
00161a58 00000044 t kanji_load_kanji_0542c
00161a9c 00000044 t kanji_load_kanji_0542b
00161ae0 00000044 t kanji_load_kanji_05429
00161b24 00000044 t kanji_load_kanji_05426
00161b68 00000044 t kanji_load_kanji_05420
00161bac 00000044 t kanji_load_kanji_0541f
00161bf0 00000044 t kanji_load_kanji_0541e
00161c34 00000044 t kanji_load_kanji_0541d
00161c78 00000044 t kanji_load_kanji_0541b
00161cbc 00000044 t kanji_load_kanji_05411
00161d00 00000044 t kanji_load_kanji_05410
00161d44 00000044 t kanji_load_kanji_0540f
00161d88 00000044 t kanji_load_kanji_0540e
00161dcc 00000044 t kanji_load_kanji_0540d
00161e10 00000044 t kanji_load_kanji_0540c
00161e54 00000044 t kanji_load_kanji_0540b
00161e98 00000044 t kanji_load_kanji_0540a
00161edc 00000044 t kanji_load_kanji_05409
00161f20 00000044 t kanji_load_kanji_05408
00161f64 00000044 t kanji_load_kanji_05404
00161fa8 00000044 t kanji_load_kanji_05403
00161fec 00000044 t kanji_load_kanji_05401
00162030 00000044 t kanji_load_kanji_053fa
00162074 00000044 t kanji_load_kanji_053f8
001620b8 00000044 t kanji_load_kanji_053f7
001620fc 00000044 t kanji_load_kanji_053f6
00162140 00000044 t kanji_load_kanji_053f3
00162184 00000044 t kanji_load_kanji_053f2
001621c8 00000044 t kanji_load_kanji_053f1
0016220c 00000044 t kanji_load_kanji_053f0
00162250 00000044 t kanji_load_kanji_053ef
00162294 00000044 t kanji_load_kanji_053ee
001622d8 00000044 t kanji_load_kanji_053ed
0016231c 00000044 t kanji_load_kanji_053ec
00162360 00000044 t kanji_load_kanji_053eb
001623a4 00000044 t kanji_load_kanji_053ea
001623e8 00000044 t kanji_load_kanji_053e9
0016242c 00000044 t kanji_load_kanji_053e8
00162470 00000044 t kanji_load_kanji_053e5
001624b4 00000044 t kanji_load_kanji_053e4
001624f8 00000050 t kanji_load_kanji_053e3
00162548 00000040 t kanji_load_kanji_053e2
00162588 00000040 t kanji_load_kanji_053e1
001625c8 00000040 t kanji_load_kanji_053df
00162608 00000040 t kanji_load_kanji_053db
00162648 00000040 t kanji_load_kanji_053d9
00162688 00000044 t kanji_load_kanji_053d7
001626cc 00000044 t kanji_load_kanji_053d6
00162710 00000044 t kanji_load_kanji_053d4
00162754 00000044 t kanji_load_kanji_053ce
00162798 00000044 t kanji_load_kanji_053cd
001627dc 00000044 t kanji_load_kanji_053cc
00162820 00000044 t kanji_load_kanji_053cb
00162864 00000050 t kanji_load_kanji_053ca
001628b4 00000050 t kanji_load_kanji_053c9
00162904 00000048 t kanji_load_kanji_053c8
0016294c 00000040 t kanji_load_kanji_053c3
0016298c 00000044 t kanji_load_kanji_053c2
001629d0 00000044 t kanji_load_kanji_053bb
00162a14 00000040 t kanji_load_kanji_053b3
00162a54 00000040 t kanji_load_kanji_053ad
00162a94 00000040 t kanji_load_kanji_053a9
00162ad4 00000040 t kanji_load_kanji_053a8
00162b14 00000040 t kanji_load_kanji_053a5
00162b54 00000040 t kanji_load_kanji_0539f
00162b94 00000040 t kanji_load_kanji_0539a
00162bd4 00000040 t kanji_load_kanji_05398
00162c14 00000040 t kanji_load_kanji_05396
00162c54 00000044 t kanji_load_kanji_05384
00162c98 00000040 t kanji_load_kanji_0537f
00162cd8 00000040 t kanji_load_kanji_05378
00162d18 00000044 t kanji_load_kanji_05377
00162d5c 00000044 t kanji_load_kanji_05375
00162da0 00000044 t kanji_load_kanji_05374
00162de4 00000044 t kanji_load_kanji_05373
00162e28 00000044 t kanji_load_kanji_05371
00162e6c 00000044 t kanji_load_kanji_05370
00162eb0 00000044 t kanji_load_kanji_0536f
00162ef4 00000044 t kanji_load_kanji_0536e
00162f38 00000044 t kanji_load_kanji_05366
00162f7c 00000044 t kanji_load_kanji_05360
00162fc0 00000048 t kanji_load_kanji_0535c
00163008 00000040 t kanji_load_kanji_0535a
00163048 00000040 t kanji_load_kanji_05358
00163088 00000040 t kanji_load_kanji_05357
001630c8 00000044 t kanji_load_kanji_05354
0016310c 00000044 t kanji_load_kanji_05353
00163150 00000044 t kanji_load_kanji_05352
00163194 00000040 t kanji_load_kanji_05351
001631d4 00000044 t kanji_load_kanji_0534d
00163218 00000044 t kanji_load_kanji_0534a
0016325c 00000044 t kanji_load_kanji_05349
001632a0 00000044 t kanji_load_kanji_05348
001632e4 00000044 t kanji_load_kanji_05347
00163328 00000044 t kanji_load_kanji_05345
0016336c 00000050 t kanji_load_kanji_05343
001633bc 00000048 t kanji_load_kanji_05341
00163404 00000040 t kanji_load_kanji_05340
00163444 00000040 t kanji_load_kanji_0533f
00163484 00000044 t kanji_load_kanji_0533b
001634c8 00000044 t kanji_load_kanji_0533a
0016350c 00000044 t kanji_load_kanji_05339
00163550 00000040 t kanji_load_kanji_05333
00163590 00000040 t kanji_load_kanji_05331
001635d0 00000040 t kanji_load_kanji_0532f
00163610 00000040 t kanji_load_kanji_0532a
00163650 00000044 t kanji_load_kanji_05323
00163694 00000044 t kanji_load_kanji_05321
001636d8 00000044 t kanji_load_kanji_05320
0016371c 00000044 t kanji_load_kanji_0531d
00163760 00000048 t kanji_load_kanji_0531a
001637a8 00000040 t kanji_load_kanji_05319
001637e8 00000044 t kanji_load_kanji_05317
0016382c 00000044 t kanji_load_kanji_05316
00163870 00000048 t kanji_load_kanji_05315
001638b8 00000040 t kanji_load_kanji_05310
001638f8 00000040 t kanji_load_kanji_0530f
00163938 00000040 t kanji_load_kanji_0530d
00163978 00000044 t kanji_load_kanji_05308
001639bc 00000044 t kanji_load_kanji_05306
00163a00 00000044 t kanji_load_kanji_05305
00163a44 00000044 t kanji_load_kanji_05302
00163a88 00000044 t kanji_load_kanji_05301
00163acc 00000044 t kanji_load_kanji_052ff
00163b10 00000044 t kanji_load_kanji_052fe
00163b54 00000050 t kanji_load_kanji_052fa
00163ba4 00000040 t kanji_load_kanji_052f8
00163be4 00000040 t kanji_load_kanji_052f5
00163c24 00000040 t kanji_load_kanji_052f3
00163c64 00000040 t kanji_load_kanji_052f2
00163ca4 00000040 t kanji_load_kanji_052e7
00163ce4 00000040 t kanji_load_kanji_052e6
00163d24 00000040 t kanji_load_kanji_052e4
00163d64 00000040 t kanji_load_kanji_052e3
00163da4 00000040 t kanji_load_kanji_052e2
00163de4 00000040 t kanji_load_kanji_052e0
00163e24 00000040 t kanji_load_kanji_052df
00163e64 00000040 t kanji_load_kanji_052de
00163ea4 00000040 t kanji_load_kanji_052dd
00163ee4 00000040 t kanji_load_kanji_052d9
00163f24 00000040 t kanji_load_kanji_052d8
00163f64 00000040 t kanji_load_kanji_052d5
00163fa4 00000040 t kanji_load_kanji_052d2
00163fe4 00000040 t kanji_load_kanji_052cd
00164024 00000040 t kanji_load_kanji_052c9
00164064 00000040 t kanji_load_kanji_052c7
001640a4 00000040 t kanji_load_kanji_052c5
001640e4 00000040 t kanji_load_kanji_052c3
00164124 00000040 t kanji_load_kanji_052c1
00164164 00000044 t kanji_load_kanji_052be
001641a8 00000044 t kanji_load_kanji_052bc
001641ec 00000044 t kanji_load_kanji_052b9
00164230 00000044 t kanji_load_kanji_052b4
00164274 00000044 t kanji_load_kanji_052b1
001642b8 00000044 t kanji_load_kanji_052ad
001642fc 00000044 t kanji_load_kanji_052ac
00164340 00000044 t kanji_load_kanji_052ab
00164384 00000044 t kanji_load_kanji_052aa
001643c8 00000044 t kanji_load_kanji_052a9
0016440c 00000044 t kanji_load_kanji_052a3
00164450 00000044 t kanji_load_kanji_052a0
00164494 00000044 t kanji_load_kanji_0529f
001644d8 00000048 t kanji_load_kanji_0529b
00164520 00000040 t kanji_load_kanji_05291
00164560 00000040 t kanji_load_kanji_0528d
001645a0 00000040 t kanji_load_kanji_05289
001645e0 00000040 t kanji_load_kanji_05288
00164620 00000040 t kanji_load_kanji_05287
00164660 00000040 t kanji_load_kanji_05283
001646a0 00000040 t kanji_load_kanji_0527f
001646e0 00000040 t kanji_load_kanji_0527d
00164720 00000040 t kanji_load_kanji_05275
00164760 00000040 t kanji_load_kanji_05274
001647a0 00000040 t kanji_load_kanji_05273
001647e0 00000040 t kanji_load_kanji_05272
00164820 00000040 t kanji_load_kanji_05270
00164860 00000040 t kanji_load_kanji_0526f
001648a0 00000040 t kanji_load_kanji_0526a
001648e0 00000040 t kanji_load_kanji_05269
00164920 00000040 t kanji_load_kanji_05264
00164960 00000040 t kanji_load_kanji_05263
001649a0 00000040 t kanji_load_kanji_0525e
001649e0 00000040 t kanji_load_kanji_0525d
00164a20 00000040 t kanji_load_kanji_0525b
00164a60 00000040 t kanji_load_kanji_05256
00164aa0 00000040 t kanji_load_kanji_05254
00164ae0 00000040 t kanji_load_kanji_0524d
00164b20 00000040 t kanji_load_kanji_0524c
00164b60 00000040 t kanji_load_kanji_0524b
00164ba0 00000040 t kanji_load_kanji_0524a
00164be0 00000040 t kanji_load_kanji_05247
00164c20 00000040 t kanji_load_kanji_05244
00164c60 00000040 t kanji_load_kanji_05243
00164ca0 00000044 t kanji_load_kanji_0523b
00164ce4 00000044 t kanji_load_kanji_0523a
00164d28 00000044 t kanji_load_kanji_05239
00164d6c 00000044 t kanji_load_kanji_05238
00164db0 00000044 t kanji_load_kanji_05237
00164df4 00000044 t kanji_load_kanji_05236
00164e38 00000044 t kanji_load_kanji_05233
00164e7c 00000044 t kanji_load_kanji_05230
00164ec0 00000044 t kanji_load_kanji_0522e
00164f04 00000044 t kanji_load_kanji_0522a
00164f48 00000044 t kanji_load_kanji_05229
00164f8c 00000044 t kanji_load_kanji_05225
00164fd0 00000044 t kanji_load_kanji_05224
00165014 00000044 t kanji_load_kanji_0521d
00165058 00000044 t kanji_load_kanji_05217
0016509c 00000044 t kanji_load_kanji_05214
001650e0 00000044 t kanji_load_kanji_05211
00165124 00000044 t kanji_load_kanji_0520e
00165168 00000044 t kanji_load_kanji_0520b
001651ac 00000044 t kanji_load_kanji_0520a
001651f0 00000044 t kanji_load_kanji_05208
00165234 00000044 t kanji_load_kanji_05207
00165278 00000044 t kanji_load_kanji_05206
001652bc 00000050 t kanji_load_kanji_05203
0016530c 00000048 t kanji_load_kanji_05200
00165354 00000044 t kanji_load_kanji_051fd
00165398 00000044 t kanji_load_kanji_051fa
001653dc 00000044 t kanji_load_kanji_051f9
00165420 00000044 t kanji_load_kanji_051f8
00165464 00000044 t kanji_load_kanji_051f6
001654a8 00000040 t kanji_load_kanji_051f1
001654e8 00000040 t kanji_load_kanji_051f0
00165528 00000044 t kanji_load_kanji_051ed
0016556c 00000044 t kanji_load_kanji_051ea
001655b0 00000044 t kanji_load_kanji_051e9
001655f4 00000044 t kanji_load_kanji_051e7
00165638 00000044 t kanji_load_kanji_051e6
0016567c 00000050 t kanji_load_kanji_051e1
001656cc 00000048 t kanji_load_kanji_051e0
00165714 00000040 t kanji_load_kanji_051dd
00165754 00000040 t kanji_load_kanji_051dc
00165794 00000040 t kanji_load_kanji_051cd
001657d4 00000040 t kanji_load_kanji_051cc
00165814 00000040 t kanji_load_kanji_051c6
00165854 00000040 t kanji_load_kanji_051c5
00165894 00000040 t kanji_load_kanji_051c4
001658d4 00000044 t kanji_load_kanji_051bd
00165918 00000044 t kanji_load_kanji_051b7
0016595c 00000044 t kanji_load_kanji_051b6
001659a0 00000044 t kanji_load_kanji_051b4
001659e4 00000044 t kanji_load_kanji_051b1
00165a28 00000044 t kanji_load_kanji_051ac
00165a6c 00000040 t kanji_load_kanji_051aa
00165aac 00000040 t kanji_load_kanji_051a5
00165aec 00000040 t kanji_load_kanji_051a4
00165b2c 00000040 t kanji_load_kanji_051a2
00165b6c 00000040 t kanji_load_kanji_051a0
00165bac 00000044 t kanji_load_kanji_05199
00165bf0 00000044 t kanji_load_kanji_05197
00165c34 00000040 t kanji_load_kanji_05195
00165c74 00000040 t kanji_load_kanji_05192
00165cb4 00000040 t kanji_load_kanji_05191
00165cf4 00000044 t kanji_load_kanji_0518f
00165d38 00000044 t kanji_load_kanji_0518d
00165d7c 00000044 t kanji_load_kanji_0518c
00165dc0 00000044 t kanji_load_kanji_0518a
00165e04 00000044 t kanji_load_kanji_05186
00165e48 00000044 t kanji_load_kanji_05185
00165e8c 00000040 t kanji_load_kanji_05180
00165ecc 00000040 t kanji_load_kanji_0517c
00165f0c 00000044 t kanji_load_kanji_05178
00165f50 00000044 t kanji_load_kanji_05177
00165f94 00000044 t kanji_load_kanji_05176
00165fd8 00000044 t kanji_load_kanji_05175
0016601c 00000044 t kanji_load_kanji_05171
00166060 00000044 t kanji_load_kanji_0516d
001660a4 00000044 t kanji_load_kanji_0516c
001660e8 00000048 t kanji_load_kanji_0516b
00166130 00000040 t kanji_load_kanji_0516a
00166170 00000044 t kanji_load_kanji_05169
001661b4 00000044 t kanji_load_kanji_05168
001661f8 00000048 t kanji_load_kanji_05165
00166240 00000040 t kanji_load_kanji_05162
00166280 00000040 t kanji_load_kanji_0515c
001662c0 00000040 t kanji_load_kanji_0515a
00166300 00000044 t kanji_load_kanji_05152
00166344 00000044 t kanji_load_kanji_05150
00166388 00000044 t kanji_load_kanji_0514e
001663cc 00000044 t kanji_load_kanji_0514d
00166410 00000044 t kanji_load_kanji_0514c
00166454 00000044 t kanji_load_kanji_0514b
00166498 00000044 t kanji_load_kanji_05149
001664dc 00000044 t kanji_load_kanji_05148
00166520 00000044 t kanji_load_kanji_05147
00166564 00000044 t kanji_load_kanji_05146
001665a8 00000044 t kanji_load_kanji_05145
001665ec 00000044 t kanji_load_kanji_05144
00166630 00000044 t kanji_load_kanji_05143
00166674 00000044 t kanji_load_kanji_05141
001666b8 00000050 t kanji_load_kanji_05140
00166708 00000040 t kanji_load_kanji_0513c
00166748 00000040 t kanji_load_kanji_0513b
00166788 00000040 t kanji_load_kanji_0513a
001667c8 00000040 t kanji_load_kanji_05137
00166808 00000040 t kanji_load_kanji_05132
00166848 00000040 t kanji_load_kanji_0512a
00166888 00000040 t kanji_load_kanji_05121
001668c8 00000040 t kanji_load_kanji_0511f
00166908 00000040 t kanji_load_kanji_0511a
00166948 00000040 t kanji_load_kanji_05118
00166988 00000040 t kanji_load_kanji_05115
001669c8 00000040 t kanji_load_kanji_05114
00166a08 00000040 t kanji_load_kanji_05112
00166a48 00000040 t kanji_load_kanji_05109
00166a88 00000040 t kanji_load_kanji_05104
00166ac8 00000040 t kanji_load_kanji_05102
00166b08 00000040 t kanji_load_kanji_05101
00166b48 00000040 t kanji_load_kanji_05100
00166b88 00000040 t kanji_load_kanji_050fb
00166bc8 00000040 t kanji_load_kanji_050f9
00166c08 00000040 t kanji_load_kanji_050f5
00166c48 00000040 t kanji_load_kanji_050ee
00166c88 00000040 t kanji_load_kanji_050ed
00166cc8 00000040 t kanji_load_kanji_050e7
00166d08 00000040 t kanji_load_kanji_050e5
00166d48 00000040 t kanji_load_kanji_050de
00166d88 00000040 t kanji_load_kanji_050da
00166dc8 00000040 t kanji_load_kanji_050d6
00166e08 00000040 t kanji_load_kanji_050d5
00166e48 00000040 t kanji_load_kanji_050d1
00166e88 00000040 t kanji_load_kanji_050cf
00166ec8 00000040 t kanji_load_kanji_050cd
00166f08 00000040 t kanji_load_kanji_050c9
00166f48 00000040 t kanji_load_kanji_050c5
00166f88 00000040 t kanji_load_kanji_050c2
00166fc8 00000040 t kanji_load_kanji_050be
00167008 00000040 t kanji_load_kanji_050b7
00167048 00000040 t kanji_load_kanji_050b5
00167088 00000040 t kanji_load_kanji_050b4
001670c8 00000040 t kanji_load_kanji_050b3
00167108 00000040 t kanji_load_kanji_050b2
00167148 00000040 t kanji_load_kanji_050ad
00167188 00000040 t kanji_load_kanji_050ac
001671c8 00000040 t kanji_load_kanji_0509a
00167208 00000040 t kanji_load_kanji_05099
00167248 00000040 t kanji_load_kanji_05098
00167288 00000040 t kanji_load_kanji_05091
001672c8 00000040 t kanji_load_kanji_0508d
00167308 00000040 t kanji_load_kanji_05085
00167348 00000040 t kanji_load_kanji_05080
00167388 00000040 t kanji_load_kanji_0507d
001673c8 00000040 t kanji_load_kanji_05078
00167408 00000040 t kanji_load_kanji_05076
00167448 00000040 t kanji_load_kanji_05075
00167488 00000040 t kanji_load_kanji_05074
001674c8 00000040 t kanji_load_kanji_05072
00167508 00000040 t kanji_load_kanji_0506c
00167548 00000040 t kanji_load_kanji_05065
00167588 00000040 t kanji_load_kanji_0505c
001675c8 00000040 t kanji_load_kanji_0505a
00167608 00000040 t kanji_load_kanji_05056
00167648 00000040 t kanji_load_kanji_05055
00167688 00000040 t kanji_load_kanji_05050
001676c8 00000040 t kanji_load_kanji_0504f
00167708 00000040 t kanji_load_kanji_05049
00167748 00000040 t kanji_load_kanji_05048
00167788 00000040 t kanji_load_kanji_05047
001677c8 00000040 t kanji_load_kanji_05043
00167808 00000040 t kanji_load_kanji_05039
00167848 00000040 t kanji_load_kanji_0502d
00167888 00000040 t kanji_load_kanji_0502c
001678c8 00000040 t kanji_load_kanji_0502b
00167908 00000040 t kanji_load_kanji_0502a
00167948 00000040 t kanji_load_kanji_05029
00167988 00000040 t kanji_load_kanji_05028
001679c8 00000040 t kanji_load_kanji_05026
00167a08 00000040 t kanji_load_kanji_05025
00167a48 00000040 t kanji_load_kanji_05024
00167a88 00000040 t kanji_load_kanji_05023
00167ac8 00000040 t kanji_load_kanji_05021
00167b08 00000040 t kanji_load_kanji_0501f
00167b48 00000040 t kanji_load_kanji_0501a
00167b88 00000040 t kanji_load_kanji_05019
00167bc8 00000040 t kanji_load_kanji_05016
00167c08 00000040 t kanji_load_kanji_05014
00167c48 00000040 t kanji_load_kanji_05012
00167c88 00000040 t kanji_load_kanji_05011
00167cc8 00000040 t kanji_load_kanji_0500f
00167d08 00000040 t kanji_load_kanji_0500d
00167d48 00000040 t kanji_load_kanji_0500b
00167d88 00000040 t kanji_load_kanji_05009
00167dc8 00000040 t kanji_load_kanji_05006
00167e08 00000040 t kanji_load_kanji_05005
00167e48 00000040 t kanji_load_kanji_04ffe
00167e88 00000040 t kanji_load_kanji_04ffa
00167ec8 00000040 t kanji_load_kanji_04ff8
00167f08 00000040 t kanji_load_kanji_04ff6
00167f48 00000040 t kanji_load_kanji_04ff5
00167f88 00000040 t kanji_load_kanji_04ff3
00167fc8 00000040 t kanji_load_kanji_04ff1
00168008 00000040 t kanji_load_kanji_04fef
00168048 00000040 t kanji_load_kanji_04fee
00168088 00000040 t kanji_load_kanji_04fe5
001680c8 00000040 t kanji_load_kanji_04fe4
00168108 00000040 t kanji_load_kanji_04fe3
00168148 00000040 t kanji_load_kanji_04fe1
00168188 00000040 t kanji_load_kanji_04fdf
001681c8 00000040 t kanji_load_kanji_04fdd
00168208 00000040 t kanji_load_kanji_04fdb
00168248 00000040 t kanji_load_kanji_04fda
00168288 00000040 t kanji_load_kanji_04fd8
001682c8 00000040 t kanji_load_kanji_04fd7
00168308 00000040 t kanji_load_kanji_04fd4
00168348 00000040 t kanji_load_kanji_04fd1
00168388 00000040 t kanji_load_kanji_04fd0
001683c8 00000040 t kanji_load_kanji_04fce
00168408 00000040 t kanji_load_kanji_04fca
00168448 00000040 t kanji_load_kanji_04fc4
00168488 00000040 t kanji_load_kanji_04fc3
001684c8 00000040 t kanji_load_kanji_04fc2
00168508 00000040 t kanji_load_kanji_04fbf
00168548 00000040 t kanji_load_kanji_04fb6
00168588 00000040 t kanji_load_kanji_04fb5
001685c8 00000040 t kanji_load_kanji_04faf
00168608 00000044 t kanji_load_kanji_04fae
0016864c 00000044 t kanji_load_kanji_04fa1
00168690 00000044 t kanji_load_kanji_04f9d
001686d4 00000044 t kanji_load_kanji_04f9b
00168718 00000044 t kanji_load_kanji_04f98
0016875c 00000044 t kanji_load_kanji_04f96
001687a0 00000044 t kanji_load_kanji_04f91
001687e4 00000044 t kanji_load_kanji_04f8f
00168828 00000044 t kanji_load_kanji_04f8d
0016886c 00000044 t kanji_load_kanji_04f8b
001688b0 00000044 t kanji_load_kanji_04f88
001688f4 00000044 t kanji_load_kanji_04f86
00168938 00000044 t kanji_load_kanji_04f83
0016897c 00000044 t kanji_load_kanji_04f7f
001689c0 00000044 t kanji_load_kanji_04f7c
00168a04 00000044 t kanji_load_kanji_04f7b
00168a48 00000044 t kanji_load_kanji_04f76
00168a8c 00000044 t kanji_load_kanji_04f75
00168ad0 00000044 t kanji_load_kanji_04f73
00168b14 00000044 t kanji_load_kanji_04f70
00168b58 00000044 t kanji_load_kanji_04f6f
00168b9c 00000044 t kanji_load_kanji_04f69
00168be0 00000044 t kanji_load_kanji_04f5e
00168c24 00000044 t kanji_load_kanji_04f5d
00168c68 00000044 t kanji_load_kanji_04f5c
00168cac 00000044 t kanji_load_kanji_04f5b
00168cf0 00000044 t kanji_load_kanji_04f5a
00168d34 00000044 t kanji_load_kanji_04f59
00168d78 00000044 t kanji_load_kanji_04f57
00168dbc 00000044 t kanji_load_kanji_04f55
00168e00 00000044 t kanji_load_kanji_04f53
00168e44 00000044 t kanji_load_kanji_04f51
00168e88 00000044 t kanji_load_kanji_04f50
00168ecc 00000044 t kanji_load_kanji_04f4f
00168f10 00000044 t kanji_load_kanji_04f4e
00168f54 00000044 t kanji_load_kanji_04f4d
00168f98 00000044 t kanji_load_kanji_04f47
00168fdc 00000044 t kanji_load_kanji_04f46
00169020 00000044 t kanji_load_kanji_04f43
00169064 00000044 t kanji_load_kanji_04f3d
001690a8 00000044 t kanji_load_kanji_04f3c
001690ec 00000044 t kanji_load_kanji_04f3a
00169130 00000044 t kanji_load_kanji_04f38
00169174 00000044 t kanji_load_kanji_04f36
001691b8 00000044 t kanji_load_kanji_04f34
001691fc 00000044 t kanji_load_kanji_04f30
00169240 00000044 t kanji_load_kanji_04f2f
00169284 00000044 t kanji_load_kanji_04f1d
001692c8 00000044 t kanji_load_kanji_04f1a
0016930c 00000044 t kanji_load_kanji_04f11
00169350 00000044 t kanji_load_kanji_04f10
00169394 00000044 t kanji_load_kanji_04f0f
001693d8 00000044 t kanji_load_kanji_04f0e
0016941c 00000044 t kanji_load_kanji_04f0d
00169460 00000044 t kanji_load_kanji_04f0a
001694a4 00000044 t kanji_load_kanji_04f09
001694e8 00000044 t kanji_load_kanji_04f01
0016952c 00000044 t kanji_load_kanji_04efb
00169570 00000044 t kanji_load_kanji_04ef7
001695b4 00000044 t kanji_load_kanji_04ef6
001695f8 00000044 t kanji_load_kanji_04ef2
0016963c 00000044 t kanji_load_kanji_04ef0
00169680 00000044 t kanji_load_kanji_04eee
001696c4 00000044 t kanji_load_kanji_04ee5
00169708 00000044 t kanji_load_kanji_04ee4
0016974c 00000044 t kanji_load_kanji_04ee3
00169790 00000044 t kanji_load_kanji_04edf
001697d4 00000044 t kanji_load_kanji_04ede
00169818 00000044 t kanji_load_kanji_04ed9
0016985c 00000044 t kanji_load_kanji_04ed8
001698a0 00000044 t kanji_load_kanji_04ed7
001698e4 00000044 t kanji_load_kanji_04ed6
00169928 00000044 t kanji_load_kanji_04ed5
0016996c 00000044 t kanji_load_kanji_04ed4
001699b0 00000044 t kanji_load_kanji_04ecf
001699f4 00000044 t kanji_load_kanji_04ece
00169a38 00000044 t kanji_load_kanji_04ecd
00169a7c 00000044 t kanji_load_kanji_04ecb
00169ac0 00000044 t kanji_load_kanji_04eca
00169b04 00000044 t kanji_load_kanji_04ec7
00169b48 00000044 t kanji_load_kanji_04ec6
00169b8c 00000044 t kanji_load_kanji_04ec4
00169bd0 00000044 t kanji_load_kanji_04ec2
00169c14 00000044 t kanji_load_kanji_04ec1
00169c58 00000044 t kanji_load_kanji_04ec0
00169c9c 00000048 t kanji_load_kanji_04eba
00169ce4 00000040 t kanji_load_kanji_04eb6
00169d24 00000040 t kanji_load_kanji_04eae
00169d64 00000040 t kanji_load_kanji_04ead
00169da4 00000044 t kanji_load_kanji_04eac
00169de8 00000044 t kanji_load_kanji_04eab
00169e2c 00000044 t kanji_load_kanji_04ea8
00169e70 00000044 t kanji_load_kanji_04ea6
00169eb4 00000044 t kanji_load_kanji_04ea5
00169ef8 00000044 t kanji_load_kanji_04ea4
00169f3c 00000044 t kanji_load_kanji_04ea2
00169f80 00000050 t kanji_load_kanji_04ea1
00169fd0 00000044 t kanji_load_kanji_04e9f
0016a014 00000044 t kanji_load_kanji_04e9e
0016a058 00000044 t kanji_load_kanji_04e9c
0016a09c 00000044 t kanji_load_kanji_04e9b
0016a0e0 00000044 t kanji_load_kanji_04e99
0016a124 00000044 t kanji_load_kanji_04e98
0016a168 00000044 t kanji_load_kanji_04e95
0016a1ac 00000044 t kanji_load_kanji_04e94
0016a1f0 00000044 t kanji_load_kanji_04e92
0016a234 00000044 t kanji_load_kanji_04e91
0016a278 00000050 t kanji_load_kanji_04e8e
0016a2c8 00000048 t kanji_load_kanji_04e8c
0016a310 00000044 t kanji_load_kanji_04e8b
0016a354 00000044 t kanji_load_kanji_04e89
0016a398 00000044 t kanji_load_kanji_04e88
0016a3dc 00000048 t kanji_load_kanji_04e86
0016a424 00000040 t kanji_load_kanji_04e82
0016a464 00000040 t kanji_load_kanji_04e80
0016a4a4 00000040 t kanji_load_kanji_04e7e
0016a4e4 00000044 t kanji_load_kanji_04e73
0016a528 00000044 t kanji_load_kanji_04e71
0016a56c 00000050 t kanji_load_kanji_04e5f
0016a5bc 00000050 t kanji_load_kanji_04e5e
0016a60c 00000048 t kanji_load_kanji_04e5d
0016a654 0000001c t kanji_load_kanji_04e59
0016a670 00000040 t kanji_load_kanji_04e58
0016a6b0 00000040 t kanji_load_kanji_04e57
0016a6f0 00000044 t kanji_load_kanji_04e56
0016a734 00000044 t kanji_load_kanji_04e4f
0016a778 00000044 t kanji_load_kanji_04e4e
0016a7bc 00000044 t kanji_load_kanji_04e4d
0016a800 00000050 t kanji_load_kanji_04e4b
0016a850 00000050 t kanji_load_kanji_04e45
0016a8a0 00000048 t kanji_load_kanji_04e43
0016a8e8 00000048 t kanji_load_kanji_04e42
0016a930 00000044 t kanji_load_kanji_04e3c
0016a974 00000044 t kanji_load_kanji_04e3b
0016a9b8 00000044 t kanji_load_kanji_04e39
0016a9fc 00000050 t kanji_load_kanji_04e38
0016aa4c 00000044 t kanji_load_kanji_04e32
0016aa90 00000044 t kanji_load_kanji_04e31
0016aad4 00000044 t kanji_load_kanji_04e2d
0016ab18 00000044 t kanji_load_kanji_04e26
0016ab5c 00000044 t kanji_load_kanji_04e21
0016aba0 00000044 t kanji_load_kanji_04e1e
0016abe4 00000044 t kanji_load_kanji_04e19
0016ac28 00000044 t kanji_load_kanji_04e18
0016ac6c 00000044 t kanji_load_kanji_04e16
0016acb0 00000044 t kanji_load_kanji_04e15
0016acf4 00000044 t kanji_load_kanji_04e14
0016ad38 00000044 t kanji_load_kanji_04e11
0016ad7c 00000044 t kanji_load_kanji_04e10
0016adc0 00000050 t kanji_load_kanji_04e0e
0016ae10 00000044 t kanji_load_kanji_04e0d
0016ae54 00000050 t kanji_load_kanji_04e0b
0016aea4 00000050 t kanji_load_kanji_04e0a
0016aef4 00000050 t kanji_load_kanji_04e09
0016af44 00000050 t kanji_load_kanji_04e08
0016af94 00000050 t kanji_load_kanji_04e07
0016afe4 00000048 t kanji_load_kanji_04e03
0016b02c 00000048 t kanji_load_kanji_04e01
0016b074 0000001c t kanji_load_kanji_04e00
0016b090 0000001c t kanji_load_kata_030fc
0016b0ac 0000001c t kanji_load_kata_030fb
0016b0c8 00000044 t kanji_load_kata_030f4
0016b10c 00000048 t kanji_load_kata_030f3
0016b154 00000050 t kanji_load_kata_030f2
0016b1a4 00000048 t kanji_load_kata_030ef
0016b1ec 00000050 t kanji_load_kata_030ed
0016b23c 0000001c t kanji_load_kata_030ec
0016b258 00000048 t kanji_load_kata_030eb
0016b2a0 00000048 t kanji_load_kata_030ea
0016b2e8 00000048 t kanji_load_kata_030e9
0016b330 00000050 t kanji_load_kata_030e8
0016b380 00000050 t kanji_load_kata_030e7
0016b3d0 00000048 t kanji_load_kata_030e6
0016b418 00000048 t kanji_load_kata_030e5
0016b460 00000048 t kanji_load_kata_030e4
0016b4a8 00000048 t kanji_load_kata_030e3
0016b4f0 00000050 t kanji_load_kata_030e2
0016b540 00000048 t kanji_load_kata_030e1
0016b588 00000048 t kanji_load_kata_030e0
0016b5d0 00000050 t kanji_load_kata_030df
0016b620 00000048 t kanji_load_kata_030de
0016b668 00000044 t kanji_load_kata_030dd
0016b6ac 00000044 t kanji_load_kata_030dc
0016b6f0 00000044 t kanji_load_kata_030db
0016b734 00000048 t kanji_load_kata_030da
0016b77c 00000050 t kanji_load_kata_030d9
0016b7cc 0000001c t kanji_load_kata_030d8
0016b7e8 00000048 t kanji_load_kata_030d7
0016b830 00000050 t kanji_load_kata_030d6
0016b880 0000001c t kanji_load_kata_030d5
0016b89c 00000050 t kanji_load_kata_030d4
0016b8ec 00000044 t kanji_load_kata_030d3
0016b930 00000048 t kanji_load_kata_030d2
0016b978 00000050 t kanji_load_kata_030d1
0016b9c8 00000044 t kanji_load_kata_030d0
0016ba0c 00000048 t kanji_load_kata_030cf
0016ba54 0000001c t kanji_load_kata_030ce
0016ba70 00000044 t kanji_load_kata_030cd
0016bab4 00000048 t kanji_load_kata_030cc
0016bafc 00000048 t kanji_load_kata_030cb
0016bb44 00000048 t kanji_load_kata_030ca
0016bb8c 00000044 t kanji_load_kata_030c9
0016bbd0 00000048 t kanji_load_kata_030c8
0016bc18 00000044 t kanji_load_kata_030c7
0016bc5c 00000050 t kanji_load_kata_030c6
0016bcac 00000044 t kanji_load_kata_030c5
0016bcf0 00000050 t kanji_load_kata_030c4
0016bd40 00000050 t kanji_load_kata_030c3
0016bd90 00000044 t kanji_load_kata_030c2
0016bdd4 00000050 t kanji_load_kata_030c1
0016be24 00000044 t kanji_load_kata_030c0
0016be68 00000050 t kanji_load_kata_030bf
0016beb8 00000044 t kanji_load_kata_030be
0016befc 00000048 t kanji_load_kata_030bd
0016bf44 00000044 t kanji_load_kata_030bc
0016bf88 00000048 t kanji_load_kata_030bb
0016bfd0 00000044 t kanji_load_kata_030ba
0016c014 00000048 t kanji_load_kata_030b9
0016c05c 00000044 t kanji_load_kata_030b8
0016c0a0 00000050 t kanji_load_kata_030b7
0016c0f0 00000044 t kanji_load_kata_030b6
0016c134 00000050 t kanji_load_kata_030b5
0016c184 00000044 t kanji_load_kata_030b4
0016c1c8 00000048 t kanji_load_kata_030b3
0016c210 00000044 t kanji_load_kata_030b2
0016c254 00000050 t kanji_load_kata_030b1
0016c2a4 00000044 t kanji_load_kata_030b0
0016c2e8 00000048 t kanji_load_kata_030af
0016c330 00000044 t kanji_load_kata_030ae
0016c374 00000050 t kanji_load_kata_030ad
0016c3c4 00000044 t kanji_load_kata_030ac
0016c408 00000048 t kanji_load_kata_030ab
0016c450 00000050 t kanji_load_kata_030aa
0016c4a0 00000050 t kanji_load_kata_030a9
0016c4f0 00000050 t kanji_load_kata_030a8
0016c540 00000050 t kanji_load_kata_030a7
0016c590 00000050 t kanji_load_kata_030a6
0016c5e0 00000050 t kanji_load_kata_030a5
0016c630 00000048 t kanji_load_kata_030a4
0016c678 00000048 t kanji_load_kata_030a3
0016c6c0 00000048 t kanji_load_kata_030a2
0016c708 00000048 t kanji_load_kata_030a1
0016c750 0000001c t kanji_load_hira_03093
0016c76c 00000050 t kanji_load_hira_03092
0016c7bc 00000048 t kanji_load_hira_0308f
0016c804 0000001c t kanji_load_hira_0308d
0016c820 00000048 t kanji_load_hira_0308c
0016c868 0000001c t kanji_load_hira_0308b
0016c884 00000048 t kanji_load_hira_0308a
0016c8cc 00000048 t kanji_load_hira_03089
0016c914 00000048 t kanji_load_hira_03088
0016c95c 00000048 t kanji_load_hira_03087
0016c9a4 00000048 t kanji_load_hira_03086
0016c9ec 00000048 t kanji_load_hira_03085
0016ca34 00000050 t kanji_load_hira_03084
0016ca84 00000050 t kanji_load_hira_03083
0016cad4 00000050 t kanji_load_hira_03082
0016cb24 00000048 t kanji_load_hira_03081
0016cb6c 00000050 t kanji_load_hira_03080
0016cbbc 00000048 t kanji_load_hira_0307f
0016cc04 00000050 t kanji_load_hira_0307e
0016cc54 00000044 t kanji_load_hira_0307d
0016cc98 00000044 t kanji_load_hira_0307c
0016ccdc 00000044 t kanji_load_hira_0307b
0016cd20 00000048 t kanji_load_hira_0307a
0016cd68 00000050 t kanji_load_hira_03079
0016cdb8 0000001c t kanji_load_hira_03078
0016cdd4 00000044 t kanji_load_hira_03077
0016ce18 00000044 t kanji_load_hira_03076
0016ce5c 00000044 t kanji_load_hira_03075
0016cea0 00000048 t kanji_load_hira_03074
0016cee8 00000050 t kanji_load_hira_03073
0016cf38 0000001c t kanji_load_hira_03072
0016cf54 00000044 t kanji_load_hira_03071
0016cf98 00000044 t kanji_load_hira_03070
0016cfdc 00000050 t kanji_load_hira_0306f
0016d02c 0000001c t kanji_load_hira_0306e
0016d048 00000048 t kanji_load_hira_0306d
0016d090 00000048 t kanji_load_hira_0306c
0016d0d8 00000050 t kanji_load_hira_0306b
0016d128 00000044 t kanji_load_hira_0306a
0016d16c 00000044 t kanji_load_hira_03069
0016d1b0 00000048 t kanji_load_hira_03068
0016d1f8 00000050 t kanji_load_hira_03067
0016d248 0000001c t kanji_load_hira_03066
0016d264 00000050 t kanji_load_hira_03065
0016d2b4 0000001c t kanji_load_hira_03064
0016d2d0 0000001c t kanji_load_hira_03063
0016d2ec 00000044 t kanji_load_hira_03062
0016d330 00000048 t kanji_load_hira_03061
0016d378 00000044 t kanji_load_hira_03060
0016d3bc 00000044 t kanji_load_hira_0305f
0016d400 00000050 t kanji_load_hira_0305e
0016d450 0000001c t kanji_load_hira_0305d
0016d46c 00000044 t kanji_load_hira_0305c
0016d4b0 00000050 t kanji_load_hira_0305b
0016d500 00000044 t kanji_load_hira_0305a
0016d544 00000048 t kanji_load_hira_03059
0016d58c 00000050 t kanji_load_hira_03058
0016d5dc 0000001c t kanji_load_hira_03057
0016d5f8 00000044 t kanji_load_hira_03056
0016d63c 00000050 t kanji_load_hira_03055
0016d68c 00000044 t kanji_load_hira_03054
0016d6d0 00000048 t kanji_load_hira_03053
0016d718 00000044 t kanji_load_hira_03052
0016d75c 00000050 t kanji_load_hira_03051
0016d7ac 00000050 t kanji_load_hira_03050
0016d7fc 0000001c t kanji_load_hira_0304f
0016d818 00000044 t kanji_load_hira_0304e
0016d85c 00000044 t kanji_load_hira_0304d
0016d8a0 00000044 t kanji_load_hira_0304c
0016d8e4 00000050 t kanji_load_hira_0304b
0016d934 00000050 t kanji_load_hira_0304a
0016d984 00000050 t kanji_load_hira_03049
0016d9d4 00000048 t kanji_load_hira_03048
0016da1c 00000048 t kanji_load_hira_03047
0016da64 00000048 t kanji_load_hira_03046
0016daac 00000048 t kanji_load_hira_03045
0016daf4 00000048 t kanji_load_hira_03044
0016db3c 00000048 t kanji_load_hira_03043
0016db84 00000050 t kanji_load_hira_03042
0016dbd4 00000050 t kanji_load_hira_03041
0016dc24 00000050 t kanji_load_kanji_03005
0016dc74 0000001c t kanji_load_kanji_03002
0016dc90 0000001c t kanji_load_kanji_03001
0016dcb0 00000da4 T draw_kana_detail
0016ea54 0000041c T mostrar_tabla
0016ee70 00000408 T handle_tabla_touch
0016f278 00000340 T kana_handle_input
0016f5b8 00000054 t cmp_jlpt
0016f60c 0000016c t fold_to_lower_hira
0016f778 00000348 t rebuild_active
0016fac0 0000001c T kanji_filter_set
0016fadc 00000028 T kanji_filter_get
0016fb04 00000084 T kanji_active_size
0016fb88 000000a4 T kanji_sort_at
0016fc2c 00000068 T kanji_search_set
0016fc94 00000018 T kanji_search_clear
0016fcac 00000018 T kanji_search_has
0016fcc4 00000050 T kanji_search_get
0016fd14 000000e8 t indices_fill
0016fdfc 000003f0 t draw_wrapped_field.constprop.0.isra.0
001701ec 000000b0 t join_field.isra.0
0017029c 00000368 t parse_svg_path
00170604 00000044 t kanji_load_kanji_20b9f
00170648 00000048 t kanji_load_kanji_0ff01
00170690 00000040 t kanji_load_kanji_09fa0
001706d0 00000040 t kanji_load_kanji_09f9d
00170710 00000040 t kanji_load_kanji_09f9c
00170750 00000040 t kanji_load_kanji_09f95
00170790 00000040 t kanji_load_kanji_09f8d
001707d0 00000040 t kanji_load_kanji_09f77
00170810 00000040 t kanji_load_kanji_09f76
00170850 00000040 t kanji_load_kanji_09f72
00170890 00000040 t kanji_load_kanji_09f6c
001708d0 00000040 t kanji_load_kanji_09f6a
00170910 00000040 t kanji_load_kanji_09f67
00170950 00000040 t kanji_load_kanji_09f66
00170990 00000040 t kanji_load_kanji_09f63
001709d0 00000040 t kanji_load_kanji_09f62
00170a10 00000040 t kanji_load_kanji_09f61
00170a50 00000040 t kanji_load_kanji_09f60
00170a90 00000040 t kanji_load_kanji_09f5f
00170ad0 00000040 t kanji_load_kanji_09f52
00170b10 00000040 t kanji_load_kanji_09f4f
00170b50 00000040 t kanji_load_kanji_09f4e
00170b90 00000040 t kanji_load_kanji_09f4b
00170bd0 00000040 t kanji_load_kanji_09f4a
00170c10 00000040 t kanji_load_kanji_09f3e
00170c50 00000040 t kanji_load_kanji_09f3b
00170c90 00000040 t kanji_load_kanji_09f2c
00170cd0 00000040 t kanji_load_kanji_09f20
00170d10 00000040 t kanji_load_kanji_09f15
00170d50 00000040 t kanji_load_kanji_09f13
00170d90 00000040 t kanji_load_kanji_09f0e
00170dd0 00000040 t kanji_load_kanji_09f08
00170e10 00000040 t kanji_load_kanji_09f07
00170e50 00000040 t kanji_load_kanji_09efd
00170e90 00000040 t kanji_load_kanji_09efc
00170ed0 00000040 t kanji_load_kanji_09efb
00170f10 00000040 t kanji_load_kanji_09ef9
00170f50 00000040 t kanji_load_kanji_09ef7
00170f90 00000040 t kanji_load_kanji_09ef6
00170fd0 00000040 t kanji_load_kanji_09ef4
00171010 00000040 t kanji_load_kanji_09eef
00171050 00000040 t kanji_load_kanji_09ee8
00171090 00000040 t kanji_load_kanji_09ee5
001710d0 00000040 t kanji_load_kanji_09ee0
00171110 00000040 t kanji_load_kanji_09ede
00171150 00000040 t kanji_load_kanji_09edd
00171190 00000040 t kanji_load_kanji_09edc
001711d0 00000040 t kanji_load_kanji_09edb
00171210 00000040 t kanji_load_kanji_09ed9
00171250 00000040 t kanji_load_kanji_09ed8
00171290 00000040 t kanji_load_kanji_09ed4
001712d0 00000040 t kanji_load_kanji_09ed2
00171310 00000040 t kanji_load_kanji_09ed1
00171350 00000040 t kanji_load_kanji_09ed0
00171390 00000040 t kanji_load_kanji_09ece
001713d0 00000040 t kanji_load_kanji_09ecd
00171410 00000040 t kanji_load_kanji_09ecc
00171450 00000040 t kanji_load_kanji_09ec4
00171490 00000040 t kanji_load_kanji_09ec3
001714d0 00000040 t kanji_load_kanji_09ebf
00171510 00000040 t kanji_load_kanji_09ebe
00171550 00000040 t kanji_load_kanji_09ebc
00171590 00000040 t kanji_load_kanji_09ebb
001715d0 00000040 t kanji_load_kanji_09eba
00171610 00000040 t kanji_load_kanji_09ead
00171650 00000040 t kanji_load_kanji_09ea9
00171690 00000044 t kanji_load_kanji_09ea6
001716d4 00000040 t kanji_load_kanji_09ea5
00171714 00000040 t kanji_load_kanji_09e9f
00171754 00000040 t kanji_load_kanji_09e9d
00171794 00000040 t kanji_load_kanji_09e97
001717d4 00000040 t kanji_load_kanji_09e95
00171814 00000040 t kanji_load_kanji_09e93
00171854 00000040 t kanji_load_kanji_09e92
00171894 00000040 t kanji_load_kanji_09e91
001718d4 00000040 t kanji_load_kanji_09e8c
00171914 00000040 t kanji_load_kanji_09e8b
00171954 00000040 t kanji_load_kanji_09e88
00171994 00000040 t kanji_load_kanji_09e7f
001719d4 00000040 t kanji_load_kanji_09e7d
00171a14 00000040 t kanji_load_kanji_09e79
00171a54 00000040 t kanji_load_kanji_09e75
00171a94 00000040 t kanji_load_kanji_09e1e
00171ad4 00000040 t kanji_load_kanji_09e1b
00171b14 00000040 t kanji_load_kanji_09e1a
00171b54 00000040 t kanji_load_kanji_09dfd
00171b94 00000040 t kanji_load_kanji_09dfa
00171bd4 00000040 t kanji_load_kanji_09df9
00171c14 00000040 t kanji_load_kanji_09df8
00171c54 00000040 t kanji_load_kanji_09df2
00171c94 00000040 t kanji_load_kanji_09def
00171cd4 00000040 t kanji_load_kanji_09ded
00171d14 00000040 t kanji_load_kanji_09de6
00171d54 00000040 t kanji_load_kanji_09dd9
00171d94 00000040 t kanji_load_kanji_09dd7
00171dd4 00000040 t kanji_load_kanji_09dd3
00171e14 00000040 t kanji_load_kanji_09dc6
00171e54 00000040 t kanji_load_kanji_09dc4
00171e94 00000040 t kanji_load_kanji_09dc2
00171ed4 00000040 t kanji_load_kanji_09dc1
00171f14 00000040 t kanji_load_kanji_09dbb
00171f54 00000040 t kanji_load_kanji_09dba
00171f94 00000040 t kanji_load_kanji_09db8
00171fd4 00000040 t kanji_load_kanji_09db4
00172014 00000040 t kanji_load_kanji_09db2
00172054 00000040 t kanji_load_kanji_09daf
00172094 00000040 t kanji_load_kanji_09dab
001720d4 00000040 t kanji_load_kanji_09da9
00172114 00000040 t kanji_load_kanji_09da4
00172154 00000040 t kanji_load_kanji_09d9a
00172194 00000040 t kanji_load_kanji_09d8f
001721d4 00000040 t kanji_load_kanji_09d89
00172214 00000040 t kanji_load_kanji_09d87
00172254 00000040 t kanji_load_kanji_09d7a
00172294 00000040 t kanji_load_kanji_09d72
001722d4 00000040 t kanji_load_kanji_09d6f
00172314 00000040 t kanji_load_kanji_09d6c
00172354 00000040 t kanji_load_kanji_09d64
00172394 00000040 t kanji_load_kanji_09d61
001723d4 00000040 t kanji_load_kanji_09d60
00172414 00000040 t kanji_load_kanji_09d5d
00172454 00000040 t kanji_load_kanji_09d5c
00172494 00000040 t kanji_load_kanji_09d51
001724d4 00000040 t kanji_load_kanji_09d46
00172514 00000040 t kanji_load_kanji_09d44
00172554 00000040 t kanji_load_kanji_09d41
00172594 00000040 t kanji_load_kanji_09d3f
001725d4 00000040 t kanji_load_kanji_09d3e
00172614 00000040 t kanji_load_kanji_09d3b
00172654 00000040 t kanji_load_kanji_09d2b
00172694 00000040 t kanji_load_kanji_09d28
001726d4 00000040 t kanji_load_kanji_09d26
00172714 00000040 t kanji_load_kanji_09d23
00172754 00000040 t kanji_load_kanji_09d1f
00172794 00000040 t kanji_load_kanji_09d1b
001727d4 00000040 t kanji_load_kanji_09d15
00172814 00000040 t kanji_load_kanji_09d12
00172854 00000040 t kanji_load_kanji_09d09
00172894 00000040 t kanji_load_kanji_09d07
001728d4 00000040 t kanji_load_kanji_09d06
00172914 00000040 t kanji_load_kanji_09d03
00172954 00000040 t kanji_load_kanji_09cf6
00172994 00000040 t kanji_load_kanji_09cf4
001729d4 00000040 t kanji_load_kanji_09cf3
00172a14 00000040 t kanji_load_kanji_09cf0
00172a54 00000040 t kanji_load_kanji_09ce9
00172a94 00000040 t kanji_load_kanji_09ce7
00172ad4 00000040 t kanji_load_kanji_09ce5
00172b14 00000040 t kanji_load_kanji_09c78
00172b54 00000040 t kanji_load_kanji_09c76
00172b94 00000040 t kanji_load_kanji_09c67
00172bd4 00000040 t kanji_load_kanji_09c60
00172c14 00000040 t kanji_load_kanji_09c5a
00172c54 00000040 t kanji_load_kanji_09c57
00172c94 00000040 t kanji_load_kanji_09c52
00172cd4 00000040 t kanji_load_kanji_09c47
00172d14 00000040 t kanji_load_kanji_09c46
00172d54 00000040 t kanji_load_kanji_09c3e
00172d94 00000040 t kanji_load_kanji_09c3b
00172dd4 00000040 t kanji_load_kanji_09c3a
00172e14 00000040 t kanji_load_kanji_09c39
00172e54 00000040 t kanji_load_kanji_09c30
00172e94 00000040 t kanji_load_kanji_09c2f
00172ed4 00000040 t kanji_load_kanji_09c2e
00172f14 00000040 t kanji_load_kanji_09c2d
00172f54 00000040 t kanji_load_kanji_09c25
00172f94 00000040 t kanji_load_kanji_09c24
00172fd4 00000040 t kanji_load_kanji_09c15
00173014 00000040 t kanji_load_kanji_09c14
00173054 00000040 t kanji_load_kanji_09c13
00173094 00000040 t kanji_load_kanji_09c12
001730d4 00000040 t kanji_load_kanji_09c10
00173114 00000040 t kanji_load_kanji_09c0d
00173154 00000040 t kanji_load_kanji_09c0c
00173194 00000040 t kanji_load_kanji_09c0a
001731d4 00000040 t kanji_load_kanji_09c09
00173214 00000040 t kanji_load_kanji_09c08
00173254 00000040 t kanji_load_kanji_09c06
00173294 00000040 t kanji_load_kanji_09c04
001732d4 00000040 t kanji_load_kanji_09bf1
00173314 00000040 t kanji_load_kanji_09bf0
00173354 00000040 t kanji_load_kanji_09be8
00173394 00000040 t kanji_load_kanji_09be4
001733d4 00000040 t kanji_load_kanji_09be3
00173414 00000040 t kanji_load_kanji_09be2
00173454 00000040 t kanji_load_kanji_09be1
00173494 00000040 t kanji_load_kanji_09bdb
001734d4 00000040 t kanji_load_kanji_09bd6
00173514 00000040 t kanji_load_kanji_09bd4
00173554 00000040 t kanji_load_kanji_09bd2
00173594 00000040 t kanji_load_kanji_09bd1
001735d4 00000040 t kanji_load_kanji_09bcf
00173614 00000040 t kanji_load_kanji_09bca
00173654 00000040 t kanji_load_kanji_09bc9
00173694 00000040 t kanji_load_kanji_09bc0
001736d4 00000040 t kanji_load_kanji_09bb9
00173714 00000040 t kanji_load_kanji_09bb4
00173754 00000040 t kanji_load_kanji_09bae
00173794 00000040 t kanji_load_kanji_09bad
001737d4 00000040 t kanji_load_kanji_09bab
00173814 00000040 t kanji_load_kanji_09baa
00173854 00000040 t kanji_load_kanji_09ba8
00173894 00000040 t kanji_load_kanji_09ba0
001738d4 00000040 t kanji_load_kanji_09b9f
00173914 00000040 t kanji_load_kanji_09b96
00173954 00000040 t kanji_load_kanji_09b93
00173994 00000040 t kanji_load_kanji_09b92
001739d4 00000040 t kanji_load_kanji_09b91
00173a14 00000040 t kanji_load_kanji_09b8e
00173a54 00000040 t kanji_load_kanji_09b83
00173a94 00000040 t kanji_load_kanji_09b74
00173ad4 00000040 t kanji_load_kanji_09b6f
00173b14 00000040 t kanji_load_kanji_09b5a
00173b54 00000040 t kanji_load_kanji_09b58
00173b94 00000040 t kanji_load_kanji_09b54
00173bd4 00000040 t kanji_load_kanji_09b51
00173c14 00000040 t kanji_load_kanji_09b4f
00173c54 00000040 t kanji_load_kanji_09b4e
00173c94 00000040 t kanji_load_kanji_09b4d
00173cd4 00000040 t kanji_load_kanji_09b45
00173d14 00000040 t kanji_load_kanji_09b44
00173d54 00000040 t kanji_load_kanji_09b43
00173d94 00000040 t kanji_load_kanji_09b42
00173dd4 00000040 t kanji_load_kanji_09b41
00173e14 00000040 t kanji_load_kanji_09b3c
00173e54 00000040 t kanji_load_kanji_09b3b
00173e94 00000040 t kanji_load_kanji_09b31
00173ed4 00000040 t kanji_load_kanji_09b2f
00173f14 00000040 t kanji_load_kanji_09b2e
00173f54 00000040 t kanji_load_kanji_09b2a
00173f94 00000040 t kanji_load_kanji_09b29
00173fd4 00000040 t kanji_load_kanji_09b28
00174014 00000040 t kanji_load_kanji_09b27
00174054 00000040 t kanji_load_kanji_09b23
00174094 00000040 t kanji_load_kanji_09b22
001740d4 00000040 t kanji_load_kanji_09b1f
00174114 00000040 t kanji_load_kanji_09b1a
00174154 00000040 t kanji_load_kanji_09b18
00174194 00000040 t kanji_load_kanji_09b06
001741d4 00000040 t kanji_load_kanji_09afb
00174214 00000040 t kanji_load_kanji_09af7
00174254 00000040 t kanji_load_kanji_09af4
00174294 00000040 t kanji_load_kanji_09af1
001742d4 00000040 t kanji_load_kanji_09aee
00174314 00000040 t kanji_load_kanji_09aed
00174354 00000040 t kanji_load_kanji_09aeb
00174394 00000040 t kanji_load_kanji_09aea
001743d4 00000040 t kanji_load_kanji_09ae6
00174414 00000040 t kanji_load_kanji_09ae3
00174454 00000040 t kanji_load_kanji_09ae2
00174494 00000040 t kanji_load_kanji_09ad8
001744d4 00000040 t kanji_load_kanji_09ad4
00174514 00000040 t kanji_load_kanji_09ad3
00174554 00000040 t kanji_load_kanji_09ad1
00174594 00000040 t kanji_load_kanji_09acf
001745d4 00000040 t kanji_load_kanji_09ac4
00174614 00000040 t kanji_load_kanji_09ac0
00174654 00000040 t kanji_load_kanji_09abc
00174694 00000040 t kanji_load_kanji_09ab8
001746d4 00000040 t kanji_load_kanji_09ab0
00174714 00000040 t kanji_load_kanji_09aad
00174754 00000040 t kanji_load_kanji_09aa8
00174794 00000040 t kanji_load_kanji_09a6a
001747d4 00000040 t kanji_load_kanji_09a69
00174814 00000040 t kanji_load_kanji_09a65
00174854 00000040 t kanji_load_kanji_09a64
00174894 00000040 t kanji_load_kanji_09a62
001748d4 00000040 t kanji_load_kanji_09a5f
00174914 00000040 t kanji_load_kanji_09a5b
00174954 00000040 t kanji_load_kanji_09a5a
00174994 00000040 t kanji_load_kanji_09a57
001749d4 00000040 t kanji_load_kanji_09a55
00174a14 00000040 t kanji_load_kanji_09a4d
00174a54 00000040 t kanji_load_kanji_09a45
00174a94 00000040 t kanji_load_kanji_09a43
00174ad4 00000040 t kanji_load_kanji_09a42
00174b14 00000040 t kanji_load_kanji_09a40
00174b54 00000040 t kanji_load_kanji_09a3e
00174b94 00000040 t kanji_load_kanji_09a37
00174bd4 00000040 t kanji_load_kanji_09a30
00174c14 00000040 t kanji_load_kanji_09a2b
00174c54 00000040 t kanji_load_kanji_09a19
00174c94 00000040 t kanji_load_kanji_09a13
00174cd4 00000040 t kanji_load_kanji_09a12
00174d14 00000040 t kanji_load_kanji_09a0f
00174d54 00000040 t kanji_load_kanji_09a0e
00174d94 00000040 t kanji_load_kanji_09a05
00174dd4 00000040 t kanji_load_kanji_09a01
00174e14 00000040 t kanji_load_kanji_099ff
00174e54 00000040 t kanji_load_kanji_099fb
00174e94 00000040 t kanji_load_kanji_099f8
00174ed4 00000040 t kanji_load_kanji_099f1
00174f14 00000040 t kanji_load_kanji_099ee
00174f54 00000040 t kanji_load_kanji_099ed
00174f94 00000040 t kanji_load_kanji_099df
00174fd4 00000040 t kanji_load_kanji_099dd
00175014 00000040 t kanji_load_kanji_099db
00175054 00000040 t kanji_load_kanji_099d8
00175094 00000040 t kanji_load_kanji_099d5
001750d4 00000040 t kanji_load_kanji_099d2
00175114 00000040 t kanji_load_kanji_099d1
00175154 00000040 t kanji_load_kanji_099d0
00175194 00000040 t kanji_load_kanji_099c8
001751d4 00000040 t kanji_load_kanji_099c6
00175214 00000040 t kanji_load_kanji_099c5
00175254 00000040 t kanji_load_kanji_099c4
00175294 00000040 t kanji_load_kanji_099c1
001752d4 00000040 t kanji_load_kanji_099b4
00175314 00000040 t kanji_load_kanji_099b3
00175354 00000040 t kanji_load_kanji_099ae
00175394 00000040 t kanji_load_kanji_099ad
001753d4 00000040 t kanji_load_kanji_099ac
00175414 00000040 t kanji_load_kanji_099a8
00175454 00000040 t kanji_load_kanji_099a5
00175494 00000040 t kanji_load_kanji_09999
001754d4 00000040 t kanji_load_kanji_09998
00175514 00000040 t kanji_load_kanji_09997
00175554 00000040 t kanji_load_kanji_09996
00175594 00000040 t kanji_load_kanji_09957
001755d4 00000040 t kanji_load_kanji_09955
00175614 00000040 t kanji_load_kanji_09952
00175654 00000040 t kanji_load_kanji_09951
00175694 00000040 t kanji_load_kanji_09950
001756d4 00000040 t kanji_load_kanji_0994c
00175714 00000040 t kanji_load_kanji_0994b
00175754 00000040 t kanji_load_kanji_09949
00175794 00000040 t kanji_load_kanji_09945
001757d4 00000040 t kanji_load_kanji_09942
00175814 00000040 t kanji_load_kanji_0993e
00175854 00000040 t kanji_load_kanji_0993d
00175894 00000040 t kanji_load_kanji_0992e
001758d4 00000040 t kanji_load_kanji_0992c
00175914 00000040 t kanji_load_kanji_09928
00175954 00000040 t kanji_load_kanji_09924
00175994 00000040 t kanji_load_kanji_09921
001759d4 00000040 t kanji_load_kanji_09920
00175a14 00000040 t kanji_load_kanji_0991e
00175a54 00000040 t kanji_load_kanji_09918
00175a94 00000040 t kanji_load_kanji_09914
00175ad4 00000040 t kanji_load_kanji_09913
00175b14 00000040 t kanji_load_kanji_09912
00175b54 00000040 t kanji_load_kanji_09910
00175b94 00000040 t kanji_load_kanji_0990c
00175bd4 00000040 t kanji_load_kanji_0990a
00175c14 00000040 t kanji_load_kanji_09909
00175c54 00000040 t kanji_load_kanji_09905
00175c94 00000040 t kanji_load_kanji_09903
00175cd4 00000040 t kanji_load_kanji_098fe
00175d14 00000040 t kanji_load_kanji_098fd
00175d54 00000040 t kanji_load_kanji_098fc
00175d94 00000040 t kanji_load_kanji_098f4
00175dd4 00000040 t kanji_load_kanji_098f2
00175e14 00000040 t kanji_load_kanji_098ef
00175e54 00000040 t kanji_load_kanji_098ee
00175e94 00000040 t kanji_load_kanji_098ed
00175ed4 00000040 t kanji_load_kanji_098eb
00175f14 00000040 t kanji_load_kanji_098e9
00175f54 00000040 t kanji_load_kanji_098e2
00175f94 00000040 t kanji_load_kanji_098df
00175fd4 00000040 t kanji_load_kanji_098db
00176014 00000040 t kanji_load_kanji_098c6
00176054 00000040 t kanji_load_kanji_098c4
00176094 00000040 t kanji_load_kanji_098b6
001760d4 00000040 t kanji_load_kanji_098b1
00176114 00000040 t kanji_load_kanji_098af
00176154 00000040 t kanji_load_kanji_098aa
00176194 00000040 t kanji_load_kanji_098a8
001761d4 00000040 t kanji_load_kanji_09874
00176214 00000040 t kanji_load_kanji_09873
00176254 00000040 t kanji_load_kanji_09871
00176294 00000040 t kanji_load_kanji_09870
001762d4 00000040 t kanji_load_kanji_0986f
00176314 00000040 t kanji_load_kanji_0986b
00176354 00000040 t kanji_load_kanji_09867
00176394 00000040 t kanji_load_kanji_0985e
001763d4 00000040 t kanji_load_kanji_0985a
00176414 00000040 t kanji_load_kanji_09858
00176454 00000040 t kanji_load_kanji_09855
00176494 00000040 t kanji_load_kanji_09854
001764d4 00000040 t kanji_load_kanji_0984f
00176514 00000040 t kanji_load_kanji_0984e
00176554 00000040 t kanji_load_kanji_0984d
00176594 00000040 t kanji_load_kanji_0984c
001765d4 00000040 t kanji_load_kanji_0984b
00176614 00000040 t kanji_load_kanji_09846
00176654 00000040 t kanji_load_kanji_0983d
00176694 00000040 t kanji_load_kanji_0983c
001766d4 00000040 t kanji_load_kanji_0983b
00176714 00000040 t kanji_load_kanji_09838
00176754 00000040 t kanji_load_kanji_09837
00176794 00000040 t kanji_load_kanji_09830
001767d4 00000040 t kanji_load_kanji_0982d
00176814 00000040 t kanji_load_kanji_09824
00176854 00000040 t kanji_load_kanji_09821
00176894 00000040 t kanji_load_kanji_09818
001768d4 00000040 t kanji_load_kanji_09817
00176914 00000040 t kanji_load_kanji_09813
00176954 00000040 t kanji_load_kanji_09812
00176994 00000040 t kanji_load_kanji_09811
001769d4 00000040 t kanji_load_kanji_09810
00176a14 00000040 t kanji_load_kanji_0980f
00176a54 00000040 t kanji_load_kanji_0980c
00176a94 00000040 t kanji_load_kanji_09808
00176ad4 00000040 t kanji_load_kanji_09806
00176b14 00000040 t kanji_load_kanji_09805
00176b54 00000040 t kanji_load_kanji_09803
00176b94 00000040 t kanji_load_kanji_09802
00176bd4 00000040 t kanji_load_kanji_09801
00176c14 00000040 t kanji_load_kanji_097ff
00176c54 00000040 t kanji_load_kanji_097fb
00176c94 00000040 t kanji_load_kanji_097f6
00176cd4 00000040 t kanji_load_kanji_097f3
00176d14 00000040 t kanji_load_kanji_097ee
00176d54 00000040 t kanji_load_kanji_097d3
00176d94 00000040 t kanji_load_kanji_097cb
00176dd4 00000040 t kanji_load_kanji_097c3
00176e14 00000040 t kanji_load_kanji_097b4
00176e54 00000040 t kanji_load_kanji_097b3
00176e94 00000040 t kanji_load_kanji_097ad
00176ed4 00000040 t kanji_load_kanji_097ab
00176f14 00000040 t kanji_load_kanji_097a8
00176f54 00000040 t kanji_load_kanji_097a6
00176f94 00000040 t kanji_load_kanji_097a3
00176fd4 00000040 t kanji_load_kanji_097a0
00177014 00000040 t kanji_load_kanji_0979c
00177054 00000040 t kanji_load_kanji_09798
00177094 00000040 t kanji_load_kanji_09790
001770d4 00000040 t kanji_load_kanji_0978d
00177114 00000040 t kanji_load_kanji_0978b
00177154 00000040 t kanji_load_kanji_09785
00177194 00000040 t kanji_load_kanji_09784
001771d4 00000040 t kanji_load_kanji_09781
00177214 00000040 t kanji_load_kanji_0977c
00177254 00000040 t kanji_load_kanji_0977a
00177294 00000040 t kanji_load_kanji_09774
001772d4 00000040 t kanji_load_kanji_09771
00177314 00000040 t kanji_load_kanji_0976b
00177354 00000040 t kanji_load_kanji_09769
00177394 00000040 t kanji_load_kanji_09768
001773d4 00000040 t kanji_load_kanji_09766
00177414 00000040 t kanji_load_kanji_09764
00177454 00000040 t kanji_load_kanji_09762
00177494 00000040 t kanji_load_kanji_09761
001774d4 00000040 t kanji_load_kanji_09760
00177514 00000044 t kanji_load_kanji_0975e
00177558 00000040 t kanji_load_kanji_0975c
00177598 00000040 t kanji_load_kanji_09759
001775d8 00000040 t kanji_load_kanji_09756
00177618 00000044 t kanji_load_kanji_09752
0017765c 00000040 t kanji_load_kanji_09749
0017769c 00000040 t kanji_load_kanji_09748
001776dc 00000040 t kanji_load_kanji_09746
0017771c 00000040 t kanji_load_kanji_09744
0017775c 00000040 t kanji_load_kanji_09742
0017779c 00000040 t kanji_load_kanji_0973e
001777dc 00000040 t kanji_load_kanji_0973d
0017781c 00000040 t kanji_load_kanji_09739
0017785c 00000040 t kanji_load_kanji_09732
0017789c 00000040 t kanji_load_kanji_09730
001778dc 00000040 t kanji_load_kanji_0972a
0017791c 00000040 t kanji_load_kanji_09727
0017795c 00000040 t kanji_load_kanji_09724
0017799c 00000040 t kanji_load_kanji_0971e
001779dc 00000040 t kanji_load_kanji_0971c
00177a1c 00000040 t kanji_load_kanji_09719
00177a5c 00000040 t kanji_load_kanji_09716
00177a9c 00000040 t kanji_load_kanji_09713
00177adc 00000040 t kanji_load_kanji_09711
00177b1c 00000040 t kanji_load_kanji_0970f
00177b5c 00000040 t kanji_load_kanji_0970e
00177b9c 00000040 t kanji_load_kanji_0970d
00177bdc 00000040 t kanji_load_kanji_0970a
00177c1c 00000040 t kanji_load_kanji_09708
00177c5c 00000040 t kanji_load_kanji_09707
00177c9c 00000040 t kanji_load_kanji_09706
00177cdc 00000040 t kanji_load_kanji_09704
00177d1c 00000040 t kanji_load_kanji_09700
00177d5c 00000040 t kanji_load_kanji_096fb
00177d9c 00000040 t kanji_load_kanji_096f9
00177ddc 00000040 t kanji_load_kanji_096f7
00177e1c 00000040 t kanji_load_kanji_096f6
00177e5c 00000040 t kanji_load_kanji_096f2
00177e9c 00000040 t kanji_load_kanji_096f0
00177edc 00000040 t kanji_load_kanji_096eb
00177f1c 00000040 t kanji_load_kanji_096ea
00177f5c 00000044 t kanji_load_kanji_096e8
00177fa0 00000040 t kanji_load_kanji_096e3
00177fe0 00000040 t kanji_load_kanji_096e2
00178020 00000040 t kanji_load_kanji_096dc
00178060 00000040 t kanji_load_kanji_096db
001780a0 00000040 t kanji_load_kanji_096d9
001780e0 00000040 t kanji_load_kanji_096d6
00178120 00000040 t kanji_load_kanji_096d5
00178160 00000040 t kanji_load_kanji_096d1
001781a0 00000040 t kanji_load_kanji_096ce
001781e0 00000040 t kanji_load_kanji_096cd
00178220 00000040 t kanji_load_kanji_096cc
00178260 00000040 t kanji_load_kanji_096cb
001782a0 00000040 t kanji_load_kanji_096c9
001782e0 00000040 t kanji_load_kanji_096c7
00178320 00000040 t kanji_load_kanji_096c6
00178360 00000040 t kanji_load_kanji_096c5
001783a0 00000040 t kanji_load_kanji_096c4
001783e0 00000040 t kanji_load_kanji_096c1
00178420 00000040 t kanji_load_kanji_096c0
00178460 00000040 t kanji_load_kanji_096bc
001784a0 00000040 t kanji_load_kanji_096bb
001784e0 00000040 t kanji_load_kanji_096b8
00178520 00000040 t kanji_load_kanji_096b7
00178560 00000040 t kanji_load_kanji_096b4
001785a0 00000040 t kanji_load_kanji_096b1
001785e0 00000040 t kanji_load_kanji_096b0
00178620 00000040 t kanji_load_kanji_096aa
00178660 00000040 t kanji_load_kanji_096a8
001786a0 00000040 t kanji_load_kanji_096a7
001786e0 00000040 t kanji_load_kanji_096a3
00178720 00000040 t kanji_load_kanji_096a0
00178760 00000040 t kanji_load_kanji_0969c
001787a0 00000040 t kanji_load_kanji_0969b
001787e0 00000040 t kanji_load_kanji_09699
00178820 00000040 t kanji_load_kanji_09698
00178860 00000040 t kanji_load_kanji_09697
001788a0 00000040 t kanji_load_kanji_09695
001788e0 00000040 t kanji_load_kanji_09694
00178920 00000040 t kanji_load_kanji_0968f
00178960 00000040 t kanji_load_kanji_0968e
001789a0 00000040 t kanji_load_kanji_0968d
001789e0 00000040 t kanji_load_kanji_0968b
00178a20 00000040 t kanji_load_kanji_0968a
00178a60 00000040 t kanji_load_kanji_09688
00178aa0 00000040 t kanji_load_kanji_09686
00178ae0 00000040 t kanji_load_kanji_09685
00178b20 00000040 t kanji_load_kanji_0967d
00178b60 00000040 t kanji_load_kanji_0967a
00178ba0 00000040 t kanji_load_kanji_09678
00178be0 00000040 t kanji_load_kanji_09677
00178c20 00000040 t kanji_load_kanji_09676
00178c60 00000040 t kanji_load_kanji_09675
00178ca0 00000040 t kanji_load_kanji_09673
00178ce0 00000040 t kanji_load_kanji_09672
00178d20 00000040 t kanji_load_kanji_09670
00178d60 00000040 t kanji_load_kanji_0966c
00178da0 00000040 t kanji_load_kanji_0966a
00178de0 00000040 t kanji_load_kanji_09665
00178e20 00000040 t kanji_load_kanji_09664
00178e60 00000040 t kanji_load_kanji_09663
00178ea0 00000040 t kanji_load_kanji_09662
00178ee0 00000040 t kanji_load_kanji_0965f
00178f20 00000040 t kanji_load_kanji_0965e
00178f60 00000040 t kanji_load_kanji_0965d
00178fa0 00000040 t kanji_load_kanji_0965c
00178fe0 00000040 t kanji_load_kanji_0965b
00179020 00000040 t kanji_load_kanji_09650
00179060 00000040 t kanji_load_kanji_0964d
001790a0 00000040 t kanji_load_kanji_0964c
001790e0 00000044 t kanji_load_kanji_09644
00179124 00000044 t kanji_load_kanji_09642
00179168 00000044 t kanji_load_kanji_09640
001791ac 00000044 t kanji_load_kanji_0963f
001791f0 00000044 t kanji_load_kanji_0963b
00179234 00000044 t kanji_load_kanji_09632
00179278 00000044 t kanji_load_kanji_0962f
001792bc 00000044 t kanji_load_kanji_0962e
00179300 00000044 t kanji_load_kanji_0962a
00179344 00000044 t kanji_load_kanji_09628
00179388 00000044 t kanji_load_kanji_09621
001793cc 00000044 t kanji_load_kanji_0961c
00179410 00000040 t kanji_load_kanji_095e5
00179450 00000040 t kanji_load_kanji_095e2
00179490 00000040 t kanji_load_kanji_095e1
001794d0 00000040 t kanji_load_kanji_095dc
00179510 00000040 t kanji_load_kanji_095d8
00179550 00000040 t kanji_load_kanji_095d6
00179590 00000040 t kanji_load_kanji_095d5
001795d0 00000040 t kanji_load_kanji_095d4
00179610 00000040 t kanji_load_kanji_095cd
00179650 00000040 t kanji_load_kanji_095cc
00179690 00000040 t kanji_load_kanji_095ca
001796d0 00000040 t kanji_load_kanji_095c7
00179710 00000040 t kanji_load_kanji_095c3
00179750 00000040 t kanji_load_kanji_095be
00179790 00000040 t kanji_load_kanji_095bb
001797d0 00000040 t kanji_load_kanji_095b9
00179810 00000040 t kanji_load_kanji_095b2
00179850 00000040 t kanji_load_kanji_095ad
00179890 00000040 t kanji_load_kanji_095a8
001798d0 00000040 t kanji_load_kanji_095a7
00179910 00000040 t kanji_load_kanji_095a5
00179950 00000040 t kanji_load_kanji_095a4
00179990 00000040 t kanji_load_kanji_095a3
001799d0 00000040 t kanji_load_kanji_095a2
00179a10 00000040 t kanji_load_kanji_09598
00179a50 00000040 t kanji_load_kanji_09594
00179a90 00000040 t kanji_load_kanji_09593
00179ad0 00000040 t kanji_load_kanji_09591
00179b10 00000040 t kanji_load_kanji_0958f
00179b50 00000040 t kanji_load_kanji_0958b
00179b90 00000040 t kanji_load_kanji_0958a
00179bd0 00000040 t kanji_load_kanji_09589
00179c10 00000040 t kanji_load_kanji_09583
00179c50 00000040 t kanji_load_kanji_09582
00179c90 00000044 t kanji_load_kanji_09580
00179cd4 00000044 t kanji_load_kanji_09577
00179d18 00000040 t kanji_load_kanji_09481
00179d58 00000040 t kanji_load_kanji_0947f
00179d98 00000040 t kanji_load_kanji_0947e
00179dd8 00000040 t kanji_load_kanji_0947d
00179e18 00000040 t kanji_load_kanji_0947c
00179e58 00000040 t kanji_load_kanji_09477
00179e98 00000040 t kanji_load_kanji_09470
00179ed8 00000040 t kanji_load_kanji_0946a
00179f18 00000040 t kanji_load_kanji_09462
00179f58 00000040 t kanji_load_kanji_09460
00179f98 00000040 t kanji_load_kanji_0945e
00179fd8 00000040 t kanji_load_kanji_0945b
0017a018 00000040 t kanji_load_kanji_09453
0017a058 00000040 t kanji_load_kanji_09451
0017a098 00000040 t kanji_load_kanji_09444
0017a0d8 00000040 t kanji_load_kanji_0943a
0017a118 00000040 t kanji_load_kanji_09438
0017a158 00000040 t kanji_load_kanji_09436
0017a198 00000040 t kanji_load_kanji_09435
0017a1d8 00000040 t kanji_load_kanji_0942b
0017a218 00000040 t kanji_load_kanji_0941a
0017a258 00000040 t kanji_load_kanji_09419
0017a298 00000040 t kanji_load_kanji_09418
0017a2d8 00000040 t kanji_load_kanji_09413
0017a318 00000040 t kanji_load_kanji_09410
0017a358 00000040 t kanji_load_kanji_09403
0017a398 00000040 t kanji_load_kanji_093e8
0017a3d8 00000040 t kanji_load_kanji_093e4
0017a418 00000040 t kanji_load_kanji_093e1
0017a458 00000040 t kanji_load_kanji_093dd
0017a498 00000040 t kanji_load_kanji_093d8
0017a4d8 00000040 t kanji_load_kanji_093d7
0017a518 00000040 t kanji_load_kanji_093d6
0017a558 00000040 t kanji_load_kanji_093d1
0017a598 00000040 t kanji_load_kanji_093d0
0017a5d8 00000040 t kanji_load_kanji_093c8
0017a618 00000040 t kanji_load_kanji_093c3
0017a658 00000040 t kanji_load_kanji_093b9
0017a698 00000040 t kanji_load_kanji_093b0
0017a6d8 00000040 t kanji_load_kanji_093ae
0017a718 00000040 t kanji_load_kanji_093ad
0017a758 00000040 t kanji_load_kanji_093ac
0017a798 00000040 t kanji_load_kanji_093a7
0017a7d8 00000040 t kanji_load_kanji_0939a
0017a818 00000040 t kanji_load_kanji_09397
0017a858 00000040 t kanji_load_kanji_09396
0017a898 00000040 t kanji_load_kanji_0938c
0017a8d8 00000040 t kanji_load_kanji_0937e
0017a918 00000040 t kanji_load_kanji_0937c
0017a958 00000040 t kanji_load_kanji_09375
0017a998 00000040 t kanji_load_kanji_0936e
0017a9d8 00000040 t kanji_load_kanji_0936c
0017aa18 00000040 t kanji_load_kanji_09360
0017aa58 00000040 t kanji_load_kanji_0935b
0017aa98 00000040 t kanji_load_kanji_09354
0017aad8 00000040 t kanji_load_kanji_0934d
0017ab18 00000040 t kanji_load_kanji_0934b
0017ab58 00000040 t kanji_load_kanji_0933b
0017ab98 00000040 t kanji_load_kanji_0933a
0017abd8 00000040 t kanji_load_kanji_09335
0017ac18 00000040 t kanji_load_kanji_09332
0017ac58 00000040 t kanji_load_kanji_0932f
0017ac98 00000040 t kanji_load_kanji_0932e
0017acd8 00000040 t kanji_load_kanji_0932c
0017ad18 00000040 t kanji_load_kanji_0932b
0017ad58 00000040 t kanji_load_kanji_09328
0017ad98 00000040 t kanji_load_kanji_09326
0017add8 00000040 t kanji_load_kanji_09323
0017ae18 00000040 t kanji_load_kanji_09322
0017ae58 00000040 t kanji_load_kanji_09320
0017ae98 00000040 t kanji_load_kanji_0931a
0017aed8 00000040 t kanji_load_kanji_09319
0017af18 00000040 t kanji_load_kanji_09318
0017af58 00000040 t kanji_load_kanji_09310
0017af98 00000040 t kanji_load_kanji_0930f
0017afd8 00000040 t kanji_load_kanji_09306
0017b018 00000040 t kanji_load_kanji_092fc
0017b058 00000040 t kanji_load_kanji_092fa
0017b098 00000040 t kanji_load_kanji_092f8
0017b0d8 00000040 t kanji_load_kanji_092f3
0017b118 00000040 t kanji_load_kanji_092f2
0017b158 00000040 t kanji_load_kanji_092ed
0017b198 00000040 t kanji_load_kanji_092ea
0017b1d8 00000040 t kanji_load_kanji_092e4
0017b218 00000040 t kanji_load_kanji_092d2
0017b258 00000040 t kanji_load_kanji_092cf
0017b298 00000040 t kanji_load_kanji_092b9
0017b2d8 00000040 t kanji_load_kanji_092b7
0017b318 00000040 t kanji_load_kanji_092ad
0017b358 00000040 t kanji_load_kanji_0929c
0017b398 00000040 t kanji_load_kanji_0929b
0017b3d8 00000040 t kanji_load_kanji_0929a
0017b418 00000040 t kanji_load_kanji_09298
0017b458 00000040 t kanji_load_kanji_09296
0017b498 00000040 t kanji_load_kanji_09295
0017b4d8 00000040 t kanji_load_kanji_09293
0017b518 00000040 t kanji_load_kanji_09291
0017b558 00000040 t kanji_load_kanji_09285
0017b598 00000040 t kanji_load_kanji_09283
0017b5d8 00000040 t kanji_load_kanji_09280
0017b618 00000040 t kanji_load_kanji_0927e
0017b658 00000040 t kanji_load_kanji_09271
0017b698 00000040 t kanji_load_kanji_09266
0017b6d8 00000040 t kanji_load_kanji_09264
0017b718 00000040 t kanji_load_kanji_09262
0017b758 00000040 t kanji_load_kanji_0925e
0017b798 00000040 t kanji_load_kanji_0925b
0017b7d8 00000040 t kanji_load_kanji_09257
0017b818 00000040 t kanji_load_kanji_0924b
0017b858 00000040 t kanji_load_kanji_09249
0017b898 00000040 t kanji_load_kanji_09248
0017b8d8 00000040 t kanji_load_kanji_09245
0017b918 00000040 t kanji_load_kanji_09244
0017b958 00000040 t kanji_load_kanji_0923f
0017b998 00000040 t kanji_load_kanji_09237
0017b9d8 00000040 t kanji_load_kanji_09234
0017ba18 00000040 t kanji_load_kanji_0921e
0017ba58 00000040 t kanji_load_kanji_09215
0017ba98 00000040 t kanji_load_kanji_09214
0017bad8 00000040 t kanji_load_kanji_09211
0017bb18 00000040 t kanji_load_kanji_0920d
0017bb58 00000040 t kanji_load_kanji_091ff
0017bb98 00000040 t kanji_load_kanji_091f5
0017bbd8 00000040 t kanji_load_kanji_091e7
0017bc18 00000040 t kanji_load_kanji_091e6
0017bc58 00000040 t kanji_load_kanji_091e3
0017bc98 00000040 t kanji_load_kanji_091dd
0017bcd8 00000040 t kanji_load_kanji_091dc
0017bd18 00000040 t kanji_load_kanji_091d8
0017bd58 00000044 t kanji_load_kanji_091d1
0017bd9c 00000040 t kanji_load_kanji_091d0
0017bddc 00000040 t kanji_load_kanji_091cf
0017be1c 00000040 t kanji_load_kanji_091ce
0017be5c 00000040 t kanji_load_kanji_091cd
0017be9c 00000044 t kanji_load_kanji_091cc
0017bee0 00000040 t kanji_load_kanji_091cb
0017bf20 00000040 t kanji_load_kanji_091c9
0017bf60 00000040 t kanji_load_kanji_091c8
0017bfa0 00000044 t kanji_load_kanji_091c7
0017bfe4 00000040 t kanji_load_kanji_091c0
0017c024 00000040 t kanji_load_kanji_091ba
0017c064 00000040 t kanji_load_kanji_091b8
0017c0a4 00000040 t kanji_load_kanji_091b5
0017c0e4 00000040 t kanji_load_kanji_091b4
0017c124 00000040 t kanji_load_kanji_091ac
0017c164 00000040 t kanji_load_kanji_091ab
0017c1a4 00000040 t kanji_load_kanji_091aa
0017c1e4 00000040 t kanji_load_kanji_091a2
0017c224 00000040 t kanji_load_kanji_0919c
0017c264 00000040 t kanji_load_kanji_09192
0017c2a4 00000040 t kanji_load_kanji_09190
0017c2e4 00000040 t kanji_load_kanji_0918d
0017c324 00000040 t kanji_load_kanji_0918b
0017c364 00000040 t kanji_load_kanji_09189
0017c3a4 00000040 t kanji_load_kanji_09187
0017c3e4 00000040 t kanji_load_kanji_09182
0017c424 00000040 t kanji_load_kanji_09178
0017c464 00000040 t kanji_load_kanji_09177
0017c4a4 00000040 t kanji_load_kanji_09175
0017c4e4 00000040 t kanji_load_kanji_09173
0017c524 00000040 t kanji_load_kanji_09172
0017c564 00000040 t kanji_load_kanji_0916c
0017c5a4 00000040 t kanji_load_kanji_0916a
0017c5e4 00000040 t kanji_load_kanji_09169
0017c624 00000040 t kanji_load_kanji_09165
0017c664 00000040 t kanji_load_kanji_09163
0017c6a4 00000040 t kanji_load_kanji_09162
0017c6e4 00000040 t kanji_load_kanji_09156
0017c724 00000040 t kanji_load_kanji_09154
0017c764 00000040 t kanji_load_kanji_09152
0017c7a4 00000040 t kanji_load_kanji_0914e
0017c7e4 00000040 t kanji_load_kanji_0914d
0017c824 00000040 t kanji_load_kanji_0914c
0017c864 00000040 t kanji_load_kanji_0914b
0017c8a4 00000040 t kanji_load_kanji_0914a
0017c8e4 00000044 t kanji_load_kanji_09149
0017c928 00000040 t kanji_load_kanji_09132
0017c968 00000040 t kanji_load_kanji_09130
0017c9a8 00000040 t kanji_load_kanji_0912d
0017c9e8 00000040 t kanji_load_kanji_09119
0017ca28 00000040 t kanji_load_kanji_09112
0017ca68 00000040 t kanji_load_kanji_09102
0017caa8 00000040 t kanji_load_kanji_090fd
0017cae8 00000040 t kanji_load_kanji_090f7
0017cb28 00000040 t kanji_load_kanji_090f5
0017cb68 00000040 t kanji_load_kanji_090ed
0017cba8 00000040 t kanji_load_kanji_090e8
0017cbe8 00000040 t kanji_load_kanji_090e4
0017cc28 00000040 t kanji_load_kanji_090e2
0017cc68 00000040 t kanji_load_kanji_090e1
0017cca8 00000040 t kanji_load_kanji_090db
0017cce8 00000040 t kanji_load_kanji_090ce
0017cd28 00000040 t kanji_load_kanji_090ca
0017cd68 00000040 t kanji_load_kanji_090c1
0017cda8 00000044 t kanji_load_kanji_090b8
0017cdec 00000044 t kanji_load_kanji_090b5
0017ce30 00000044 t kanji_load_kanji_090b1
0017ce74 00000044 t kanji_load_kanji_090af
0017ceb8 00000044 t kanji_load_kanji_090aa
0017cefc 00000044 t kanji_load_kanji_090a8
0017cf40 00000044 t kanji_load_kanji_090a6
0017cf84 00000044 t kanji_load_kanji_090a3
0017cfc8 00000044 t kanji_load_kanji_09091
0017d00c 00000040 t kanji_load_kanji_0908f
0017d04c 00000040 t kanji_load_kanji_0908a
0017d08c 00000040 t kanji_load_kanji_09087
0017d0cc 00000040 t kanji_load_kanji_09084
0017d10c 00000040 t kanji_load_kanji_09082
0017d14c 00000040 t kanji_load_kanji_09081
0017d18c 00000040 t kanji_load_kanji_09080
0017d1cc 00000040 t kanji_load_kanji_0907f
0017d20c 00000040 t kanji_load_kanji_0907d
0017d24c 00000040 t kanji_load_kanji_0907c
0017d28c 00000040 t kanji_load_kanji_0907a
0017d2cc 00000040 t kanji_load_kanji_09078
0017d30c 00000040 t kanji_load_kanji_09077
0017d34c 00000040 t kanji_load_kanji_09076
0017d38c 00000040 t kanji_load_kanji_09075
0017d3cc 00000040 t kanji_load_kanji_09072
0017d40c 00000040 t kanji_load_kanji_0906f
0017d44c 00000040 t kanji_load_kanji_0906e
0017d48c 00000040 t kanji_load_kanji_0906d
0017d4cc 00000040 t kanji_load_kanji_09069
0017d50c 00000040 t kanji_load_kanji_09068
0017d54c 00000040 t kanji_load_kanji_09065
0017d58c 00000040 t kanji_load_kanji_09063
0017d5cc 00000040 t kanji_load_kanji_09061
0017d60c 00000040 t kanji_load_kanji_09060
0017d64c 00000040 t kanji_load_kanji_0905e
0017d68c 00000040 t kanji_load_kanji_0905c
0017d6cc 00000040 t kanji_load_kanji_09059
0017d70c 00000040 t kanji_load_kanji_09056
0017d74c 00000040 t kanji_load_kanji_09055
0017d78c 00000040 t kanji_load_kanji_09054
0017d7cc 00000040 t kanji_load_kanji_09053
0017d80c 00000040 t kanji_load_kanji_09052
0017d84c 00000040 t kanji_load_kanji_09051
0017d88c 00000040 t kanji_load_kanji_09050
0017d8cc 00000040 t kanji_load_kanji_0904f
0017d90c 00000040 t kanji_load_kanji_0904e
0017d94c 00000040 t kanji_load_kanji_0904d
0017d98c 00000040 t kanji_load_kanji_0904b
0017d9cc 00000040 t kanji_load_kanji_0904a
0017da0c 00000040 t kanji_load_kanji_09049
0017da4c 00000040 t kanji_load_kanji_09047
0017da8c 00000040 t kanji_load_kanji_09045
0017dacc 00000040 t kanji_load_kanji_09042
0017db0c 00000040 t kanji_load_kanji_09041
0017db4c 00000040 t kanji_load_kanji_0903e
0017db8c 00000040 t kanji_load_kanji_0903c
0017dbcc 00000040 t kanji_load_kanji_09038
0017dc0c 00000040 t kanji_load_kanji_09035
0017dc4c 00000040 t kanji_load_kanji_09032
0017dc8c 00000040 t kanji_load_kanji_09031
0017dccc 00000040 t kanji_load_kanji_0902e
0017dd0c 00000040 t kanji_load_kanji_09027
0017dd4c 00000040 t kanji_load_kanji_09023
0017dd8c 00000040 t kanji_load_kanji_09022
0017ddcc 00000040 t kanji_load_kanji_09021
0017de0c 00000040 t kanji_load_kanji_09020
0017de4c 00000040 t kanji_load_kanji_0901f
0017de8c 00000040 t kanji_load_kanji_0901e
0017decc 00000040 t kanji_load_kanji_0901d
0017df0c 00000040 t kanji_load_kanji_0901a
0017df4c 00000040 t kanji_load_kanji_09019
0017df8c 00000040 t kanji_load_kanji_09017
0017dfcc 00000040 t kanji_load_kanji_09016
0017e00c 00000040 t kanji_load_kanji_09015
0017e04c 00000040 t kanji_load_kanji_09014
0017e08c 00000040 t kanji_load_kanji_09013
0017e0cc 00000040 t kanji_load_kanji_09011
0017e10c 00000040 t kanji_load_kanji_09010
0017e14c 00000040 t kanji_load_kanji_0900f
0017e18c 00000040 t kanji_load_kanji_0900d
0017e1cc 00000040 t kanji_load_kanji_0900b
0017e20c 00000040 t kanji_load_kanji_09006
0017e24c 00000040 t kanji_load_kanji_09005
0017e28c 00000040 t kanji_load_kanji_09003
0017e2cc 00000040 t kanji_load_kanji_09001
0017e30c 00000040 t kanji_load_kanji_09000
0017e34c 00000040 t kanji_load_kanji_08ffd
0017e38c 00000040 t kanji_load_kanji_08ffa
0017e3cc 00000040 t kanji_load_kanji_08ff9
0017e40c 00000040 t kanji_load_kanji_08ff7
0017e44c 00000040 t kanji_load_kanji_08ff4
0017e48c 00000044 t kanji_load_kanji_08ff0
0017e4d0 00000044 t kanji_load_kanji_08fed
0017e514 00000044 t kanji_load_kanji_08feb
0017e558 00000044 t kanji_load_kanji_08fea
0017e59c 00000040 t kanji_load_kanji_08fe6
0017e5dc 00000040 t kanji_load_kanji_08fe5
0017e61c 00000040 t kanji_load_kanji_08fe2
0017e65c 00000044 t kanji_load_kanji_08fda
0017e6a0 00000044 t kanji_load_kanji_08fd4
0017e6e4 00000044 t kanji_load_kanji_08fd1
0017e728 00000044 t kanji_load_kanji_08fce
0017e76c 00000044 t kanji_load_kanji_08fc5
0017e7b0 00000044 t kanji_load_kanji_08fc4
0017e7f4 00000044 t kanji_load_kanji_08fc2
0017e838 00000044 t kanji_load_kanji_08fbf
0017e87c 00000044 t kanji_load_kanji_08fbc
0017e8c0 00000044 t kanji_load_kanji_08fbb
0017e904 00000044 t kanji_load_kanji_08fba
0017e948 00000044 t kanji_load_kanji_08fb7
0017e98c 00000040 t kanji_load_kanji_08fb2
0017e9cc 00000040 t kanji_load_kanji_08fb1
0017ea0c 00000044 t kanji_load_kanji_08fb0
0017ea50 00000040 t kanji_load_kanji_08faf
0017ea90 00000040 t kanji_load_kanji_08fae
0017ead0 00000040 t kanji_load_kanji_08fad
0017eb10 00000040 t kanji_load_kanji_08fa8
0017eb50 00000040 t kanji_load_kanji_08fa3
0017eb90 00000040 t kanji_load_kanji_08f9f
0017ebd0 00000040 t kanji_load_kanji_08f9e
0017ec10 00000040 t kanji_load_kanji_08f9c
0017ec50 00000044 t kanji_load_kanji_08f9b
0017ec94 00000040 t kanji_load_kanji_08f64
0017ecd4 00000040 t kanji_load_kanji_08f62
0017ed14 00000040 t kanji_load_kanji_08f61
0017ed54 00000040 t kanji_load_kanji_08f5f
0017ed94 00000040 t kanji_load_kanji_08f57
0017edd4 00000040 t kanji_load_kanji_08f4e
0017ee14 00000040 t kanji_load_kanji_08f4d
0017ee54 00000040 t kanji_load_kanji_08f4c
0017ee94 00000040 t kanji_load_kanji_08f49
0017eed4 00000040 t kanji_load_kanji_08f46
0017ef14 00000040 t kanji_load_kanji_08f45
0017ef54 00000040 t kanji_load_kanji_08f44
0017ef94 00000040 t kanji_load_kanji_08f42
0017efd4 00000040 t kanji_load_kanji_08f3f
0017f014 00000040 t kanji_load_kanji_08f3e
0017f054 00000040 t kanji_load_kanji_08f3b
0017f094 00000040 t kanji_load_kanji_08f39
0017f0d4 00000040 t kanji_load_kanji_08f38
0017f114 00000040 t kanji_load_kanji_08f33
0017f154 00000040 t kanji_load_kanji_08f2f
0017f194 00000040 t kanji_load_kanji_08f2a
0017f1d4 00000040 t kanji_load_kanji_08f29
0017f214 00000040 t kanji_load_kanji_08f26
0017f254 00000040 t kanji_load_kanji_08f1f
0017f294 00000040 t kanji_load_kanji_08f1d
0017f2d4 00000040 t kanji_load_kanji_08f1c
0017f314 00000040 t kanji_load_kanji_08f1b
0017f354 00000040 t kanji_load_kanji_08f15
0017f394 00000040 t kanji_load_kanji_08f14
0017f3d4 00000040 t kanji_load_kanji_08f13
0017f414 00000040 t kanji_load_kanji_08f12
0017f454 00000040 t kanji_load_kanji_08f0a
0017f494 00000040 t kanji_load_kanji_08f09
0017f4d4 00000040 t kanji_load_kanji_08f05
0017f514 00000040 t kanji_load_kanji_08f03
0017f554 00000040 t kanji_load_kanji_08efe
0017f594 00000040 t kanji_load_kanji_08efd
0017f5d4 00000040 t kanji_load_kanji_08efc
0017f614 00000040 t kanji_load_kanji_08efb
0017f654 00000040 t kanji_load_kanji_08ef8
0017f694 00000040 t kanji_load_kanji_08eeb
0017f6d4 00000040 t kanji_load_kanji_08ee2
0017f714 00000040 t kanji_load_kanji_08edf
0017f754 00000040 t kanji_load_kanji_08edb
0017f794 00000040 t kanji_load_kanji_08ed2
0017f7d4 00000040 t kanji_load_kanji_08ecd
0017f814 00000040 t kanji_load_kanji_08ecc
0017f854 00000044 t kanji_load_kanji_08ecb
0017f898 00000044 t kanji_load_kanji_08eca
0017f8dc 00000040 t kanji_load_kanji_08ec8
0017f91c 00000040 t kanji_load_kanji_08ebe
0017f95c 00000040 t kanji_load_kanji_08eb1
0017f99c 00000040 t kanji_load_kanji_08eac
0017f9dc 00000044 t kanji_load_kanji_08eab
0017fa20 00000040 t kanji_load_kanji_08eaa
0017fa60 00000040 t kanji_load_kanji_08ea1
0017faa0 00000040 t kanji_load_kanji_08e94
0017fae0 00000040 t kanji_load_kanji_08e93
0017fb20 00000040 t kanji_load_kanji_08e91
0017fb60 00000040 t kanji_load_kanji_08e8d
0017fba0 00000040 t kanji_load_kanji_08e8b
0017fbe0 00000040 t kanji_load_kanji_08e8a
0017fc20 00000040 t kanji_load_kanji_08e87
0017fc60 00000040 t kanji_load_kanji_08e85
0017fca0 00000040 t kanji_load_kanji_08e84
0017fce0 00000040 t kanji_load_kanji_08e81
0017fd20 00000040 t kanji_load_kanji_08e7c
0017fd60 00000040 t kanji_load_kanji_08e76
0017fda0 00000040 t kanji_load_kanji_08e74
0017fde0 00000040 t kanji_load_kanji_08e72
0017fe20 00000040 t kanji_load_kanji_08e64
0017fe60 00000040 t kanji_load_kanji_08e63
0017fea0 00000040 t kanji_load_kanji_08e60
0017fee0 00000040 t kanji_load_kanji_08e5f
0017ff20 00000040 t kanji_load_kanji_08e59
0017ff60 00000040 t kanji_load_kanji_08e50
0017ffa0 00000040 t kanji_load_kanji_08e4c
0017ffe0 00000040 t kanji_load_kanji_08e4a
00180020 00000040 t kanji_load_kanji_08e49
00180060 00000040 t kanji_load_kanji_08e48
001800a0 00000040 t kanji_load_kanji_08e47
001800e0 00000040 t kanji_load_kanji_08e44
00180120 00000040 t kanji_load_kanji_08e42
00180160 00000040 t kanji_load_kanji_08e35
001801a0 00000040 t kanji_load_kanji_08e34
001801e0 00000040 t kanji_load_kanji_08e30
00180220 00000040 t kanji_load_kanji_08e2a
00180260 00000040 t kanji_load_kanji_08e1f
001802a0 00000040 t kanji_load_kanji_08e1e
001802e0 00000040 t kanji_load_kanji_08e1d
00180320 00000040 t kanji_load_kanji_08e10
00180360 00000040 t kanji_load_kanji_08e0f
001803a0 00000040 t kanji_load_kanji_08e0a
001803e0 00000040 t kanji_load_kanji_08e09
00180420 00000040 t kanji_load_kanji_08dff
00180460 00000040 t kanji_load_kanji_08dfc
001804a0 00000040 t kanji_load_kanji_08df5
001804e0 00000040 t kanji_load_kanji_08df3
00180520 00000040 t kanji_load_kanji_08def
00180560 00000040 t kanji_load_kanji_08dea
001805a0 00000040 t kanji_load_kanji_08de8
001805e0 00000040 t kanji_load_kanji_08de3
00180620 00000040 t kanji_load_kanji_08de1
00180660 00000040 t kanji_load_kanji_08ddf
001806a0 00000040 t kanji_load_kanji_08ddd
001806e0 00000040 t kanji_load_kanji_08ddb
00180720 00000040 t kanji_load_kanji_08dda
00180760 00000040 t kanji_load_kanji_08dd6
001807a0 00000040 t kanji_load_kanji_08dcf
001807e0 00000040 t kanji_load_kanji_08dcc
00180820 00000040 t kanji_load_kanji_08dcb
00180860 00000040 t kanji_load_kanji_08dc2
001808a0 00000040 t kanji_load_kanji_08dbe
001808e0 00000040 t kanji_load_kanji_08dba
00180920 00000044 t kanji_load_kanji_08db3
00180964 00000040 t kanji_load_kanji_08da8
001809a4 00000040 t kanji_load_kanji_08da3
001809e4 00000040 t kanji_load_kanji_08d99
00180a24 00000040 t kanji_load_kanji_08d8a
00180a64 00000040 t kanji_load_kanji_08d85
00180aa4 00000040 t kanji_load_kanji_08d81
00180ae4 00000040 t kanji_load_kanji_08d77
00180b24 00000040 t kanji_load_kanji_08d74
00180b64 00000040 t kanji_load_kanji_08d73
00180ba4 00000044 t kanji_load_kanji_08d70
00180be8 00000040 t kanji_load_kanji_08d6d
00180c28 00000040 t kanji_load_kanji_08d6b
00180c68 00000040 t kanji_load_kanji_08d67
00180ca8 00000040 t kanji_load_kanji_08d66
00180ce8 00000044 t kanji_load_kanji_08d64
00180d2c 00000040 t kanji_load_kanji_08d16
00180d6c 00000040 t kanji_load_kanji_08d14
00180dac 00000040 t kanji_load_kanji_08d13
00180dec 00000040 t kanji_load_kanji_08d10
00180e2c 00000040 t kanji_load_kanji_08d0d
00180e6c 00000040 t kanji_load_kanji_08d0b
00180eac 00000040 t kanji_load_kanji_08d0a
00180eec 00000040 t kanji_load_kanji_08d08
00180f2c 00000040 t kanji_load_kanji_08d07
00180f6c 00000040 t kanji_load_kanji_08d05
00180fac 00000040 t kanji_load_kanji_08d04
00180fec 00000040 t kanji_load_kanji_08cfd
0018102c 00000040 t kanji_load_kanji_08cfc
0018106c 00000040 t kanji_load_kanji_08cfb
001810ac 00000040 t kanji_load_kanji_08cfa
001810ec 00000040 t kanji_load_kanji_08ced
0018112c 00000040 t kanji_load_kanji_08cea
0018116c 00000040 t kanji_load_kanji_08ce6
001811ac 00000040 t kanji_load_kanji_08ce4
001811ec 00000040 t kanji_load_kanji_08ce3
0018122c 00000040 t kanji_load_kanji_08ce2
0018126c 00000040 t kanji_load_kanji_08ce0
001812ac 00000040 t kanji_load_kanji_08cde
001812ec 00000040 t kanji_load_kanji_08cdc
0018132c 00000040 t kanji_load_kanji_08cdb
0018136c 00000040 t kanji_load_kanji_08cda
001813ac 00000040 t kanji_load_kanji_08cd3
001813ec 00000040 t kanji_load_kanji_08cd1
0018142c 00000040 t kanji_load_kanji_08cca
0018146c 00000040 t kanji_load_kanji_08cc8
001814ac 00000040 t kanji_load_kanji_08cc7
001814ec 00000040 t kanji_load_kanji_08cc4
0018152c 00000040 t kanji_load_kanji_08cc3
0018156c 00000040 t kanji_load_kanji_08cc2
001815ac 00000040 t kanji_load_kanji_08cc0
001815ec 00000040 t kanji_load_kanji_08cbf
0018162c 00000040 t kanji_load_kanji_08cbd
0018166c 00000040 t kanji_load_kanji_08cbc
001816ac 00000040 t kanji_load_kanji_08cbb
001816ec 00000040 t kanji_load_kanji_08cb8
0018172c 00000040 t kanji_load_kanji_08cb7
0018176c 00000040 t kanji_load_kanji_08cb6
001817ac 00000040 t kanji_load_kanji_08cb4
001817ec 00000040 t kanji_load_kanji_08cb3
0018182c 00000040 t kanji_load_kanji_08cb2
0018186c 00000040 t kanji_load_kanji_08cb0
001818ac 00000040 t kanji_load_kanji_08caf
001818ec 00000040 t kanji_load_kanji_08cac
0018192c 00000040 t kanji_load_kanji_08cab
0018196c 00000040 t kanji_load_kanji_08caa
001819ac 00000040 t kanji_load_kanji_08ca9
001819ec 00000040 t kanji_load_kanji_08ca8
00181a2c 00000040 t kanji_load_kanji_08ca7
00181a6c 00000040 t kanji_load_kanji_08ca2
00181aac 00000040 t kanji_load_kanji_08ca1
00181aec 00000040 t kanji_load_kanji_08ca0
00181b2c 00000040 t kanji_load_kanji_08c9e
00181b6c 00000044 t kanji_load_kanji_08c9d
00181bb0 00000040 t kanji_load_kanji_08c98
00181bf0 00000040 t kanji_load_kanji_08c8e
00181c30 00000040 t kanji_load_kanji_08c8c
00181c70 00000040 t kanji_load_kanji_08c8a
00181cb0 00000040 t kanji_load_kanji_08c89
00181cf0 00000040 t kanji_load_kanji_08c82
00181d30 00000040 t kanji_load_kanji_08c7a
00181d70 00000040 t kanji_load_kanji_08c79
00181db0 00000040 t kanji_load_kanji_08c6b
00181df0 00000040 t kanji_load_kanji_08c6a
00181e30 00000040 t kanji_load_kanji_08c62
00181e70 00000040 t kanji_load_kanji_08c61
00181eb0 00000040 t kanji_load_kanji_08c5a
00181ef0 00000044 t kanji_load_kanji_08c55
00181f34 00000040 t kanji_load_kanji_08c50
00181f74 00000040 t kanji_load_kanji_08c4c
00181fb4 00000040 t kanji_load_kanji_08c4a
00181ff4 00000040 t kanji_load_kanji_08c48
00182034 00000044 t kanji_load_kanji_08c46
00182078 00000040 t kanji_load_kanji_08c3f
001820b8 00000044 t kanji_load_kanji_08c37
001820fc 00000040 t kanji_load_kanji_08b99
0018213c 00000040 t kanji_load_kanji_08b96
0018217c 00000040 t kanji_load_kanji_08b93
001821bc 00000040 t kanji_load_kanji_08b92
001821fc 00000040 t kanji_load_kanji_08b90
0018223c 00000040 t kanji_load_kanji_08b8c
0018227c 00000040 t kanji_load_kanji_08b8a
001822bc 00000040 t kanji_load_kanji_08b83
001822fc 00000040 t kanji_load_kanji_08b80
0018233c 00000040 t kanji_load_kanji_08b7d
0018237c 00000040 t kanji_load_kanji_08b77
001823bc 00000040 t kanji_load_kanji_08b74
001823fc 00000040 t kanji_load_kanji_08b72
0018243c 00000040 t kanji_load_kanji_08b70
0018247c 00000040 t kanji_load_kanji_08b6f
001824bc 00000040 t kanji_load_kanji_08b6c
001824fc 00000040 t kanji_load_kanji_08b6b
0018253c 00000040 t kanji_load_kanji_08b66
0018257c 00000040 t kanji_load_kanji_08b5f
001825bc 00000040 t kanji_load_kanji_08b5c
001825fc 00000040 t kanji_load_kanji_08b5a
0018263c 00000040 t kanji_load_kanji_08b58
0018267c 00000040 t kanji_load_kanji_08b56
001826bc 00000040 t kanji_load_kanji_08b4f
001826fc 00000040 t kanji_load_kanji_08b4e
0018273c 00000040 t kanji_load_kanji_08b4c
0018277c 00000040 t kanji_load_kanji_08b49
001827bc 00000040 t kanji_load_kanji_08b3e
001827fc 00000040 t kanji_load_kanji_08b39
0018283c 00000040 t kanji_load_kanji_08b33
0018287c 00000040 t kanji_load_kanji_08b2c
001828bc 00000040 t kanji_load_kanji_08b2b
001828fc 00000040 t kanji_load_kanji_08b28
0018293c 00000040 t kanji_load_kanji_08b26
0018297c 00000040 t kanji_load_kanji_08b21
001829bc 00000040 t kanji_load_kanji_08b20
001829fc 00000040 t kanji_load_kanji_08b1d
00182a3c 00000040 t kanji_load_kanji_08b1b
00182a7c 00000040 t kanji_load_kanji_08b19
00182abc 00000040 t kanji_load_kanji_08b17
00182afc 00000040 t kanji_load_kanji_08b16
00182b3c 00000040 t kanji_load_kanji_08b14
00182b7c 00000040 t kanji_load_kanji_08b10
00182bbc 00000040 t kanji_load_kanji_08b0e
00182bfc 00000040 t kanji_load_kanji_08b07
00182c3c 00000040 t kanji_load_kanji_08b04
00182c7c 00000040 t kanji_load_kanji_08b02
00182cbc 00000040 t kanji_load_kanji_08b01
00182cfc 00000040 t kanji_load_kanji_08b00
00182d3c 00000040 t kanji_load_kanji_08afe
00182d7c 00000040 t kanji_load_kanji_08afa
00182dbc 00000040 t kanji_load_kanji_08af8
00182dfc 00000040 t kanji_load_kanji_08af7
00182e3c 00000040 t kanji_load_kanji_08af3
00182e7c 00000040 t kanji_load_kanji_08af1
00182ebc 00000040 t kanji_load_kanji_08aee
00182efc 00000040 t kanji_load_kanji_08aed
00182f3c 00000040 t kanji_load_kanji_08aeb
00182f7c 00000040 t kanji_load_kanji_08ae7
00182fbc 00000040 t kanji_load_kanji_08ae6
00182ffc 00000040 t kanji_load_kanji_08ae4
0018303c 00000040 t kanji_load_kanji_08ae2
0018307c 00000040 t kanji_load_kanji_08ae1
001830bc 00000040 t kanji_load_kanji_08ae0
001830fc 00000040 t kanji_load_kanji_08adc
0018313c 00000040 t kanji_load_kanji_08ada
0018317c 00000040 t kanji_load_kanji_08ad6
001831bc 00000040 t kanji_load_kanji_08ad2
001831fc 00000040 t kanji_load_kanji_08acf
0018323c 00000040 t kanji_load_kanji_08acd
0018327c 00000040 t kanji_load_kanji_08acb
001832bc 00000040 t kanji_load_kanji_08ac7
001832fc 00000040 t kanji_load_kanji_08ac4
0018333c 00000040 t kanji_load_kanji_08ac2
0018337c 00000040 t kanji_load_kanji_08abf
001833bc 00000040 t kanji_load_kanji_08abc
001833fc 00000040 t kanji_load_kanji_08ab9
0018343c 00000040 t kanji_load_kanji_08ab2
0018347c 00000040 t kanji_load_kanji_08ab0
001834bc 00000040 t kanji_load_kanji_08aad
001834fc 00000040 t kanji_load_kanji_08aac
0018353c 00000040 t kanji_load_kanji_08aa8
0018357c 00000040 t kanji_load_kanji_08aa6
001835bc 00000040 t kanji_load_kanji_08aa5
001835fc 00000040 t kanji_load_kanji_08aa4
0018363c 00000040 t kanji_load_kanji_08aa3
0018367c 00000040 t kanji_load_kanji_08aa1
001836bc 00000040 t kanji_load_kanji_08aa0
001836fc 00000040 t kanji_load_kanji_08a9e
0018373c 00000040 t kanji_load_kanji_08a9a
0018377c 00000040 t kanji_load_kanji_08a98
001837bc 00000040 t kanji_load_kanji_08a95
001837fc 00000040 t kanji_load_kanji_08a93
0018383c 00000040 t kanji_load_kanji_08a91
0018387c 00000040 t kanji_load_kanji_08a8d
001838bc 00000040 t kanji_load_kanji_08a8c
001838fc 00000040 t kanji_load_kanji_08a89
0018393c 00000040 t kanji_load_kanji_08a87
0018397c 00000040 t kanji_load_kanji_08a85
001839bc 00000040 t kanji_load_kanji_08a84
001839fc 00000040 t kanji_load_kanji_08a82
00183a3c 00000040 t kanji_load_kanji_08a7c
00183a7c 00000040 t kanji_load_kanji_08a73
00183abc 00000040 t kanji_load_kanji_08a72
00183afc 00000040 t kanji_load_kanji_08a71
00183b3c 00000040 t kanji_load_kanji_08a70
00183b7c 00000040 t kanji_load_kanji_08a6e
00183bbc 00000040 t kanji_load_kanji_08a6d
00183bfc 00000040 t kanji_load_kanji_08a6c
00183c3c 00000040 t kanji_load_kanji_08a6b
00183c7c 00000040 t kanji_load_kanji_08a69
00183cbc 00000040 t kanji_load_kanji_08a66
00183cfc 00000040 t kanji_load_kanji_08a63
00183d3c 00000040 t kanji_load_kanji_08a62
00183d7c 00000040 t kanji_load_kanji_08a60
00183dbc 00000040 t kanji_load_kanji_08a5e
00183dfc 00000040 t kanji_load_kanji_08a5b
00183e3c 00000040 t kanji_load_kanji_08a55
00183e7c 00000040 t kanji_load_kanji_08a54
00183ebc 00000040 t kanji_load_kanji_08a52
00183efc 00000040 t kanji_load_kanji_08a51
00183f3c 00000040 t kanji_load_kanji_08a50
00183f7c 00000040 t kanji_load_kanji_08a48
00183fbc 00000040 t kanji_load_kanji_08a46
00183ffc 00000040 t kanji_load_kanji_08a41
0018403c 00000040 t kanji_load_kanji_08a3c
0018407c 00000040 t kanji_load_kanji_08a3b
001840bc 00000040 t kanji_load_kanji_08a3a
001840fc 00000040 t kanji_load_kanji_08a36
0018413c 00000040 t kanji_load_kanji_08a34
0018417c 00000040 t kanji_load_kanji_08a33
001841bc 00000040 t kanji_load_kanji_08a31
001841fc 00000040 t kanji_load_kanji_08a2d
0018423c 00000040 t kanji_load_kanji_08a2a
0018427c 00000040 t kanji_load_kanji_08a25
001842bc 00000040 t kanji_load_kanji_08a23
001842fc 00000040 t kanji_load_kanji_08a1f
0018433c 00000040 t kanji_load_kanji_08a1d
0018437c 00000040 t kanji_load_kanji_08a1b
001843bc 00000040 t kanji_load_kanji_08a18
001843fc 00000040 t kanji_load_kanji_08a17
0018443c 00000040 t kanji_load_kanji_08a16
0018447c 00000040 t kanji_load_kanji_08a13
001844bc 00000040 t kanji_load_kanji_08a10
001844fc 00000040 t kanji_load_kanji_08a0e
0018453c 00000040 t kanji_load_kanji_08a0c
0018457c 00000040 t kanji_load_kanji_08a0a
001845bc 00000040 t kanji_load_kanji_08a08
001845fc 00000040 t kanji_load_kanji_08a03
0018463c 00000040 t kanji_load_kanji_08a02
0018467c 00000044 t kanji_load_kanji_08a00
001846c0 00000040 t kanji_load_kanji_089f8
00184700 00000040 t kanji_load_kanji_089f4
00184740 00000040 t kanji_load_kanji_089e6
00184780 00000040 t kanji_load_kanji_089e3
001847c0 00000040 t kanji_load_kanji_089dd
00184800 00000040 t kanji_load_kanji_089dc
00184840 00000044 t kanji_load_kanji_089d2
00184884 00000040 t kanji_load_kanji_089c0
001848c4 00000040 t kanji_load_kanji_089bf
00184904 00000040 t kanji_load_kanji_089bd
00184944 00000040 t kanji_load_kanji_089ba
00184984 00000040 t kanji_load_kanji_089b3
001849c4 00000040 t kanji_load_kanji_089b2
00184a04 00000040 t kanji_load_kanji_089ac
00184a44 00000040 t kanji_load_kanji_089aa
00184a84 00000040 t kanji_load_kanji_089a9
00184ac4 00000040 t kanji_load_kanji_089a7
00184b04 00000040 t kanji_load_kanji_089a6
00184b44 00000040 t kanji_load_kanji_089a1
00184b84 00000040 t kanji_load_kanji_0899a
00184bc4 00000040 t kanji_load_kanji_08998
00184c04 00000040 t kanji_load_kanji_08997
00184c44 00000040 t kanji_load_kanji_08996
00184c84 00000040 t kanji_load_kanji_08993
00184cc4 00000040 t kanji_load_kanji_0898f
00184d04 00000044 t kanji_load_kanji_0898b
00184d48 00000040 t kanji_load_kanji_08988
00184d88 00000040 t kanji_load_kanji_08987
00184dc8 00000040 t kanji_load_kanji_08986
00184e08 00000040 t kanji_load_kanji_08983
00184e48 00000040 t kanji_load_kanji_08981
00184e88 00000044 t kanji_load_kanji_0897f
00184ecc 00000040 t kanji_load_kanji_08977
00184f0c 00000040 t kanji_load_kanji_08974
00184f4c 00000040 t kanji_load_kanji_08972
00184f8c 00000040 t kanji_load_kanji_0896f
00184fcc 00000040 t kanji_load_kanji_0896d
0018500c 00000040 t kanji_load_kanji_08966
0018504c 00000040 t kanji_load_kanji_08964
0018508c 00000040 t kanji_load_kanji_08960
001850cc 00000040 t kanji_load_kanji_0895f
0018510c 00000040 t kanji_load_kanji_0895e
0018514c 00000040 t kanji_load_kanji_08956
0018518c 00000040 t kanji_load_kanji_0894c
001851cc 00000040 t kanji_load_kanji_08944
0018520c 00000040 t kanji_load_kanji_08943
0018524c 00000040 t kanji_load_kanji_08941
0018528c 00000040 t kanji_load_kanji_0893b
001852cc 00000040 t kanji_load_kanji_08938
0018530c 00000040 t kanji_load_kanji_08936
0018534c 00000040 t kanji_load_kanji_0892b
0018538c 00000040 t kanji_load_kanji_0892a
001853cc 00000040 t kanji_load_kanji_08925
0018540c 00000040 t kanji_load_kanji_0891e
0018544c 00000040 t kanji_load_kanji_08913
0018548c 00000040 t kanji_load_kanji_08912
001854cc 00000040 t kanji_load_kanji_08910
0018550c 00000040 t kanji_load_kanji_0890c
0018554c 00000040 t kanji_load_kanji_08907
0018558c 00000040 t kanji_load_kanji_08904
001855cc 00000040 t kanji_load_kanji_08902
0018560c 00000040 t kanji_load_kanji_088fe
0018564c 00000040 t kanji_load_kanji_088fd
0018568c 00000040 t kanji_load_kanji_088fc
001856cc 00000040 t kanji_load_kanji_088f9
0018570c 00000040 t kanji_load_kanji_088f8
0018574c 00000040 t kanji_load_kanji_088f4
0018578c 00000040 t kanji_load_kanji_088f3
001857cc 00000040 t kanji_load_kanji_088f2
0018580c 00000040 t kanji_load_kanji_088e8
0018584c 00000040 t kanji_load_kanji_088e1
0018588c 00000040 t kanji_load_kanji_088df
001858cc 00000040 t kanji_load_kanji_088dd
0018590c 00000040 t kanji_load_kanji_088dc
0018594c 00000040 t kanji_load_kanji_088d9
0018598c 00000040 t kanji_load_kanji_088d8
001859cc 00000040 t kanji_load_kanji_088d5
00185a0c 00000040 t kanji_load_kanji_088d4
00185a4c 00000040 t kanji_load_kanji_088cf
00185a8c 00000040 t kanji_load_kanji_088c5
00185acc 00000040 t kanji_load_kanji_088c4
00185b0c 00000040 t kanji_load_kanji_088c3
00185b4c 00000040 t kanji_load_kanji_088c2
00185b8c 00000040 t kanji_load_kanji_088c1
00185bcc 00000040 t kanji_load_kanji_088bf
00185c0c 00000040 t kanji_load_kanji_088b7
00185c4c 00000040 t kanji_load_kanji_088b5
00185c8c 00000040 t kanji_load_kanji_088b4
00185ccc 00000040 t kanji_load_kanji_088b1
00185d0c 00000040 t kanji_load_kanji_088b0
00185d4c 00000040 t kanji_load_kanji_088ab
00185d8c 00000040 t kanji_load_kanji_088a4
00185dcc 00000040 t kanji_load_kanji_088a2
00185e0c 00000040 t kanji_load_kanji_08899
00185e4c 00000040 t kanji_load_kanji_08897
00185e8c 00000040 t kanji_load_kanji_08896
00185ecc 00000040 t kanji_load_kanji_08892
00185f0c 00000040 t kanji_load_kanji_0888d
00185f4c 00000040 t kanji_load_kanji_0888b
00185f8c 00000040 t kanji_load_kanji_08888
00185fcc 00000040 t kanji_load_kanji_08882
0018600c 00000040 t kanji_load_kanji_0887f
0018604c 00000040 t kanji_load_kanji_0887e
0018608c 00000040 t kanji_load_kanji_08877
001860cc 00000040 t kanji_load_kanji_08875
0018610c 00000040 t kanji_load_kanji_08872
0018614c 00000040 t kanji_load_kanji_08870
0018618c 00000044 t kanji_load_kanji_0886b
001861d0 00000044 t kanji_load_kanji_08868
00186214 00000044 t kanji_load_kanji_08863
00186258 00000040 t kanji_load_kanji_08862
00186298 00000040 t kanji_load_kanji_08861
001862d8 00000040 t kanji_load_kanji_0885e
00186318 00000040 t kanji_load_kanji_0885d
00186358 00000040 t kanji_load_kanji_0885b
00186398 00000040 t kanji_load_kanji_08859
001863d8 00000040 t kanji_load_kanji_08857
00186418 00000040 t kanji_load_kanji_08853
00186458 00000040 t kanji_load_kanji_08852
00186498 00000040 t kanji_load_kanji_0884d
001864d8 00000044 t kanji_load_kanji_0884c
0018651c 00000040 t kanji_load_kanji_08846
0018655c 00000040 t kanji_load_kanji_08844
0018659c 00000044 t kanji_load_kanji_08840
001865e0 00000040 t kanji_load_kanji_0883b
00186620 00000040 t kanji_load_kanji_08839
00186660 00000040 t kanji_load_kanji_08836
001866a0 00000040 t kanji_load_kanji_08831
001866e0 00000040 t kanji_load_kanji_08823
00186720 00000040 t kanji_load_kanji_08822
00186760 00000040 t kanji_load_kanji_08821
001867a0 00000040 t kanji_load_kanji_08816
001867e0 00000040 t kanji_load_kanji_08815
00186820 00000040 t kanji_load_kanji_08811
00186860 00000040 t kanji_load_kanji_0880d
001868a0 00000040 t kanji_load_kanji_08805
001868e0 00000040 t kanji_load_kanji_087fe
00186920 00000040 t kanji_load_kanji_087fb
00186960 00000040 t kanji_load_kanji_087f9
001869a0 00000040 t kanji_load_kanji_087f7
001869e0 00000040 t kanji_load_kanji_087f6
00186a20 00000040 t kanji_load_kanji_087f2
00186a60 00000040 t kanji_load_kanji_087ef
00186aa0 00000040 t kanji_load_kanji_087ec
00186ae0 00000040 t kanji_load_kanji_087e0
00186b20 00000040 t kanji_load_kanji_087cb
00186b60 00000040 t kanji_load_kanji_087c7
00186ba0 00000040 t kanji_load_kanji_087c4
00186be0 00000040 t kanji_load_kanji_087c0
00186c20 00000040 t kanji_load_kanji_087bb
00186c60 00000040 t kanji_load_kanji_087ba
00186ca0 00000040 t kanji_load_kanji_087b3
00186ce0 00000040 t kanji_load_kanji_087af
00186d20 00000040 t kanji_load_kanji_087ab
00186d60 00000040 t kanji_load_kanji_087a2
00186da0 00000040 t kanji_load_kanji_0879f
00186de0 00000040 t kanji_load_kanji_0878d
00186e20 00000040 t kanji_load_kanji_08782
00186e60 00000040 t kanji_load_kanji_08778
00186ea0 00000040 t kanji_load_kanji_08776
00186ee0 00000040 t kanji_load_kanji_08774
00186f20 00000040 t kanji_load_kanji_0876e
00186f60 00000040 t kanji_load_kanji_08768
00186fa0 00000040 t kanji_load_kanji_08766
00186fe0 00000040 t kanji_load_kanji_08763
00187020 00000040 t kanji_load_kanji_08760
00187060 00000040 t kanji_load_kanji_0875f
001870a0 00000040 t kanji_load_kanji_08757
001870e0 00000040 t kanji_load_kanji_08755
00187120 00000040 t kanji_load_kanji_08753
00187160 00000040 t kanji_load_kanji_0874e
001871a0 00000040 t kanji_load_kanji_0874c
001871e0 00000040 t kanji_load_kanji_0873f
00187220 00000040 t kanji_load_kanji_0873b
00187260 00000040 t kanji_load_kanji_08737
001872a0 00000040 t kanji_load_kanji_08734
001872e0 00000040 t kanji_load_kanji_08729
00187320 00000040 t kanji_load_kanji_08725
00187360 00000040 t kanji_load_kanji_0871c
001873a0 00000040 t kanji_load_kanji_0871a
001873e0 00000040 t kanji_load_kanji_08718
00187420 00000040 t kanji_load_kanji_08712
00187460 00000040 t kanji_load_kanji_08711
001874a0 00000040 t kanji_load_kanji_0870d
001874e0 00000040 t kanji_load_kanji_0870a
00187520 00000040 t kanji_load_kanji_08709
00187560 00000040 t kanji_load_kanji_08708
001875a0 00000040 t kanji_load_kanji_08706
001875e0 00000040 t kanji_load_kanji_08703
00187620 00000040 t kanji_load_kanji_08702
00187660 00000040 t kanji_load_kanji_08700
001876a0 00000040 t kanji_load_kanji_086fe
001876e0 00000040 t kanji_load_kanji_086fb
00187720 00000040 t kanji_load_kanji_086f9
00187760 00000040 t kanji_load_kanji_086f8
001877a0 00000040 t kanji_load_kanji_086ef
001877e0 00000040 t kanji_load_kanji_086ee
00187820 00000040 t kanji_load_kanji_086ed
00187860 00000040 t kanji_load_kanji_086ec
001878a0 00000040 t kanji_load_kanji_086e4
001878e0 00000040 t kanji_load_kanji_086df
00187920 00000040 t kanji_load_kanji_086de
00187960 00000040 t kanji_load_kanji_086db
001879a0 00000040 t kanji_load_kanji_086d9
001879e0 00000040 t kanji_load_kanji_086d4
00187a20 00000040 t kanji_load_kanji_086cd
00187a60 00000040 t kanji_load_kanji_086cb
00187aa0 00000040 t kanji_load_kanji_086c9
00187ae0 00000040 t kanji_load_kanji_086c7
00187b20 00000040 t kanji_load_kanji_086c6
00187b60 00000040 t kanji_load_kanji_086c4
00187ba0 00000040 t kanji_load_kanji_086b6
00187be0 00000040 t kanji_load_kanji_086b0
00187c20 00000040 t kanji_load_kanji_086af
00187c60 00000040 t kanji_load_kanji_086ab
00187ca0 00000040 t kanji_load_kanji_086aa
00187ce0 00000040 t kanji_load_kanji_086a9
00187d20 00000040 t kanji_load_kanji_086a4
00187d60 00000040 t kanji_load_kanji_086a3
00187da0 00000040 t kanji_load_kanji_08695
00187de0 00000040 t kanji_load_kanji_08693
00187e20 00000040 t kanji_load_kanji_0868c
00187e60 00000040 t kanji_load_kanji_0868a
00187ea0 00000040 t kanji_load_kanji_0867b
00187ee0 00000040 t kanji_load_kanji_08679
00187f20 00000044 t kanji_load_kanji_0866b
00187f64 00000040 t kanji_load_kanji_08667
00187fa4 00000040 t kanji_load_kanji_0865f
00187fe4 00000040 t kanji_load_kanji_0865e
00188024 00000040 t kanji_load_kanji_0865c
00188064 00000040 t kanji_load_kanji_0865a
001880a4 00000040 t kanji_load_kanji_08655
001880e4 00000040 t kanji_load_kanji_08654
00188124 00000040 t kanji_load_kanji_08650
00188164 00000044 t kanji_load_kanji_0864e
001881a8 00000040 t kanji_load_kanji_0863f
001881e8 00000040 t kanji_load_kanji_0862d
00188228 00000040 t kanji_load_kanji_08622
00188268 00000040 t kanji_load_kanji_0861a
001882a8 00000040 t kanji_load_kanji_0860b
001882e8 00000040 t kanji_load_kanji_0860a
00188328 00000040 t kanji_load_kanji_08607
00188368 00000040 t kanji_load_kanji_08606
001883a8 00000040 t kanji_load_kanji_085fe
001883e8 00000040 t kanji_load_kanji_085fb
00188428 00000040 t kanji_load_kanji_085fa
00188468 00000040 t kanji_load_kanji_085f9
001884a8 00000040 t kanji_load_kanji_085f7
001884e8 00000040 t kanji_load_kanji_085ea
00188528 00000040 t kanji_load_kanji_085e9
00188568 00000040 t kanji_load_kanji_085e5
001885a8 00000040 t kanji_load_kanji_085e4
001885e8 00000040 t kanji_load_kanji_085dd
00188628 00000040 t kanji_load_kanji_085dc
00188668 00000040 t kanji_load_kanji_085d5
001886a8 00000040 t kanji_load_kanji_085d0
001886e8 00000040 t kanji_load_kanji_085cf
00188728 00000040 t kanji_load_kanji_085cd
00188768 00000040 t kanji_load_kanji_085c9
001887a8 00000040 t kanji_load_kanji_085c1
001887e8 00000040 t kanji_load_kanji_085ba
00188828 00000040 t kanji_load_kanji_085b9
00188868 00000040 t kanji_load_kanji_085af
001888a8 00000040 t kanji_load_kanji_085ac
001888e8 00000040 t kanji_load_kanji_085ab
00188928 00000040 t kanji_load_kanji_085aa
00188968 00000040 t kanji_load_kanji_085a9
001889a8 00000040 t kanji_load_kanji_085a8
001889e8 00000040 t kanji_load_kanji_085a6
00188a28 00000040 t kanji_load_kanji_085a4
00188a68 00000040 t kanji_load_kanji_0859c
00188aa8 00000040 t kanji_load_kanji_0859b
00188ae8 00000040 t kanji_load_kanji_08599
00188b28 00000040 t kanji_load_kanji_08597
00188b68 00000040 t kanji_load_kanji_08594
00188ba8 00000040 t kanji_load_kanji_08591
00188be8 00000040 t kanji_load_kanji_08590
00188c28 00000040 t kanji_load_kanji_0858a
00188c68 00000040 t kanji_load_kanji_08588
00188ca8 00000040 t kanji_load_kanji_08587
00188ce8 00000040 t kanji_load_kanji_08584
00188d28 00000040 t kanji_load_kanji_08580
00188d68 00000040 t kanji_load_kanji_0857e
00188da8 00000040 t kanji_load_kanji_08577
00188de8 00000040 t kanji_load_kanji_0856d
00188e28 00000040 t kanji_load_kanji_0856a
00188e68 00000040 t kanji_load_kanji_08569
00188ea8 00000040 t kanji_load_kanji_08568
00188ee8 00000040 t kanji_load_kanji_08563
00188f28 00000040 t kanji_load_kanji_08558
00188f68 00000040 t kanji_load_kanji_08557
00188fa8 00000040 t kanji_load_kanji_08555
00188fe8 00000040 t kanji_load_kanji_0854e
00189028 00000040 t kanji_load_kanji_0854a
00189068 00000040 t kanji_load_kanji_08549
001890a8 00000040 t kanji_load_kanji_08543
001890e8 00000040 t kanji_load_kanji_08541
00189128 00000040 t kanji_load_kanji_08540
00189168 00000040 t kanji_load_kanji_0853d
001891a8 00000040 t kanji_load_kanji_08535
001891e8 00000040 t kanji_load_kanji_0852d
00189228 00000040 t kanji_load_kanji_08526
00189268 00000040 t kanji_load_kanji_08523
001892a8 00000040 t kanji_load_kanji_08521
001892e8 00000040 t kanji_load_kanji_0851f
00189328 00000040 t kanji_load_kanji_0851a
00189368 00000040 t kanji_load_kanji_08518
001893a8 00000040 t kanji_load_kanji_08517
001893e8 00000040 t kanji_load_kanji_08515
00189428 00000040 t kanji_load_kanji_08514
00189468 00000040 t kanji_load_kanji_08513
001894a8 00000040 t kanji_load_kanji_08511
001894e8 00000040 t kanji_load_kanji_08500
00189528 00000040 t kanji_load_kanji_084ff
00189568 00000040 t kanji_load_kanji_084fc
001895a8 00000040 t kanji_load_kanji_084ee
001895e8 00000040 t kanji_load_kanji_084ec
00189628 00000040 t kanji_load_kanji_084d9
00189668 00000040 t kanji_load_kanji_084d6
001896a8 00000040 t kanji_load_kanji_084d1
001896e8 00000040 t kanji_load_kanji_084d0
00189728 00000040 t kanji_load_kanji_084cd
00189768 00000040 t kanji_load_kanji_084cb
001897a8 00000040 t kanji_load_kanji_084c9
001897e8 00000040 t kanji_load_kanji_084c6
00189828 00000040 t kanji_load_kanji_084c4
00189868 00000040 t kanji_load_kanji_084c1
001898a8 00000040 t kanji_load_kanji_084bf
001898e8 00000040 t kanji_load_kanji_084bc
00189928 00000040 t kanji_load_kanji_084bb
00189968 00000040 t kanji_load_kanji_084b9
001899a8 00000040 t kanji_load_kanji_084b8
001899e8 00000040 t kanji_load_kanji_084b2
00189a28 00000040 t kanji_load_kanji_084a1
00189a68 00000040 t kanji_load_kanji_0849f
00189aa8 00000040 t kanji_load_kanji_0849c
00189ae8 00000040 t kanji_load_kanji_08499
00189b28 00000040 t kanji_load_kanji_08494
00189b68 00000040 t kanji_load_kanji_08490
00189ba8 00000040 t kanji_load_kanji_0847a
00189be8 00000040 t kanji_load_kanji_08477
00189c28 00000040 t kanji_load_kanji_08475
00189c68 00000040 t kanji_load_kanji_08471
00189ca8 00000040 t kanji_load_kanji_0846d
00189ce8 00000040 t kanji_load_kanji_0846c
00189d28 00000040 t kanji_load_kanji_08469
00189d68 00000040 t kanji_load_kanji_08466
00189da8 00000040 t kanji_load_kanji_08463
00189de8 00000040 t kanji_load_kanji_08461
00189e28 00000040 t kanji_load_kanji_0845b
00189e68 00000040 t kanji_load_kanji_08457
00189ea8 00000040 t kanji_load_kanji_0844e
00189ee8 00000040 t kanji_load_kanji_08449
00189f28 00000040 t kanji_load_kanji_08446
00189f68 00000040 t kanji_load_kanji_0843d
00189fa8 00000040 t kanji_load_kanji_0843c
00189fe8 00000040 t kanji_load_kanji_08438
0018a028 00000040 t kanji_load_kanji_08435
0018a068 00000040 t kanji_load_kanji_08431
0018a0a8 00000040 t kanji_load_kanji_0842c
0018a0e8 00000040 t kanji_load_kanji_08429
0018a128 00000040 t kanji_load_kanji_0840e
0018a168 00000040 t kanji_load_kanji_0840d
0018a1a8 00000040 t kanji_load_kanji_0840c
0018a1e8 00000040 t kanji_load_kanji_0840a
0018a228 00000040 t kanji_load_kanji_08404
0018a268 00000040 t kanji_load_kanji_08403
0018a2a8 00000040 t kanji_load_kanji_083fd
0018a2e8 00000040 t kanji_load_kanji_083f4
0018a328 00000040 t kanji_load_kanji_083f2
0018a368 00000040 t kanji_load_kanji_083f1
0018a3a8 00000040 t kanji_load_kanji_083f0
0018a3e8 00000040 t kanji_load_kanji_083ef
0018a428 00000040 t kanji_load_kanji_083eb
0018a468 00000040 t kanji_load_kanji_083e9
0018a4a8 00000040 t kanji_load_kanji_083e0
0018a4e8 00000040 t kanji_load_kanji_083dc
0018a528 00000040 t kanji_load_kanji_083d8
0018a568 00000040 t kanji_load_kanji_083d6
0018a5a8 00000040 t kanji_load_kanji_083d3
0018a5e8 00000040 t kanji_load_kanji_083ce
0018a628 00000040 t kanji_load_kanji_083cc
0018a668 00000040 t kanji_load_kanji_083ca
0018a6a8 00000040 t kanji_load_kanji_083c5
0018a6e8 00000040 t kanji_load_kanji_083c1
0018a728 00000040 t kanji_load_kanji_083ab
0018a768 00000040 t kanji_load_kanji_083aa
0018a7a8 00000040 t kanji_load_kanji_083a8
0018a7e8 00000040 t kanji_load_kanji_083a2
0018a828 00000040 t kanji_load_kanji_083a0
0018a868 00000040 t kanji_load_kanji_0839f
0018a8a8 00000040 t kanji_load_kanji_0839e
0018a8e8 00000040 t kanji_load_kanji_0839a
0018a928 00000040 t kanji_load_kanji_08396
0018a968 00000040 t kanji_load_kanji_0838e
0018a9a8 00000040 t kanji_load_kanji_0838a
0018a9e8 00000040 t kanji_load_kanji_08389
0018aa28 00000040 t kanji_load_kanji_08385
0018aa68 00000040 t kanji_load_kanji_0837c
0018aaa8 00000040 t kanji_load_kanji_0837b
0018aae8 00000040 t kanji_load_kanji_08377
0018ab28 00000040 t kanji_load_kanji_08373
0018ab68 00000040 t kanji_load_kanji_08358
0018aba8 00000040 t kanji_load_kanji_08352
0018abe8 00000040 t kanji_load_kanji_08350
0018ac28 00000040 t kanji_load_kanji_0834f
0018ac68 00000040 t kanji_load_kanji_0834a
0018aca8 00000040 t kanji_load_kanji_08349
0018ace8 00000040 t kanji_load_kanji_08345
0018ad28 00000040 t kanji_load_kanji_08340
0018ad68 00000040 t kanji_load_kanji_08339
0018ada8 00000040 t kanji_load_kanji_08338
0018ade8 00000040 t kanji_load_kanji_08336
0018ae28 00000040 t kanji_load_kanji_08335
0018ae68 00000040 t kanji_load_kanji_08334
0018aea8 00000040 t kanji_load_kanji_08332
0018aee8 00000040 t kanji_load_kanji_08331
0018af28 00000040 t kanji_load_kanji_0832f
0018af68 00000040 t kanji_load_kanji_0832b
0018afa8 00000040 t kanji_load_kanji_08328
0018afe8 00000040 t kanji_load_kanji_08323
0018b028 00000040 t kanji_load_kanji_0831c
0018b068 00000040 t kanji_load_kanji_08318
0018b0a8 00000040 t kanji_load_kanji_08317
0018b0e8 00000044 t kanji_load_kanji_0830e
0018b12c 00000044 t kanji_load_kanji_08309
0018b170 00000044 t kanji_load_kanji_08306
0018b1b4 00000044 t kanji_load_kanji_08305
0018b1f8 00000044 t kanji_load_kanji_08304
0018b23c 00000044 t kanji_load_kanji_08303
0018b280 00000044 t kanji_load_kanji_08302
0018b2c4 00000044 t kanji_load_kanji_082fb
0018b308 00000044 t kanji_load_kanji_082fa
0018b34c 00000044 t kanji_load_kanji_082f9
0018b390 00000044 t kanji_load_kanji_082f4
0018b3d4 00000044 t kanji_load_kanji_082f3
0018b418 00000044 t kanji_load_kanji_082f1
0018b45c 00000044 t kanji_load_kanji_082eb
0018b4a0 00000044 t kanji_load_kanji_082e7
0018b4e4 00000044 t kanji_load_kanji_082e6
0018b528 00000044 t kanji_load_kanji_082e5
0018b56c 00000044 t kanji_load_kanji_082e1
0018b5b0 00000044 t kanji_load_kanji_082df
0018b5f4 00000044 t kanji_load_kanji_082de
0018b638 00000044 t kanji_load_kanji_082dc
0018b67c 00000044 t kanji_load_kanji_082db
0018b6c0 00000044 t kanji_load_kanji_082d9
0018b704 00000044 t kanji_load_kanji_082d7
0018b748 00000044 t kanji_load_kanji_082d4
0018b78c 00000044 t kanji_load_kanji_082d3
0018b7d0 00000044 t kanji_load_kanji_082d1
0018b814 00000044 t kanji_load_kanji_082c5
0018b858 00000044 t kanji_load_kanji_082bd
0018b89c 00000040 t kanji_load_kanji_082bb
0018b8dc 00000044 t kanji_load_kanji_082b9
0018b920 00000044 t kanji_load_kanji_082b8
0018b964 00000044 t kanji_load_kanji_082b3
0018b9a8 00000044 t kanji_load_kanji_082b1
0018b9ec 00000044 t kanji_load_kanji_082af
0018ba30 00000044 t kanji_load_kanji_082ad
0018ba74 00000044 t kanji_load_kanji_082ac
0018bab8 00000044 t kanji_load_kanji_082ab
0018bafc 00000044 t kanji_load_kanji_082a5
0018bb40 00000044 t kanji_load_kanji_0829f
0018bb84 00000044 t kanji_load_kanji_0829d
0018bbc8 00000044 t kanji_load_kanji_08299
0018bc0c 00000044 t kanji_load_kanji_08292
0018bc50 00000044 t kanji_load_kanji_0828b
0018bc94 00000044 t kanji_load_kanji_0827e
0018bcd8 00000044 t kanji_load_kanji_08278
0018bd1c 00000040 t kanji_load_kanji_08277
0018bd5c 00000040 t kanji_load_kanji_08276
0018bd9c 00000044 t kanji_load_kanji_08272
0018bde0 00000040 t kanji_load_kanji_08271
0018be20 00000044 t kanji_load_kanji_0826f
0018be64 00000044 t kanji_load_kanji_0826e
0018bea8 00000040 t kanji_load_kanji_0826b
0018bee8 00000040 t kanji_load_kanji_0826a
0018bf28 00000040 t kanji_load_kanji_08268
0018bf68 00000040 t kanji_load_kanji_08266
0018bfa8 00000040 t kanji_load_kanji_08264
0018bfe8 00000040 t kanji_load_kanji_08262
0018c028 00000040 t kanji_load_kanji_0825f
0018c068 00000040 t kanji_load_kanji_0825d
0018c0a8 00000040 t kanji_load_kanji_0825a
0018c0e8 00000040 t kanji_load_kanji_08259
0018c128 00000040 t kanji_load_kanji_08258
0018c168 00000040 t kanji_load_kanji_08247
0018c1a8 00000040 t kanji_load_kanji_08240
0018c1e8 00000040 t kanji_load_kanji_08239
0018c228 00000040 t kanji_load_kanji_08238
0018c268 00000040 t kanji_load_kanji_08237
0018c2a8 00000040 t kanji_load_kanji_08236
0018c2e8 00000040 t kanji_load_kanji_08235
0018c328 00000040 t kanji_load_kanji_08233
0018c368 00000040 t kanji_load_kanji_0822c
0018c3a8 00000040 t kanji_load_kanji_0822b
0018c3e8 00000040 t kanji_load_kanji_0822a
0018c428 00000044 t kanji_load_kanji_0821f
0018c46c 00000040 t kanji_load_kanji_0821e
0018c4ac 00000040 t kanji_load_kanji_0821c
0018c4ec 00000044 t kanji_load_kanji_0821b
0018c530 00000040 t kanji_load_kanji_08218
0018c570 00000040 t kanji_load_kanji_08217
0018c5b0 00000040 t kanji_load_kanji_08216
0018c5f0 00000040 t kanji_load_kanji_08212
0018c630 00000040 t kanji_load_kanji_08210
0018c670 00000044 t kanji_load_kanji_0820e
0018c6b4 00000044 t kanji_load_kanji_0820d
0018c6f8 00000044 t kanji_load_kanji_0820c
0018c73c 00000040 t kanji_load_kanji_0820a
0018c77c 00000040 t kanji_load_kanji_08208
0018c7bc 00000040 t kanji_load_kanji_08207
0018c7fc 00000040 t kanji_load_kanji_08205
0018c83c 00000040 t kanji_load_kanji_08202
0018c87c 00000040 t kanji_load_kanji_081fe
0018c8bc 00000044 t kanji_load_kanji_081fc
0018c900 00000040 t kanji_load_kanji_081fb
0018c940 00000040 t kanji_load_kanji_081fa
0018c980 00000040 t kanji_load_kanji_081f4
0018c9c0 00000044 t kanji_load_kanji_081f3
0018ca04 00000040 t kanji_load_kanji_081ed
0018ca44 00000044 t kanji_load_kanji_081ea
0018ca88 00000040 t kanji_load_kanji_081e8
0018cac8 00000040 t kanji_load_kanji_081e7
0018cb08 00000040 t kanji_load_kanji_081e5
0018cb48 00000044 t kanji_load_kanji_081e3
0018cb8c 00000040 t kanji_load_kanji_081e0
0018cbcc 00000040 t kanji_load_kanji_081df
0018cc0c 00000040 t kanji_load_kanji_081da
0018cc4c 00000040 t kanji_load_kanji_081d9
0018cc8c 00000040 t kanji_load_kanji_081d8
0018cccc 00000040 t kanji_load_kanji_081d3
0018cd0c 00000040 t kanji_load_kanji_081d1
0018cd4c 00000040 t kanji_load_kanji_081cd
0018cd8c 00000040 t kanji_load_kanji_081c9
0018cdcc 00000040 t kanji_load_kanji_081c6
0018ce0c 00000040 t kanji_load_kanji_081c2
0018ce4c 00000040 t kanji_load_kanji_081c0
0018ce8c 00000040 t kanji_load_kanji_081bf
0018cecc 00000040 t kanji_load_kanji_081be
0018cf0c 00000040 t kanji_load_kanji_081bd
0018cf4c 00000040 t kanji_load_kanji_081ba
0018cf8c 00000040 t kanji_load_kanji_081b5
0018cfcc 00000040 t kanji_load_kanji_081b3
0018d00c 00000040 t kanji_load_kanji_081b0
0018d04c 00000040 t kanji_load_kanji_081a9
0018d08c 00000040 t kanji_load_kanji_081a8
0018d0cc 00000040 t kanji_load_kanji_081a3
0018d10c 00000040 t kanji_load_kanji_081a0
0018d14c 00000040 t kanji_load_kanji_0819d
0018d18c 00000040 t kanji_load_kanji_0819c
0018d1cc 00000040 t kanji_load_kanji_0819a
0018d20c 00000040 t kanji_load_kanji_0818f
0018d24c 00000040 t kanji_load_kanji_0818a
0018d28c 00000040 t kanji_load_kanji_08188
0018d2cc 00000040 t kanji_load_kanji_08183
0018d30c 00000040 t kanji_load_kanji_08182
0018d34c 00000040 t kanji_load_kanji_08180
0018d38c 00000040 t kanji_load_kanji_0817f
0018d3cc 00000040 t kanji_load_kanji_0817a
0018d40c 00000040 t kanji_load_kanji_08179
0018d44c 00000040 t kanji_load_kanji_08178
0018d48c 00000040 t kanji_load_kanji_08174
0018d4cc 00000040 t kanji_load_kanji_08171
0018d50c 00000040 t kanji_load_kanji_08170
0018d54c 00000040 t kanji_load_kanji_0816e
0018d58c 00000040 t kanji_load_kanji_0816b
0018d5cc 00000040 t kanji_load_kanji_08166
0018d60c 00000040 t kanji_load_kanji_08165
0018d64c 00000040 t kanji_load_kanji_08155
0018d68c 00000040 t kanji_load_kanji_08154
0018d6cc 00000040 t kanji_load_kanji_08153
0018d70c 00000040 t kanji_load_kanji_08151
0018d74c 00000040 t kanji_load_kanji_08150
0018d78c 00000040 t kanji_load_kanji_0814e
0018d7cc 00000040 t kanji_load_kanji_0814b
0018d80c 00000040 t kanji_load_kanji_08146
0018d84c 00000040 t kanji_load_kanji_0813e
0018d88c 00000040 t kanji_load_kanji_08139
0018d8cc 00000040 t kanji_load_kanji_08133
0018d90c 00000040 t kanji_load_kanji_08131
0018d94c 00000040 t kanji_load_kanji_0812f
0018d98c 00000040 t kanji_load_kanji_08129
0018d9cc 00000040 t kanji_load_kanji_08123
0018da0c 00000040 t kanji_load_kanji_0811b
0018da4c 00000040 t kanji_load_kanji_0811a
0018da8c 00000040 t kanji_load_kanji_0810a
0018dacc 00000040 t kanji_load_kanji_08108
0018db0c 00000040 t kanji_load_kanji_08107
0018db4c 00000040 t kanji_load_kanji_08106
0018db8c 00000040 t kanji_load_kanji_08105
0018dbcc 00000040 t kanji_load_kanji_08102
0018dc0c 00000040 t kanji_load_kanji_080fd
0018dc4c 00000040 t kanji_load_kanji_080f8
0018dc8c 00000040 t kanji_load_kanji_080f4
0018dccc 00000040 t kanji_load_kanji_080f1
0018dd0c 00000040 t kanji_load_kanji_080ef
0018dd4c 00000040 t kanji_load_kanji_080e5
0018dd8c 00000040 t kanji_load_kanji_080e4
0018ddcc 00000040 t kanji_load_kanji_080e1
0018de0c 00000040 t kanji_load_kanji_080de
0018de4c 00000040 t kanji_load_kanji_080dd
0018de8c 00000040 t kanji_load_kanji_080db
0018decc 00000040 t kanji_load_kanji_080da
0018df0c 00000040 t kanji_load_kanji_080d9
0018df4c 00000040 t kanji_load_kanji_080d6
0018df8c 00000040 t kanji_load_kanji_080ce
0018dfcc 00000040 t kanji_load_kanji_080cc
0018e00c 00000040 t kanji_load_kanji_080c6
0018e04c 00000040 t kanji_load_kanji_080c4
0018e08c 00000040 t kanji_load_kanji_080c3
0018e0cc 00000040 t kanji_load_kanji_080ba
0018e10c 00000044 t kanji_load_kanji_080b4
0018e150 00000044 t kanji_load_kanji_080b2
0018e194 00000044 t kanji_load_kanji_080b1
0018e1d8 00000044 t kanji_load_kanji_080af
0018e21c 00000044 t kanji_load_kanji_080ad
0018e260 00000044 t kanji_load_kanji_080ac
0018e2a4 00000044 t kanji_load_kanji_080aa
0018e2e8 00000044 t kanji_load_kanji_080a9
0018e32c 00000044 t kanji_load_kanji_080a5
0018e370 00000044 t kanji_load_kanji_080a2
0018e3b4 00000044 t kanji_load_kanji_080a1
0018e3f8 00000044 t kanji_load_kanji_0809d
0018e43c 00000044 t kanji_load_kanji_0809b
0018e480 00000044 t kanji_load_kanji_0809a
0018e4c4 00000044 t kanji_load_kanji_08098
0018e508 00000044 t kanji_load_kanji_08096
0018e54c 00000044 t kanji_load_kanji_0808c
0018e590 00000044 t kanji_load_kanji_0808b
0018e5d4 00000044 t kanji_load_kanji_08089
0018e618 00000040 t kanji_load_kanji_08087
0018e658 00000040 t kanji_load_kanji_08086
0018e698 00000040 t kanji_load_kanji_08085
0018e6d8 00000040 t kanji_load_kanji_08084
0018e718 00000044 t kanji_load_kanji_0807f
0018e75c 00000040 t kanji_load_kanji_0807e
0018e79c 00000040 t kanji_load_kanji_0807d
0018e7dc 00000040 t kanji_load_kanji_08077
0018e81c 00000040 t kanji_load_kanji_08076
0018e85c 00000040 t kanji_load_kanji_08074
0018e89c 00000040 t kanji_load_kanji_08073
0018e8dc 00000040 t kanji_load_kanji_08072
0018e91c 00000040 t kanji_load_kanji_08070
0018e95c 00000040 t kanji_load_kanji_0806f
0018e99c 00000040 t kanji_load_kanji_08062
0018e9dc 00000040 t kanji_load_kanji_08061
0018ea1c 00000040 t kanji_load_kanji_0805e
0018ea5c 00000040 t kanji_load_kanji_0805a
0018ea9c 00000040 t kanji_load_kanji_08058
0018eadc 00000040 t kanji_load_kanji_08056
0018eb1c 00000040 t kanji_load_kanji_08052
0018eb5c 00000040 t kanji_load_kanji_0804a
0018eb9c 00000040 t kanji_load_kanji_08046
0018ebdc 00000040 t kanji_load_kanji_0803f
0018ec1c 00000040 t kanji_load_kanji_0803d
0018ec5c 00000040 t kanji_load_kanji_08036
0018ec9c 00000044 t kanji_load_kanji_08033
0018ece0 00000040 t kanji_load_kanji_08028
0018ed20 00000040 t kanji_load_kanji_08021
0018ed60 00000040 t kanji_load_kanji_08019
0018eda0 00000040 t kanji_load_kanji_08018
0018ede0 00000040 t kanji_load_kanji_08017
0018ee20 00000040 t kanji_load_kanji_08015
0018ee60 00000040 t kanji_load_kanji_08010
0018eea0 00000044 t kanji_load_kanji_0800c
0018eee4 00000040 t kanji_load_kanji_0800b
0018ef24 00000040 t kanji_load_kanji_08006
0018ef64 00000044 t kanji_load_kanji_08005
0018efa8 00000040 t kanji_load_kanji_08004
0018efe8 00000044 t kanji_load_kanji_08003
0018f02c 00000044 t kanji_load_kanji_08001
0018f070 00000040 t kanji_load_kanji_08000
0018f0b0 00000040 t kanji_load_kanji_07ffc
0018f0f0 00000040 t kanji_load_kanji_07ffb
0018f130 00000040 t kanji_load_kanji_07ff9
0018f170 00000040 t kanji_load_kanji_07ff3
0018f1b0 00000040 t kanji_load_kanji_07ff0
0018f1f0 00000040 t kanji_load_kanji_07feb
0018f230 00000040 t kanji_load_kanji_07fe6
0018f270 00000040 t kanji_load_kanji_07fe1
0018f2b0 00000040 t kanji_load_kanji_07fe0
0018f2f0 00000040 t kanji_load_kanji_07fd5
0018f330 00000040 t kanji_load_kanji_07fd4
0018f370 00000040 t kanji_load_kanji_07fd2
0018f3b0 00000040 t kanji_load_kanji_07fcc
0018f3f0 00000040 t kanji_load_kanji_07fca
0018f430 00000040 t kanji_load_kanji_07fc5
0018f470 00000040 t kanji_load_kanji_07fc1
0018f4b0 00000044 t kanji_load_kanji_07fbd
0018f4f4 00000040 t kanji_load_kanji_07fb9
0018f534 00000040 t kanji_load_kanji_07fb8
0018f574 00000040 t kanji_load_kanji_07fb6
0018f5b4 00000040 t kanji_load_kanji_07fb2
0018f5f4 00000040 t kanji_load_kanji_07faf
0018f634 00000040 t kanji_load_kanji_07fa9
0018f674 00000040 t kanji_load_kanji_07fa8
0018f6b4 00000040 t kanji_load_kanji_07fa4
0018f6f4 00000040 t kanji_load_kanji_07f9e
0018f734 00000040 t kanji_load_kanji_07f9d
0018f774 00000040 t kanji_load_kanji_07f9a
0018f7b4 00000040 t kanji_load_kanji_07f94
0018f7f4 00000040 t kanji_load_kanji_07f8e
0018f834 00000044 t kanji_load_kanji_07f8c
0018f878 00000044 t kanji_load_kanji_07f8a
0018f8bc 00000040 t kanji_load_kanji_07f88
0018f8fc 00000040 t kanji_load_kanji_07f87
0018f93c 00000040 t kanji_load_kanji_07f86
0018f97c 00000040 t kanji_load_kanji_07f85
0018f9bc 00000040 t kanji_load_kanji_07f83
0018f9fc 00000040 t kanji_load_kanji_07f82
0018fa3c 00000040 t kanji_load_kanji_07f79
0018fa7c 00000040 t kanji_load_kanji_07f77
0018fabc 00000040 t kanji_load_kanji_07f75
0018fafc 00000040 t kanji_load_kanji_07f72
0018fb3c 00000040 t kanji_load_kanji_07f70
0018fb7c 00000040 t kanji_load_kanji_07f6e
0018fbbc 00000040 t kanji_load_kanji_07f6b
0018fbfc 00000040 t kanji_load_kanji_07f6a
0018fc3c 00000040 t kanji_load_kanji_07f69
0018fc7c 00000040 t kanji_load_kanji_07f68
0018fcbc 00000040 t kanji_load_kanji_07f67
0018fcfc 00000040 t kanji_load_kanji_07f60
0018fd3c 00000040 t kanji_load_kanji_07f5f
0018fd7c 00000040 t kanji_load_kanji_07f58
0018fdbc 00000044 t kanji_load_kanji_07f55
0018fe00 00000044 t kanji_load_kanji_07f54
0018fe44 00000040 t kanji_load_kanji_07f50
0018fe84 00000040 t kanji_load_kanji_07f4e
0018fec4 00000040 t kanji_load_kanji_07f4d
0018ff04 00000040 t kanji_load_kanji_07f4c
0018ff44 00000040 t kanji_load_kanji_07f45
0018ff84 00000040 t kanji_load_kanji_07f3a
0018ffc4 00000040 t kanji_load_kanji_07f38
00190004 00000044 t kanji_load_kanji_07f36
00190048 00000040 t kanji_load_kanji_07e9c
00190088 00000040 t kanji_load_kanji_07e9b
001900c8 00000040 t kanji_load_kanji_07e96
00190108 00000040 t kanji_load_kanji_07e94
00190148 00000040 t kanji_load_kanji_07e93
00190188 00000040 t kanji_load_kanji_07e90
001901c8 00000040 t kanji_load_kanji_07e8f
00190208 00000040 t kanji_load_kanji_07e8c
00190248 00000040 t kanji_load_kanji_07e88
00190288 00000040 t kanji_load_kanji_07e83
001902c8 00000040 t kanji_load_kanji_07e82
00190308 00000040 t kanji_load_kanji_07e7d
00190348 00000040 t kanji_load_kanji_07e7c
00190388 00000040 t kanji_load_kanji_07e7b
001903c8 00000040 t kanji_load_kanji_07e79
00190408 00000040 t kanji_load_kanji_07e70
00190448 00000040 t kanji_load_kanji_07e6d
00190488 00000040 t kanji_load_kanji_07e6b
001904c8 00000040 t kanji_load_kanji_07e6a
00190508 00000040 t kanji_load_kanji_07e69
00190548 00000040 t kanji_load_kanji_07e67
00190588 00000040 t kanji_load_kanji_07e61
001905c8 00000040 t kanji_load_kanji_07e5e
00190608 00000040 t kanji_load_kanji_07e5d
00190648 00000040 t kanji_load_kanji_07e5a
00190688 00000040 t kanji_load_kanji_07e59
001906c8 00000040 t kanji_load_kanji_07e56
00190708 00000040 t kanji_load_kanji_07e55
00190748 00000040 t kanji_load_kanji_07e54
00190788 00000040 t kanji_load_kanji_07e4a
001907c8 00000040 t kanji_load_kanji_07e46
00190808 00000040 t kanji_load_kanji_07e41
00190848 00000040 t kanji_load_kanji_07e3e
00190888 00000040 t kanji_load_kanji_07e3d
001908c8 00000040 t kanji_load_kanji_07e3b
00190908 00000040 t kanji_load_kanji_07e3a
00190948 00000040 t kanji_load_kanji_07e39
00190988 00000040 t kanji_load_kanji_07e37
001909c8 00000040 t kanji_load_kanji_07e35
00190a08 00000040 t kanji_load_kanji_07e32
00190a48 00000040 t kanji_load_kanji_07e31
00190a88 00000040 t kanji_load_kanji_07e2e
00190ac8 00000040 t kanji_load_kanji_07e2b
00190b08 00000040 t kanji_load_kanji_07e26
00190b48 00000040 t kanji_load_kanji_07e23
00190b88 00000040 t kanji_load_kanji_07e21
00190bc8 00000040 t kanji_load_kanji_07e1f
00190c08 00000040 t kanji_load_kanji_07e1e
00190c48 00000040 t kanji_load_kanji_07e1b
00190c88 00000040 t kanji_load_kanji_07e12
00190cc8 00000040 t kanji_load_kanji_07e0b
00190d08 00000040 t kanji_load_kanji_07e0a
00190d48 00000040 t kanji_load_kanji_07e09
00190d88 00000040 t kanji_load_kanji_07e05
00190dc8 00000040 t kanji_load_kanji_07e04
00190e08 00000040 t kanji_load_kanji_07e01
00190e48 00000040 t kanji_load_kanji_07dfb
00190e88 00000040 t kanji_load_kanji_07df4
00190ec8 00000040 t kanji_load_kanji_07df2
00190f08 00000040 t kanji_load_kanji_07def
00190f48 00000040 t kanji_load_kanji_07dec
00190f88 00000040 t kanji_load_kanji_07de9
00190fc8 00000040 t kanji_load_kanji_07de8
00191008 00000040 t kanji_load_kanji_07de4
00191048 00000040 t kanji_load_kanji_07de1
00191088 00000040 t kanji_load_kanji_07de0
001910c8 00000040 t kanji_load_kanji_07dde
00191108 00000040 t kanji_load_kanji_07ddd
00191148 00000040 t kanji_load_kanji_07dda
00191188 00000040 t kanji_load_kanji_07dd8
001911c8 00000040 t kanji_load_kanji_07dd2
00191208 00000040 t kanji_load_kanji_07dd1
00191248 00000040 t kanji_load_kanji_07dcf
00191288 00000040 t kanji_load_kanji_07dcb
001912c8 00000040 t kanji_load_kanji_07dca
00191308 00000040 t kanji_load_kanji_07dc7
00191348 00000040 t kanji_load_kanji_07dbf
00191388 00000040 t kanji_load_kanji_07dbe
001913c8 00000040 t kanji_load_kanji_07dbd
00191408 00000040 t kanji_load_kanji_07dbb
00191448 00000040 t kanji_load_kanji_07dba
00191488 00000040 t kanji_load_kanji_07db8
001914c8 00000040 t kanji_load_kanji_07db5
00191508 00000040 t kanji_load_kanji_07db4
00191548 00000040 t kanji_load_kanji_07db2
00191588 00000040 t kanji_load_kanji_07db1
001915c8 00000040 t kanji_load_kanji_07db0
00191608 00000040 t kanji_load_kanji_07daf
00191648 00000040 t kanji_load_kanji_07dad
00191688 00000040 t kanji_load_kanji_07dac
001916c8 00000040 t kanji_load_kanji_07dab
00191708 00000040 t kanji_load_kanji_07da3
00191748 00000040 t kanji_load_kanji_07da2
00191788 00000040 t kanji_load_kanji_07d9c
001917c8 00000040 t kanji_load_kanji_07d9a
00191808 00000040 t kanji_load_kanji_07d99
00191848 00000040 t kanji_load_kanji_07d93
00191888 00000040 t kanji_load_kanji_07d8f
001918c8 00000040 t kanji_load_kanji_07d89
00191908 00000040 t kanji_load_kanji_07d7d
00191948 00000040 t kanji_load_kanji_07d79
00191988 00000040 t kanji_load_kanji_07d76
001919c8 00000040 t kanji_load_kanji_07d75
00191a08 00000040 t kanji_load_kanji_07d73
00191a48 00000040 t kanji_load_kanji_07d72
00191a88 00000040 t kanji_load_kanji_07d71
00191ac8 00000040 t kanji_load_kanji_07d6e
00191b08 00000040 t kanji_load_kanji_07d68
00191b48 00000040 t kanji_load_kanji_07d66
00191b88 00000040 t kanji_load_kanji_07d63
00191bc8 00000040 t kanji_load_kanji_07d62
00191c08 00000040 t kanji_load_kanji_07d61
00191c48 00000040 t kanji_load_kanji_07d5e
00191c88 00000040 t kanji_load_kanji_07d5b
00191cc8 00000040 t kanji_load_kanji_07d56
00191d08 00000040 t kanji_load_kanji_07d50
00191d48 00000040 t kanji_load_kanji_07d4f
00191d88 00000040 t kanji_load_kanji_07d4e
00191dc8 00000040 t kanji_load_kanji_07d4c
00191e08 00000040 t kanji_load_kanji_07d46
00191e48 00000040 t kanji_load_kanji_07d45
00191e88 00000040 t kanji_load_kanji_07d44
00191ec8 00000040 t kanji_load_kanji_07d43
00191f08 00000040 t kanji_load_kanji_07d42
00191f48 00000040 t kanji_load_kanji_07d3f
00191f88 00000040 t kanji_load_kanji_07d3a
00191fc8 00000040 t kanji_load_kanji_07d39
00192008 00000040 t kanji_load_kanji_07d35
00192048 00000040 t kanji_load_kanji_07d33
00192088 00000040 t kanji_load_kanji_07d32
001920c8 00000040 t kanji_load_kanji_07d30
00192108 00000040 t kanji_load_kanji_07d2f
00192148 00000040 t kanji_load_kanji_07d2e
00192188 00000040 t kanji_load_kanji_07d2c
001921c8 00000040 t kanji_load_kanji_07d2b
00192208 00000040 t kanji_load_kanji_07d22
00192248 00000040 t kanji_load_kanji_07d21
00192288 00000040 t kanji_load_kanji_07d20
001922c8 00000040 t kanji_load_kanji_07d1c
00192308 00000040 t kanji_load_kanji_07d1b
00192348 00000040 t kanji_load_kanji_07d1a
00192388 00000040 t kanji_load_kanji_07d19
001923c8 00000040 t kanji_load_kanji_07d18
00192408 00000040 t kanji_load_kanji_07d17
00192448 00000040 t kanji_load_kanji_07d15
00192488 00000040 t kanji_load_kanji_07d14
001924c8 00000040 t kanji_load_kanji_07d10
00192508 00000040 t kanji_load_kanji_07d0d
00192548 00000040 t kanji_load_kanji_07d0b
00192588 00000040 t kanji_load_kanji_07d0a
001925c8 00000040 t kanji_load_kanji_07d06
00192608 00000040 t kanji_load_kanji_07d05
00192648 00000040 t kanji_load_kanji_07d04
00192688 00000040 t kanji_load_kanji_07d02
001926c8 00000040 t kanji_load_kanji_07d00
00192708 00000040 t kanji_load_kanji_07cfe
00192748 00000044 t kanji_load_kanji_07cfb
0019278c 00000044 t kanji_load_kanji_07cfa
001927d0 00000044 t kanji_load_kanji_07cf8
00192814 00000040 t kanji_load_kanji_07cf6
00192854 00000040 t kanji_load_kanji_07cf4
00192894 00000040 t kanji_load_kanji_07cf2
001928d4 00000040 t kanji_load_kanji_07cef
00192914 00000040 t kanji_load_kanji_07ce7
00192954 00000040 t kanji_load_kanji_07ce0
00192994 00000040 t kanji_load_kanji_07cdf
001929d4 00000040 t kanji_load_kanji_07cde
00192a14 00000040 t kanji_load_kanji_07cdc
00192a54 00000040 t kanji_load_kanji_07cd6
00192a94 00000040 t kanji_load_kanji_07cd2
00192ad4 00000040 t kanji_load_kanji_07cce
00192b14 00000040 t kanji_load_kanji_07cca
00192b54 00000040 t kanji_load_kanji_07cc5
00192b94 00000040 t kanji_load_kanji_07cc2
00192bd4 00000040 t kanji_load_kanji_07cc0
00192c14 00000040 t kanji_load_kanji_07cbe
00192c54 00000040 t kanji_load_kanji_07cbd
00192c94 00000040 t kanji_load_kanji_07cb9
00192cd4 00000040 t kanji_load_kanji_07cb3
00192d14 00000040 t kanji_load_kanji_07cb2
00192d54 00000040 t kanji_load_kanji_07cb1
00192d94 00000040 t kanji_load_kanji_07ca8
00192dd4 00000040 t kanji_load_kanji_07ca7
00192e14 00000040 t kanji_load_kanji_07ca5
00192e54 00000040 t kanji_load_kanji_07ca4
00192e94 00000040 t kanji_load_kanji_07ca2
00192ed4 00000040 t kanji_load_kanji_07c9f
00192f14 00000040 t kanji_load_kanji_07c9b
00192f54 00000040 t kanji_load_kanji_07c98
00192f94 00000040 t kanji_load_kanji_07c97
00192fd4 00000040 t kanji_load_kanji_07c95
00193014 00000040 t kanji_load_kanji_07c92
00193054 00000040 t kanji_load_kanji_07c8d
00193094 00000040 t kanji_load_kanji_07c8b
001930d4 00000040 t kanji_load_kanji_07c89
00193114 00000040 t kanji_load_kanji_07c82
00193154 00000040 t kanji_load_kanji_07c81
00193194 00000040 t kanji_load_kanji_07c7e
001931d4 00000044 t kanji_load_kanji_07c75
00193218 00000044 t kanji_load_kanji_07c73
0019325c 00000040 t kanji_load_kanji_07c6c
0019329c 00000040 t kanji_load_kanji_07c65
001932dc 00000040 t kanji_load_kanji_07c64
0019331c 00000040 t kanji_load_kanji_07c60
0019335c 00000040 t kanji_load_kanji_07c5f
0019339c 00000040 t kanji_load_kanji_07c54
001933dc 00000040 t kanji_load_kanji_07c4d
0019341c 00000040 t kanji_load_kanji_07c4c
0019345c 00000040 t kanji_load_kanji_07c43
0019349c 00000040 t kanji_load_kanji_07c3f
001934dc 00000040 t kanji_load_kanji_07c3e
0019351c 00000040 t kanji_load_kanji_07c3d
0019355c 00000040 t kanji_load_kanji_07c38
0019359c 00000040 t kanji_load_kanji_07c37
001935dc 00000040 t kanji_load_kanji_07c2b
0019361c 00000040 t kanji_load_kanji_07c27
0019365c 00000040 t kanji_load_kanji_07c23
0019369c 00000040 t kanji_load_kanji_07c21
001936dc 00000040 t kanji_load_kanji_07c1e
0019371c 00000040 t kanji_load_kanji_07c17
0019375c 00000040 t kanji_load_kanji_07c13
0019379c 00000040 t kanji_load_kanji_07c11
001937dc 00000040 t kanji_load_kanji_07c0d
0019381c 00000040 t kanji_load_kanji_07c07
0019385c 00000040 t kanji_load_kanji_07c00
0019389c 00000040 t kanji_load_kanji_07bf7
001938dc 00000040 t kanji_load_kanji_07be9
0019391c 00000040 t kanji_load_kanji_07be6
0019395c 00000040 t kanji_load_kanji_07be5
0019399c 00000040 t kanji_load_kanji_07be4
001939dc 00000040 t kanji_load_kanji_07be0
00193a1c 00000040 t kanji_load_kanji_07bdd
00193a5c 00000040 t kanji_load_kanji_07bcc
00193a9c 00000040 t kanji_load_kanji_07bcb
00193adc 00000040 t kanji_load_kanji_07bc9
00193b1c 00000040 t kanji_load_kanji_07bc7
00193b5c 00000040 t kanji_load_kanji_07bc6
00193b9c 00000040 t kanji_load_kanji_07bc4
00193bdc 00000040 t kanji_load_kanji_07bc1
00193c1c 00000040 t kanji_load_kanji_07bc0
00193c5c 00000040 t kanji_load_kanji_07bb8
00193c9c 00000040 t kanji_load_kanji_07bb4
00193cdc 00000040 t kanji_load_kanji_07bb1
00193d1c 00000040 t kanji_load_kanji_07bad
00193d5c 00000040 t kanji_load_kanji_07ba1
00193d9c 00000040 t kanji_load_kanji_07b9d
00193ddc 00000040 t kanji_load_kanji_07b9c
00193e1c 00000040 t kanji_load_kanji_07b9a
00193e5c 00000040 t kanji_load_kanji_07b98
00193e9c 00000040 t kanji_load_kanji_07b97
00193edc 00000040 t kanji_load_kanji_07b95
00193f1c 00000040 t kanji_load_kanji_07b94
00193f5c 00000040 t kanji_load_kanji_07b92
00193f9c 00000040 t kanji_load_kanji_07b8f
00193fdc 00000040 t kanji_load_kanji_07b8d
0019401c 00000040 t kanji_load_kanji_07b8b
0019405c 00000040 t kanji_load_kanji_07b87
0019409c 00000040 t kanji_load_kanji_07b75
001940dc 00000040 t kanji_load_kanji_07b74
0019411c 00000040 t kanji_load_kanji_07b71
0019415c 00000040 t kanji_load_kanji_07b70
0019419c 00000040 t kanji_load_kanji_07b6e
001941dc 00000040 t kanji_load_kanji_07b67
0019421c 00000040 t kanji_load_kanji_07b65
0019425c 00000040 t kanji_load_kanji_07b56
0019429c 00000040 t kanji_load_kanji_07b54
001942dc 00000040 t kanji_load_kanji_07b52
0019431c 00000040 t kanji_load_kanji_07b51
0019435c 00000040 t kanji_load_kanji_07b50
0019439c 00000040 t kanji_load_kanji_07b4f
001943dc 00000040 t kanji_load_kanji_07b4d
0019441c 00000040 t kanji_load_kanji_07b4c
0019445c 00000040 t kanji_load_kanji_07b4b
0019449c 00000040 t kanji_load_kanji_07b49
001944dc 00000040 t kanji_load_kanji_07b48
0019451c 00000040 t kanji_load_kanji_07b46
0019455c 00000040 t kanji_load_kanji_07b45
0019459c 00000040 t kanji_load_kanji_07b39
001945dc 00000040 t kanji_load_kanji_07b35
0019461c 00000040 t kanji_load_kanji_07b33
0019465c 00000040 t kanji_load_kanji_07b2c
0019469c 00000040 t kanji_load_kanji_07b28
001946dc 00000040 t kanji_load_kanji_07b26
0019471c 00000040 t kanji_load_kanji_07b25
0019475c 00000040 t kanji_load_kanji_07b20
0019479c 00000040 t kanji_load_kanji_07b1e
001947dc 00000040 t kanji_load_kanji_07b1b
0019481c 00000040 t kanji_load_kanji_07b19
0019485c 00000040 t kanji_load_kanji_07b18
0019489c 00000040 t kanji_load_kanji_07b11
001948dc 00000040 t kanji_load_kanji_07b0f
0019491c 00000040 t kanji_load_kanji_07b0a
0019495c 00000040 t kanji_load_kanji_07b08
0019499c 00000040 t kanji_load_kanji_07b06
001949dc 00000040 t kanji_load_kanji_07aff
00194a1c 00000044 t kanji_load_kanji_07afa
00194a60 00000044 t kanji_load_kanji_07af9
00194aa4 00000040 t kanji_load_kanji_07af6
00194ae4 00000040 t kanji_load_kanji_07af0
00194b24 00000040 t kanji_load_kanji_07aef
00194b64 00000040 t kanji_load_kanji_07aed
00194ba4 00000040 t kanji_load_kanji_07aea
00194be4 00000040 t kanji_load_kanji_07ae6
00194c24 00000040 t kanji_load_kanji_07ae5
00194c64 00000040 t kanji_load_kanji_07ae3
00194ca4 00000040 t kanji_load_kanji_07ae2
00194ce4 00000040 t kanji_load_kanji_07ae1
00194d24 00000040 t kanji_load_kanji_07ae0
00194d64 00000040 t kanji_load_kanji_07adf
00194da4 00000040 t kanji_load_kanji_07add
00194de4 00000040 t kanji_load_kanji_07adc
00194e24 00000040 t kanji_load_kanji_07ada
00194e64 00000040 t kanji_load_kanji_07ad9
00194ea4 00000040 t kanji_load_kanji_07ad5
00194ee4 00000040 t kanji_load_kanji_07ad3
00194f24 00000044 t kanji_load_kanji_07acf
00194f68 00000044 t kanji_load_kanji_07acd
00194fac 00000044 t kanji_load_kanji_07acb
00194ff0 00000040 t kanji_load_kanji_07aca
00195030 00000040 t kanji_load_kanji_07ac8
00195070 00000040 t kanji_load_kanji_07ac5
001950b0 00000040 t kanji_load_kanji_07ac4
001950f0 00000040 t kanji_load_kanji_07abf
00195130 00000040 t kanji_load_kanji_07aba
00195170 00000040 t kanji_load_kanji_07ab6
001951b0 00000040 t kanji_load_kanji_07aaf
001951f0 00000040 t kanji_load_kanji_07aae
00195230 00000040 t kanji_load_kanji_07aaa
00195270 00000040 t kanji_load_kanji_07aa9
001952b0 00000040 t kanji_load_kanji_07a9f
001952f0 00000040 t kanji_load_kanji_07a98
00195330 00000040 t kanji_load_kanji_07a97
00195370 00000040 t kanji_load_kanji_07a96
001953b0 00000040 t kanji_load_kanji_07a95
001953f0 00000040 t kanji_load_kanji_07a93
00195430 00000040 t kanji_load_kanji_07a92
00195470 00000040 t kanji_load_kanji_07a88
001954b0 00000040 t kanji_load_kanji_07a84
001954f0 00000040 t kanji_load_kanji_07a83
00195530 00000044 t kanji_load_kanji_07a81
00195574 00000040 t kanji_load_kanji_07a7f
001955b4 00000040 t kanji_load_kanji_07a7d
001955f4 00000044 t kanji_load_kanji_07a7a
00195638 00000044 t kanji_load_kanji_07a79
0019567c 00000044 t kanji_load_kanji_07a76
001956c0 00000044 t kanji_load_kanji_07a74
00195704 00000040 t kanji_load_kanji_07a70
00195744 00000040 t kanji_load_kanji_07a6b
00195784 00000040 t kanji_load_kanji_07a69
001957c4 00000040 t kanji_load_kanji_07a63
00195804 00000040 t kanji_load_kanji_07a62
00195844 00000040 t kanji_load_kanji_07a61
00195884 00000040 t kanji_load_kanji_07a57
001958c4 00000040 t kanji_load_kanji_07a4f
00195904 00000040 t kanji_load_kanji_07a4e
00195944 00000040 t kanji_load_kanji_07a4d
00195984 00000040 t kanji_load_kanji_07a46
001959c4 00000040 t kanji_load_kanji_07a42
00195a04 00000040 t kanji_load_kanji_07a40
00195a44 00000040 t kanji_load_kanji_07a3f
00195a84 00000040 t kanji_load_kanji_07a3d
00195ac4 00000040 t kanji_load_kanji_07a3c
00195b04 00000040 t kanji_load_kanji_07a3b
00195b44 00000040 t kanji_load_kanji_07a37
00195b84 00000040 t kanji_load_kanji_07a32
00195bc4 00000040 t kanji_load_kanji_07a2e
00195c04 00000040 t kanji_load_kanji_07a20
00195c44 00000040 t kanji_load_kanji_07a1f
00195c84 00000040 t kanji_load_kanji_07a1c
00195cc4 00000040 t kanji_load_kanji_07a1a
00195d04 00000040 t kanji_load_kanji_07a17
00195d44 00000040 t kanji_load_kanji_07a14
00195d84 00000040 t kanji_load_kanji_07a0e
00195dc4 00000040 t kanji_load_kanji_07a0d
00195e04 00000040 t kanji_load_kanji_07a0b
00195e44 00000040 t kanji_load_kanji_07a08
00195e84 00000040 t kanji_load_kanji_07a00
00195ec4 00000040 t kanji_load_kanji_079fb
00195f04 00000040 t kanji_load_kanji_079f0
00195f44 00000040 t kanji_load_kanji_079ec
00195f84 00000040 t kanji_load_kanji_079e9
00195fc4 00000040 t kanji_load_kanji_079e7
00196004 00000040 t kanji_load_kanji_079e6
00196044 00000040 t kanji_load_kanji_079e4
00196084 00000040 t kanji_load_kanji_079e3
001960c4 00000040 t kanji_load_kanji_079df
00196104 00000040 t kanji_load_kanji_079d8
00196144 00000040 t kanji_load_kanji_079d5
00196184 00000040 t kanji_load_kanji_079d2
001961c4 00000040 t kanji_load_kanji_079d1
00196204 00000040 t kanji_load_kanji_079cb
00196244 00000044 t kanji_load_kanji_079c9
00196288 00000044 t kanji_load_kanji_079c1
001962cc 00000044 t kanji_load_kanji_079c0
00196310 00000044 t kanji_load_kanji_079bf
00196354 00000044 t kanji_load_kanji_079be
00196398 00000040 t kanji_load_kanji_079bd
001963d8 00000040 t kanji_load_kanji_079ba
00196418 00000040 t kanji_load_kanji_079b9
00196458 00000040 t kanji_load_kanji_079b3
00196498 00000040 t kanji_load_kanji_079b1
001964d8 00000040 t kanji_load_kanji_079b0
00196518 00000040 t kanji_load_kanji_079ae
00196558 00000040 t kanji_load_kanji_079aa
00196598 00000040 t kanji_load_kanji_079a7
001965d8 00000040 t kanji_load_kanji_079a6
00196618 00000040 t kanji_load_kanji_0799d
00196658 00000040 t kanji_load_kanji_0798f
00196698 00000040 t kanji_load_kanji_0798e
001966d8 00000040 t kanji_load_kanji_0798d
00196718 00000040 t kanji_load_kanji_0798a
00196758 00000040 t kanji_load_kanji_07985
00196798 00000040 t kanji_load_kanji_07984
001967d8 00000040 t kanji_load_kanji_07981
00196818 00000040 t kanji_load_kanji_0797f
00196858 00000040 t kanji_load_kanji_0797a
00196898 00000040 t kanji_load_kanji_0796d
001968d8 00000040 t kanji_load_kanji_07968
00196918 00000040 t kanji_load_kanji_07965
00196958 00000040 t kanji_load_kanji_07960
00196998 00000040 t kanji_load_kanji_0795f
001969d8 00000040 t kanji_load_kanji_0795e
00196a18 00000040 t kanji_load_kanji_0795d
00196a58 00000040 t kanji_load_kanji_0795a
00196a98 00000040 t kanji_load_kanji_07957
00196ad8 00000040 t kanji_load_kanji_07956
00196b18 00000040 t kanji_load_kanji_07955
00196b58 00000040 t kanji_load_kanji_07953
00196b98 00000040 t kanji_load_kanji_07950
00196bd8 00000044 t kanji_load_kanji_07949
00196c1c 00000044 t kanji_load_kanji_07948
00196c60 00000040 t kanji_load_kanji_07947
00196ca0 00000044 t kanji_load_kanji_07941
00196ce4 00000044 t kanji_load_kanji_07940
00196d28 00000044 t kanji_load_kanji_0793e
00196d6c 00000044 t kanji_load_kanji_0793c
00196db0 00000044 t kanji_load_kanji_0793a
00196df4 00000040 t kanji_load_kanji_0792c
00196e34 00000040 t kanji_load_kanji_0792b
00196e74 00000040 t kanji_load_kanji_0792a
00196eb4 00000040 t kanji_load_kanji_07926
00196ef4 00000040 t kanji_load_kanji_07919
00196f34 00000040 t kanji_load_kanji_07912
00196f74 00000040 t kanji_load_kanji_07911
00196fb4 00000040 t kanji_load_kanji_0790e
00196ff4 00000040 t kanji_load_kanji_07901
00197034 00000040 t kanji_load_kanji_078fd
00197074 00000040 t kanji_load_kanji_078f4
001970b4 00000040 t kanji_load_kanji_078ef
001970f4 00000040 t kanji_load_kanji_078ec
00197134 00000040 t kanji_load_kanji_078e8
00197174 00000040 t kanji_load_kanji_078e7
001971b4 00000040 t kanji_load_kanji_078da
001971f4 00000040 t kanji_load_kanji_078d1
00197234 00000040 t kanji_load_kanji_078d0
00197274 00000040 t kanji_load_kanji_078cb
001972b4 00000040 t kanji_load_kanji_078ca
001972f4 00000040 t kanji_load_kanji_078c5
00197334 00000040 t kanji_load_kanji_078c1
00197374 00000040 t kanji_load_kanji_078be
001973b4 00000040 t kanji_load_kanji_078bc
001973f4 00000040 t kanji_load_kanji_078ba
00197434 00000040 t kanji_load_kanji_078aa
00197474 00000040 t kanji_load_kanji_078a9
001974b4 00000040 t kanji_load_kanji_078a7
001974f4 00000040 t kanji_load_kanji_078a3
00197534 00000040 t kanji_load_kanji_0789a
00197574 00000040 t kanji_load_kanji_07897
001975b4 00000040 t kanji_load_kanji_07893
001975f4 00000040 t kanji_load_kanji_07891
00197634 00000040 t kanji_load_kanji_0788e
00197674 00000040 t kanji_load_kanji_0788d
001976b4 00000040 t kanji_load_kanji_0788c
001976f4 00000040 t kanji_load_kanji_07887
00197734 00000040 t kanji_load_kanji_07881
00197774 00000040 t kanji_load_kanji_07872
001977b4 00000040 t kanji_load_kanji_0786f
001977f4 00000040 t kanji_load_kanji_0786c
00197834 00000040 t kanji_load_kanji_0786b
00197874 00000040 t kanji_load_kanji_0785d
001978b4 00000040 t kanji_load_kanji_07845
001978f4 00000040 t kanji_load_kanji_07834
00197934 00000040 t kanji_load_kanji_07832
00197974 00000040 t kanji_load_kanji_07827
001979b4 00000040 t kanji_load_kanji_07826
001979f4 00000040 t kanji_load_kanji_07825
00197a34 00000040 t kanji_load_kanji_07820
00197a74 00000040 t kanji_load_kanji_07815
00197ab4 00000040 t kanji_load_kanji_07814
00197af4 00000040 t kanji_load_kanji_07812
00197b34 00000040 t kanji_load_kanji_0780c
00197b74 00000040 t kanji_load_kanji_07802
00197bb4 00000044 t kanji_load_kanji_077fc
00197bf8 00000044 t kanji_load_kanji_077f3
00197c3c 00000040 t kanji_load_kanji_077ef
00197c7c 00000040 t kanji_load_kanji_077ee
00197cbc 00000040 t kanji_load_kanji_077ed
00197cfc 00000040 t kanji_load_kanji_077e9
00197d3c 00000040 t kanji_load_kanji_077e7
00197d7c 00000044 t kanji_load_kanji_077e5
00197dc0 00000044 t kanji_load_kanji_077e3
00197e04 00000044 t kanji_load_kanji_077e2
00197e48 00000040 t kanji_load_kanji_077dc
00197e88 00000044 t kanji_load_kanji_077db
00197ecc 00000040 t kanji_load_kanji_077da
00197f0c 00000040 t kanji_load_kanji_077cd
00197f4c 00000040 t kanji_load_kanji_077c7
00197f8c 00000040 t kanji_load_kanji_077bf
00197fcc 00000040 t kanji_load_kanji_077bd
0019800c 00000040 t kanji_load_kanji_077bc
0019804c 00000040 t kanji_load_kanji_077bb
0019808c 00000040 t kanji_load_kanji_077b3
001980cc 00000040 t kanji_load_kanji_077b0
0019810c 00000040 t kanji_load_kanji_077ad
0019814c 00000040 t kanji_load_kanji_077ac
0019818c 00000040 t kanji_load_kanji_077a5
001981cc 00000040 t kanji_load_kanji_077a0
0019820c 00000040 t kanji_load_kanji_0779e
0019824c 00000040 t kanji_load_kanji_07791
0019828c 00000040 t kanji_load_kanji_0778e
001982cc 00000040 t kanji_load_kanji_0778b
0019830c 00000040 t kanji_load_kanji_0777e
0019834c 00000040 t kanji_load_kanji_07779
0019838c 00000040 t kanji_load_kanji_0776b
001983cc 00000040 t kanji_load_kanji_07768
0019840c 00000040 t kanji_load_kanji_07766
0019844c 00000040 t kanji_load_kanji_07765
0019848c 00000040 t kanji_load_kanji_07763
001984cc 00000040 t kanji_load_kanji_07761
0019850c 00000040 t kanji_load_kanji_0775b
0019854c 00000040 t kanji_load_kanji_0775a
0019858c 00000040 t kanji_load_kanji_07747
001985cc 00000040 t kanji_load_kanji_07740
0019860c 00000040 t kanji_load_kanji_0773c
0019864c 00000040 t kanji_load_kanji_0773a
0019868c 00000040 t kanji_load_kanji_07738
001986cc 00000040 t kanji_load_kanji_07737
0019870c 00000040 t kanji_load_kanji_07729
0019874c 00000040 t kanji_load_kanji_07725
0019878c 00000040 t kanji_load_kanji_07720
001987cc 00000040 t kanji_load_kanji_0771f
0019880c 00000040 t kanji_load_kanji_0771e
0019884c 00000040 t kanji_load_kanji_0771b
0019888c 00000040 t kanji_load_kanji_0770c
001988cc 00000040 t kanji_load_kanji_0770b
0019890c 00000040 t kanji_load_kanji_07709
0019894c 00000040 t kanji_load_kanji_07708
0019898c 00000040 t kanji_load_kanji_07707
001989cc 00000040 t kanji_load_kanji_07704
00198a0c 00000040 t kanji_load_kanji_07701
00198a4c 00000040 t kanji_load_kanji_076fe
00198a8c 00000040 t kanji_load_kanji_076fb
00198acc 00000040 t kanji_load_kanji_076f8
00198b0c 00000044 t kanji_load_kanji_076f4
00198b50 00000044 t kanji_load_kanji_076f2
00198b94 00000044 t kanji_load_kanji_076ee
00198bd8 00000040 t kanji_load_kanji_076ea
00198c18 00000040 t kanji_load_kanji_076e7
00198c58 00000040 t kanji_load_kanji_076e5
00198c98 00000040 t kanji_load_kanji_076e4
00198cd8 00000040 t kanji_load_kanji_076e3
00198d18 00000040 t kanji_load_kanji_076e1
00198d58 00000040 t kanji_load_kanji_076df
00198d98 00000040 t kanji_load_kanji_076de
00198dd8 00000040 t kanji_load_kanji_076dc
00198e18 00000040 t kanji_load_kanji_076db
00198e58 00000040 t kanji_load_kanji_076d7
00198e98 00000040 t kanji_load_kanji_076d2
00198ed8 00000040 t kanji_load_kanji_076cd
00198f18 00000040 t kanji_load_kanji_076ca
00198f58 00000040 t kanji_load_kanji_076c8
00198f98 00000040 t kanji_load_kanji_076c6
00198fd8 00000040 t kanji_load_kanji_076c3
00199018 00000044 t kanji_load_kanji_076c2
0019905c 00000044 t kanji_load_kanji_076bf
001990a0 00000040 t kanji_load_kanji_076ba
001990e0 00000040 t kanji_load_kanji_076b9
00199120 00000040 t kanji_load_kanji_076b4
00199160 00000040 t kanji_load_kanji_076b0
001991a0 00000044 t kanji_load_kanji_076ae
001991e4 00000040 t kanji_load_kanji_0769a
00199224 00000040 t kanji_load_kanji_07699
00199264 00000040 t kanji_load_kanji_07696
001992a4 00000040 t kanji_load_kanji_07693
001992e4 00000040 t kanji_load_kanji_07690
00199324 00000040 t kanji_load_kanji_0768e
00199364 00000040 t kanji_load_kanji_07687
001993a4 00000040 t kanji_load_kanji_07686
001993e4 00000044 t kanji_load_kanji_07684
00199428 00000044 t kanji_load_kanji_0767e
0019946c 00000044 t kanji_load_kanji_0767d
001994b0 00000040 t kanji_load_kanji_0767c
001994f0 00000040 t kanji_load_kanji_0767b
00199530 00000040 t kanji_load_kanji_0767a
00199570 00000040 t kanji_load_kanji_07678
001995b0 00000040 t kanji_load_kanji_07672
001995f0 00000040 t kanji_load_kanji_07670
00199630 00000040 t kanji_load_kanji_0766c
00199670 00000040 t kanji_load_kanji_0766a
001996b0 00000040 t kanji_load_kanji_07669
001996f0 00000040 t kanji_load_kanji_07668
00199730 00000040 t kanji_load_kanji_07667
00199770 00000040 t kanji_load_kanji_07662
001997b0 00000040 t kanji_load_kanji_07661
001997f0 00000040 t kanji_load_kanji_0765c
00199830 00000040 t kanji_load_kanji_07658
00199870 00000040 t kanji_load_kanji_07656
001998b0 00000040 t kanji_load_kanji_07652
001998f0 00000040 t kanji_load_kanji_0764c
00199930 00000040 t kanji_load_kanji_07648
00199970 00000040 t kanji_load_kanji_07647
001999b0 00000040 t kanji_load_kanji_07646
001999f0 00000040 t kanji_load_kanji_07642
00199a30 00000040 t kanji_load_kanji_0763b
00199a70 00000040 t kanji_load_kanji_07634
00199ab0 00000040 t kanji_load_kanji_07630
00199af0 00000040 t kanji_load_kanji_07627
00199b30 00000040 t kanji_load_kanji_07624
00199b70 00000040 t kanji_load_kanji_07622
00199bb0 00000040 t kanji_load_kanji_07621
00199bf0 00000040 t kanji_load_kanji_07620
00199c30 00000040 t kanji_load_kanji_0761f
00199c70 00000040 t kanji_load_kanji_0760d
00199cb0 00000040 t kanji_load_kanji_0760b
00199cf0 00000040 t kanji_load_kanji_07609
00199d30 00000040 t kanji_load_kanji_07601
00199d70 00000040 t kanji_load_kanji_075ff
00199db0 00000040 t kanji_load_kanji_075fe
00199df0 00000040 t kanji_load_kanji_075fc
00199e30 00000040 t kanji_load_kanji_075fa
00199e70 00000040 t kanji_load_kanji_075f4
00199eb0 00000040 t kanji_load_kanji_075f3
00199ef0 00000040 t kanji_load_kanji_075f2
00199f30 00000040 t kanji_load_kanji_075f0
00199f70 00000040 t kanji_load_kanji_075e9
00199fb0 00000040 t kanji_load_kanji_075e3
00199ff0 00000040 t kanji_load_kanji_075e2
0019a030 00000040 t kanji_load_kanji_075de
0019a070 00000040 t kanji_load_kanji_075db
0019a0b0 00000040 t kanji_load_kanji_075d9
0019a0f0 00000040 t kanji_load_kanji_075d8
0019a130 00000040 t kanji_load_kanji_075d5
0019a170 00000040 t kanji_load_kanji_075d4
0019a1b0 00000040 t kanji_load_kanji_075d2
0019a1f0 00000040 t kanji_load_kanji_075cd
0019a230 00000040 t kanji_load_kanji_075ca
0019a270 00000040 t kanji_load_kanji_075c7
0019a2b0 00000040 t kanji_load_kanji_075c5
0019a2f0 00000040 t kanji_load_kanji_075c3
0019a330 00000040 t kanji_load_kanji_075c2
0019a370 00000040 t kanji_load_kanji_075be
0019a3b0 00000040 t kanji_load_kanji_075bd
0019a3f0 00000040 t kanji_load_kanji_075bc
0019a430 00000040 t kanji_load_kanji_075b9
0019a470 00000040 t kanji_load_kanji_075b8
0019a4b0 00000040 t kanji_load_kanji_075b5
0019a4f0 00000040 t kanji_load_kanji_075b3
0019a530 00000040 t kanji_load_kanji_075b2
0019a570 00000040 t kanji_load_kanji_075b1
0019a5b0 00000040 t kanji_load_kanji_075ab
0019a5f0 00000040 t kanji_load_kanji_075a5
0019a630 00000040 t kanji_load_kanji_075a3
0019a670 00000044 t kanji_load_kanji_0759d
0019a6b4 00000044 t kanji_load_kanji_0759a
0019a6f8 00000044 t kanji_load_kanji_07594
0019a73c 00000040 t kanji_load_kanji_07591
0019a77c 00000040 t kanji_load_kanji_0758f
0019a7bc 00000040 t kanji_load_kanji_0758e
0019a7fc 00000044 t kanji_load_kanji_0758b
0019a840 00000040 t kanji_load_kanji_0758a
0019a880 00000040 t kanji_load_kanji_07587
0019a8c0 00000040 t kanji_load_kanji_07586
0019a900 00000040 t kanji_load_kanji_0757f
0019a940 00000040 t kanji_load_kanji_07578
0019a980 00000040 t kanji_load_kanji_07577
0019a9c0 00000040 t kanji_load_kanji_07576
0019aa00 00000040 t kanji_load_kanji_07573
0019aa40 00000040 t kanji_load_kanji_07570
0019aa80 00000040 t kanji_load_kanji_0756b
0019aac0 00000040 t kanji_load_kanji_0756a
0019ab00 00000040 t kanji_load_kanji_07566
0019ab40 00000040 t kanji_load_kanji_07565
0019ab80 00000040 t kanji_load_kanji_07564
0019abc0 00000040 t kanji_load_kanji_07562
0019ac00 00000040 t kanji_load_kanji_07560
0019ac40 00000040 t kanji_load_kanji_0755d
0019ac80 00000040 t kanji_load_kanji_0755c
0019acc0 00000040 t kanji_load_kanji_0755b
0019ad00 00000040 t kanji_load_kanji_0755a
0019ad40 00000040 t kanji_load_kanji_07559
0019ad80 00000040 t kanji_load_kanji_07554
0019adc0 00000040 t kanji_load_kanji_07551
0019ae00 00000040 t kanji_load_kanji_0754f
0019ae40 00000040 t kanji_load_kanji_0754c
0019ae80 00000040 t kanji_load_kanji_0754b
0019aec0 00000044 t kanji_load_kanji_0753b
0019af04 00000044 t kanji_load_kanji_0753a
0019af48 00000044 t kanji_load_kanji_07538
0019af8c 00000044 t kanji_load_kanji_07537
0019afd0 00000044 t kanji_load_kanji_07533
0019b014 00000044 t kanji_load_kanji_07532
0019b058 00000044 t kanji_load_kanji_07531
0019b09c 00000044 t kanji_load_kanji_07530
0019b0e0 00000044 t kanji_load_kanji_0752b
0019b124 00000044 t kanji_load_kanji_07528
0019b168 00000040 t kanji_load_kanji_07526
0019b1a8 00000040 t kanji_load_kanji_07525
0019b1e8 00000040 t kanji_load_kanji_07523
0019b228 00000044 t kanji_load_kanji_0751f
0019b26c 00000040 t kanji_load_kanji_0751c
0019b2ac 00000040 t kanji_load_kanji_0751a
0019b2ec 00000044 t kanji_load_kanji_07518
0019b330 00000040 t kanji_load_kanji_07515
0019b370 00000040 t kanji_load_kanji_07513
0019b3b0 00000040 t kanji_load_kanji_07511
0019b3f0 00000040 t kanji_load_kanji_0750e
0019b430 00000040 t kanji_load_kanji_0750d
0019b470 00000040 t kanji_load_kanji_0750c
0019b4b0 00000040 t kanji_load_kanji_07505
0019b4f0 00000040 t kanji_load_kanji_07503
0019b530 00000040 t kanji_load_kanji_074f8
0019b570 00000040 t kanji_load_kanji_074f7
0019b5b0 00000040 t kanji_load_kanji_074f6
0019b5f0 00000040 t kanji_load_kanji_074f2
0019b630 00000040 t kanji_load_kanji_074f1
0019b670 00000040 t kanji_load_kanji_074f0
0019b6b0 00000040 t kanji_load_kanji_074ee
0019b6f0 00000044 t kanji_load_kanji_074e9
0019b734 00000044 t kanji_load_kanji_074e7
0019b778 00000044 t kanji_load_kanji_074e6
0019b7bc 00000040 t kanji_load_kanji_074e2
0019b7fc 00000044 t kanji_load_kanji_074dc
0019b840 00000040 t kanji_load_kanji_074d4
0019b880 00000040 t kanji_load_kanji_074cf
0019b8c0 00000040 t kanji_load_kanji_074bd
0019b900 00000040 t kanji_load_kanji_074b0
0019b940 00000040 t kanji_load_kanji_074a7
0019b980 00000040 t kanji_load_kanji_0749e
0019b9c0 00000040 t kanji_load_kanji_0748b
0019ba00 00000040 t kanji_load_kanji_07483
0019ba40 00000040 t kanji_load_kanji_0747e
0019ba80 00000040 t kanji_load_kanji_07476
0019bac0 00000040 t kanji_load_kanji_07473
0019bb00 00000040 t kanji_load_kanji_07470
0019bb40 00000040 t kanji_load_kanji_0746a
0019bb80 00000040 t kanji_load_kanji_07469
0019bbc0 00000040 t kanji_load_kanji_07464
0019bc00 00000040 t kanji_load_kanji_07463
0019bc40 00000040 t kanji_load_kanji_07460
0019bc80 00000040 t kanji_load_kanji_0745f
0019bcc0 00000040 t kanji_load_kanji_0745e
0019bd00 00000040 t kanji_load_kanji_0745c
0019bd40 00000040 t kanji_load_kanji_0745b
0019bd80 00000040 t kanji_load_kanji_0745a
0019bdc0 00000040 t kanji_load_kanji_07459
0019be00 00000040 t kanji_load_kanji_07455
0019be40 00000040 t kanji_load_kanji_07441
0019be80 00000040 t kanji_load_kanji_0743a
0019bec0 00000040 t kanji_load_kanji_07436
0019bf00 00000040 t kanji_load_kanji_07435
0019bf40 00000040 t kanji_load_kanji_07434
0019bf80 00000040 t kanji_load_kanji_07433
0019bfc0 00000040 t kanji_load_kanji_07432
0019c000 00000040 t kanji_load_kanji_07425
0019c040 00000040 t kanji_load_kanji_07422
0019c080 00000040 t kanji_load_kanji_07409
0019c0c0 00000040 t kanji_load_kanji_07406
0019c100 00000040 t kanji_load_kanji_07405
0019c140 00000040 t kanji_load_kanji_07403
0019c180 00000040 t kanji_load_kanji_073fe
0019c1c0 00000040 t kanji_load_kanji_073ee
0019c200 00000040 t kanji_load_kanji_073ed
0019c240 00000040 t kanji_load_kanji_073ea
0019c280 00000040 t kanji_load_kanji_073e5
0019c2c0 00000040 t kanji_load_kanji_073e0
0019c300 00000040 t kanji_load_kanji_073de
0019c340 00000040 t kanji_load_kanji_073cd
0019c380 00000040 t kanji_load_kanji_073ca
0019c3c0 00000040 t kanji_load_kanji_073c8
0019c400 00000040 t kanji_load_kanji_073c2
0019c440 00000040 t kanji_load_kanji_073c0
0019c480 00000040 t kanji_load_kanji_073bb
0019c4c0 00000040 t kanji_load_kanji_073b2
0019c500 00000044 t kanji_load_kanji_073a9
0019c544 00000044 t kanji_load_kanji_07396
0019c588 00000044 t kanji_load_kanji_0738b
0019c5cc 00000044 t kanji_load_kanji_07389
0019c610 00000040 t kanji_load_kanji_07387
0019c650 00000044 t kanji_load_kanji_07384
0019c694 00000040 t kanji_load_kanji_0737b
0019c6d4 00000040 t kanji_load_kanji_0737a
0019c714 00000040 t kanji_load_kanji_07378
0019c754 00000040 t kanji_load_kanji_07375
0019c794 00000040 t kanji_load_kanji_07372
0019c7d4 00000040 t kanji_load_kanji_07370
0019c814 00000040 t kanji_load_kanji_0736a
0019c854 00000040 t kanji_load_kanji_07368
0019c894 00000040 t kanji_load_kanji_07363
0019c8d4 00000040 t kanji_load_kanji_07357
0019c914 00000040 t kanji_load_kanji_0734f
0019c954 00000040 t kanji_load_kanji_07345
0019c994 00000040 t kanji_load_kanji_07344
0019c9d4 00000040 t kanji_load_kanji_0733f
0019ca14 00000040 t kanji_load_kanji_0733e
0019ca54 00000040 t kanji_load_kanji_07337
0019ca94 00000040 t kanji_load_kanji_07336
0019cad4 00000040 t kanji_load_kanji_07334
0019cb14 00000040 t kanji_load_kanji_0732f
0019cb54 00000040 t kanji_load_kanji_0732e
0019cb94 00000040 t kanji_load_kanji_0732b
0019cbd4 00000040 t kanji_load_kanji_0732a
0019cc14 00000040 t kanji_load_kanji_07329
0019cc54 00000040 t kanji_load_kanji_07325
0019cc94 00000040 t kanji_load_kanji_0731f
0019ccd4 00000040 t kanji_load_kanji_0731d
0019cd14 00000040 t kanji_load_kanji_0731c
0019cd54 00000040 t kanji_load_kanji_0731b
0019cd94 00000040 t kanji_load_kanji_07317
0019cdd4 00000040 t kanji_load_kanji_07316
0019ce14 00000040 t kanji_load_kanji_0730a
0019ce54 00000040 t kanji_load_kanji_072fd
0019ce94 00000040 t kanji_load_kanji_072fc
0019ced4 00000040 t kanji_load_kanji_072f9
0019cf14 00000040 t kanji_load_kanji_072f8
0019cf54 00000040 t kanji_load_kanji_072f7
0019cf94 00000040 t kanji_load_kanji_072ed
0019cfd4 00000040 t kanji_load_kanji_072ec
0019d014 00000040 t kanji_load_kanji_072e9
0019d054 00000040 t kanji_load_kanji_072e2
0019d094 00000040 t kanji_load_kanji_072e1
0019d0d4 00000040 t kanji_load_kanji_072e0
0019d114 00000044 t kanji_load_kanji_072db
0019d158 00000044 t kanji_load_kanji_072d9
0019d19c 00000044 t kanji_load_kanji_072d7
0019d1e0 00000044 t kanji_load_kanji_072d2
0019d224 00000040 t kanji_load_kanji_072d0
0019d264 00000044 t kanji_load_kanji_072ce
0019d2a8 00000044 t kanji_load_kanji_072c6
0019d2ec 00000044 t kanji_load_kanji_072c4
0019d330 00000044 t kanji_load_kanji_072c3
0019d374 00000044 t kanji_load_kanji_072c2
0019d3b8 00000044 t kanji_load_kanji_072b6
0019d3fc 00000044 t kanji_load_kanji_072b2
0019d440 00000044 t kanji_load_kanji_072af
0019d484 00000044 t kanji_load_kanji_072ac
0019d4c8 00000040 t kanji_load_kanji_072a7
0019d508 00000040 t kanji_load_kanji_072a2
0019d548 00000040 t kanji_load_kanji_072a0
0019d588 00000040 t kanji_load_kanji_07296
0019d5c8 00000040 t kanji_load_kanji_07292
0019d608 00000040 t kanji_load_kanji_07287
0019d648 00000040 t kanji_load_kanji_07282
0019d688 00000040 t kanji_load_kanji_07280
0019d6c8 00000040 t kanji_load_kanji_0727e
0019d708 00000040 t kanji_load_kanji_0727d
0019d748 00000040 t kanji_load_kanji_07279
0019d788 00000040 t kanji_load_kanji_07274
0019d7c8 00000040 t kanji_load_kanji_07272
0019d808 00000044 t kanji_load_kanji_07269
0019d84c 00000044 t kanji_load_kanji_07267
0019d890 00000044 t kanji_load_kanji_07262
0019d8d4 00000044 t kanji_load_kanji_07261
0019d918 00000044 t kanji_load_kanji_0725f
0019d95c 00000044 t kanji_load_kanji_0725d
0019d9a0 00000044 t kanji_load_kanji_0725b
0019d9e4 00000044 t kanji_load_kanji_07259
0019da28 00000040 t kanji_load_kanji_07258
0019da68 00000040 t kanji_load_kanji_07252
0019daa8 00000040 t kanji_load_kanji_0724c
0019dae8 00000040 t kanji_load_kanji_0724b
0019db28 00000044 t kanji_load_kanji_07248
0019db6c 00000044 t kanji_load_kanji_07247
0019dbb0 00000040 t kanji_load_kanji_07246
0019dbf0 00000044 t kanji_load_kanji_07240
0019dc34 00000040 t kanji_load_kanji_0723e
0019dc74 00000040 t kanji_load_kanji_0723d
0019dcb4 00000040 t kanji_load_kanji_0723a
0019dcf4 00000044 t kanji_load_kanji_07236
0019dd38 00000040 t kanji_load_kanji_07235
0019dd78 00000040 t kanji_load_kanji_07232
0019ddb8 00000040 t kanji_load_kanji_07230
0019ddf8 00000044 t kanji_load_kanji_0722d
0019de3c 00000044 t kanji_load_kanji_0722c
0019de80 00000044 t kanji_load_kanji_0722a
0019dec4 00000040 t kanji_load_kanji_07228
0019df04 00000040 t kanji_load_kanji_0721b
0019df44 00000040 t kanji_load_kanji_07210
0019df84 00000040 t kanji_load_kanji_0720d
0019dfc4 00000040 t kanji_load_kanji_07206
0019e004 00000040 t kanji_load_kanji_071ff
0019e044 00000040 t kanji_load_kanji_071fc
0019e084 00000040 t kanji_load_kanji_071fb
0019e0c4 00000040 t kanji_load_kanji_071f9
0019e104 00000040 t kanji_load_kanji_071f5
0019e144 00000040 t kanji_load_kanji_071ee
0019e184 00000040 t kanji_load_kanji_071ed
0019e1c4 00000040 t kanji_load_kanji_071ec
0019e204 00000040 t kanji_load_kanji_071e7
0019e244 00000040 t kanji_load_kanji_071e6
0019e284 00000040 t kanji_load_kanji_071e5
0019e2c4 00000040 t kanji_load_kanji_071e0
0019e304 00000040 t kanji_load_kanji_071df
0019e344 00000040 t kanji_load_kanji_071d7
0019e384 00000040 t kanji_load_kanji_071d5
0019e3c4 00000040 t kanji_load_kanji_071d4
0019e404 00000040 t kanji_load_kanji_071d2
0019e444 00000040 t kanji_load_kanji_071d0
0019e484 00000040 t kanji_load_kanji_071ce
0019e4c4 00000040 t kanji_load_kanji_071c9
0019e504 00000040 t kanji_load_kanji_071c8
0019e544 00000040 t kanji_load_kanji_071c3
0019e584 00000040 t kanji_load_kanji_071be
0019e5c4 00000040 t kanji_load_kanji_071b9
0019e604 00000040 t kanji_load_kanji_071b1
0019e644 00000040 t kanji_load_kanji_071ac
0019e684 00000040 t kanji_load_kanji_071a8
0019e6c4 00000040 t kanji_load_kanji_0719f
0019e704 00000040 t kanji_load_kanji_07199
0019e744 00000040 t kanji_load_kanji_07195
0019e784 00000040 t kanji_load_kanji_07194
0019e7c4 00000040 t kanji_load_kanji_0718a
0019e804 00000040 t kanji_load_kanji_07184
0019e844 00000040 t kanji_load_kanji_0717d
0019e884 00000040 t kanji_load_kanji_0716e
0019e8c4 00000040 t kanji_load_kanji_0716c
0019e904 00000040 t kanji_load_kanji_07169
0019e944 00000040 t kanji_load_kanji_07167
0019e984 00000040 t kanji_load_kanji_07166
0019e9c4 00000040 t kanji_load_kanji_07165
0019ea04 00000040 t kanji_load_kanji_07164
0019ea44 00000040 t kanji_load_kanji_07159
0019ea84 00000040 t kanji_load_kanji_07156
0019eac4 00000040 t kanji_load_kanji_0714e
0019eb04 00000040 t kanji_load_kanji_0714c
0019eb44 00000040 t kanji_load_kanji_07149
0019eb84 00000040 t kanji_load_kanji_0713c
0019ebc4 00000040 t kanji_load_kanji_07136
0019ec04 00000040 t kanji_load_kanji_07130
0019ec44 00000040 t kanji_load_kanji_07126
0019ec84 00000040 t kanji_load_kanji_07121
0019ecc4 00000040 t kanji_load_kanji_0711c
0019ed04 00000040 t kanji_load_kanji_0711a
0019ed44 00000040 t kanji_load_kanji_07119
0019ed84 00000040 t kanji_load_kanji_07109
0019edc4 00000040 t kanji_load_kanji_070fd
0019ee04 00000040 t kanji_load_kanji_070f9
0019ee44 00000040 t kanji_load_kanji_070dd
0019ee84 00000040 t kanji_load_kanji_070d9
0019eec4 00000040 t kanji_load_kanji_070cf
0019ef04 00000040 t kanji_load_kanji_070cb
0019ef44 00000040 t kanji_load_kanji_070c8
0019ef84 00000040 t kanji_load_kanji_070ba
0019efc4 00000040 t kanji_load_kanji_070b9
0019f004 00000040 t kanji_load_kanji_070b8
0019f044 00000040 t kanji_load_kanji_070af
0019f084 00000040 t kanji_load_kanji_070ae
0019f0c4 00000040 t kanji_load_kanji_070ad
0019f104 00000040 t kanji_load_kanji_070ac
0019f144 00000044 t kanji_load_kanji_07099
0019f188 00000044 t kanji_load_kanji_07092
0019f1cc 00000044 t kanji_load_kanji_0708e
0019f210 00000044 t kanji_load_kanji_0708a
0019f254 00000044 t kanji_load_kanji_07089
0019f298 00000044 t kanji_load_kanji_0707d
0019f2dc 00000044 t kanji_load_kanji_0707c
0019f320 00000044 t kanji_load_kanji_07078
0019f364 00000044 t kanji_load_kanji_07070
0019f3a8 00000044 t kanji_load_kanji_0706f
0019f3ec 00000044 t kanji_load_kanji_0706b
0019f430 00000040 t kanji_load_kanji_07063
0019f470 00000040 t kanji_load_kanji_07058
0019f4b0 00000040 t kanji_load_kanji_07051
0019f4f0 00000040 t kanji_load_kanji_0704c
0019f530 00000040 t kanji_load_kanji_0703e
0019f570 00000040 t kanji_load_kanji_07032
0019f5b0 00000040 t kanji_load_kanji_07030
0019f5f0 00000040 t kanji_load_kanji_0702c
0019f630 00000040 t kanji_load_kanji_07027
0019f670 00000040 t kanji_load_kanji_07026
0019f6b0 00000040 t kanji_load_kanji_0701f
0019f6f0 00000040 t kanji_load_kanji_0701e
0019f730 00000040 t kanji_load_kanji_0701d
0019f770 00000040 t kanji_load_kanji_0701a
0019f7b0 00000040 t kanji_load_kanji_07015
0019f7f0 00000040 t kanji_load_kanji_07011
0019f830 00000040 t kanji_load_kanji_0700f
0019f870 00000040 t kanji_load_kanji_0700b
0019f8b0 00000040 t kanji_load_kanji_07009
0019f8f0 00000040 t kanji_load_kanji_07006
0019f930 00000040 t kanji_load_kanji_07001
0019f970 00000040 t kanji_load_kanji_06ffe
0019f9b0 00000040 t kanji_load_kanji_06ffa
0019f9f0 00000040 t kanji_load_kanji_06ff1
0019fa30 00000040 t kanji_load_kanji_06fef
0019fa70 00000040 t kanji_load_kanji_06fec
0019fab0 00000040 t kanji_load_kanji_06feb
0019faf0 00000040 t kanji_load_kanji_06fe4
0019fb30 00000040 t kanji_load_kanji_06fe1
0019fb70 00000040 t kanji_load_kanji_06fe0
0019fbb0 00000040 t kanji_load_kanji_06fdf
0019fbf0 00000040 t kanji_load_kanji_06fdb
0019fc30 00000040 t kanji_load_kanji_06fd8
0019fc70 00000040 t kanji_load_kanji_06fd5
0019fcb0 00000040 t kanji_load_kanji_06fd4
0019fcf0 00000040 t kanji_load_kanji_06fc3
0019fd30 00000040 t kanji_load_kanji_06fc1
0019fd70 00000040 t kanji_load_kanji_06fc0
0019fdb0 00000040 t kanji_load_kanji_06fb9
0019fdf0 00000040 t kanji_load_kanji_06fb3
0019fe30 00000040 t kanji_load_kanji_06fb1
0019fe70 00000040 t kanji_load_kanji_06faa
0019feb0 00000040 t kanji_load_kanji_06fa4
0019fef0 00000040 t kanji_load_kanji_06fa3
0019ff30 00000040 t kanji_load_kanji_06fa1
0019ff70 00000040 t kanji_load_kanji_06f97
0019ffb0 00000040 t kanji_load_kanji_06f8e
0019fff0 00000040 t kanji_load_kanji_06f86
001a0030 00000040 t kanji_load_kanji_06f84
001a0070 00000040 t kanji_load_kanji_06f81
001a00b0 00000040 t kanji_load_kanji_06f7a
001a00f0 00000040 t kanji_load_kanji_06f78
001a0130 00000040 t kanji_load_kanji_06f70
001a0170 00000040 t kanji_load_kanji_06f6f
001a01b0 00000040 t kanji_load_kanji_06f6e
001a01f0 00000040 t kanji_load_kanji_06f66
001a0230 00000040 t kanji_load_kanji_06f64
001a0270 00000040 t kanji_load_kanji_06f5f
001a02b0 00000040 t kanji_load_kanji_06f5c
001a02f0 00000040 t kanji_load_kanji_06f5b
001a0330 00000040 t kanji_load_kanji_06f58
001a0370 00000040 t kanji_load_kanji_06f54
001a03b0 00000040 t kanji_load_kanji_06f3f
001a03f0 00000040 t kanji_load_kanji_06f3e
001a0430 00000040 t kanji_load_kanji_06f38
001a0470 00000040 t kanji_load_kanji_06f32
001a04b0 00000040 t kanji_load_kanji_06f31
001a04f0 00000040 t kanji_load_kanji_06f2c
001a0530 00000040 t kanji_load_kanji_06f2b
001a0570 00000040 t kanji_load_kanji_06f23
001a05b0 00000040 t kanji_load_kanji_06f22
001a05f0 00000040 t kanji_load_kanji_06f20
001a0630 00000040 t kanji_load_kanji_06f15
001a0670 00000040 t kanji_load_kanji_06f14
001a06b0 00000040 t kanji_load_kanji_06f13
001a06f0 00000040 t kanji_load_kanji_06f11
001a0730 00000040 t kanji_load_kanji_06f0f
001a0770 00000040 t kanji_load_kanji_06f09
001a07b0 00000040 t kanji_load_kanji_06f06
001a07f0 00000040 t kanji_load_kanji_06f02
001a0830 00000040 t kanji_load_kanji_06f01
001a0870 00000040 t kanji_load_kanji_06eff
001a08b0 00000040 t kanji_load_kanji_06efe
001a08f0 00000040 t kanji_load_kanji_06ef8
001a0930 00000040 t kanji_load_kanji_06ef7
001a0970 00000040 t kanji_load_kanji_06ef4
001a09b0 00000040 t kanji_load_kanji_06ef2
001a09f0 00000040 t kanji_load_kanji_06eef
001a0a30 00000040 t kanji_load_kanji_06ede
001a0a70 00000040 t kanji_load_kanji_06edd
001a0ab0 00000040 t kanji_load_kanji_06ed4
001a0af0 00000040 t kanji_load_kanji_06ed3
001a0b30 00000040 t kanji_load_kanji_06ed1
001a0b70 00000040 t kanji_load_kanji_06ecc
001a0bb0 00000040 t kanji_load_kanji_06ecb
001a0bf0 00000040 t kanji_load_kanji_06ec9
001a0c30 00000040 t kanji_load_kanji_06ec5
001a0c70 00000040 t kanji_load_kanji_06ec4
001a0cb0 00000040 t kanji_load_kanji_06ec2
001a0cf0 00000040 t kanji_load_kanji_06ebd
001a0d30 00000040 t kanji_load_kanji_06eba
001a0d70 00000040 t kanji_load_kanji_06eb7
001a0db0 00000040 t kanji_load_kanji_06eb6
001a0df0 00000040 t kanji_load_kanji_06eb2
001a0e30 00000040 t kanji_load_kanji_06eaa
001a0e70 00000040 t kanji_load_kanji_06ea5
001a0eb0 00000040 t kanji_load_kanji_06ea2
001a0ef0 00000040 t kanji_load_kanji_06e9f
001a0f30 00000040 t kanji_load_kanji_06e9d
001a0f70 00000040 t kanji_load_kanji_06e9c
001a0fb0 00000040 t kanji_load_kanji_06e98
001a0ff0 00000040 t kanji_load_kanji_06e96
001a1030 00000040 t kanji_load_kanji_06e90
001a1070 00000040 t kanji_load_kanji_06e8f
001a10b0 00000040 t kanji_load_kanji_06e82
001a10f0 00000040 t kanji_load_kanji_06e80
001a1130 00000040 t kanji_load_kanji_06e7f
001a1170 00000040 t kanji_load_kanji_06e7e
001a11b0 00000040 t kanji_load_kanji_06e72
001a11f0 00000040 t kanji_load_kanji_06e6f
001a1230 00000040 t kanji_load_kanji_06e6b
001a1270 00000040 t kanji_load_kanji_06e67
001a12b0 00000040 t kanji_load_kanji_06e5b
001a12f0 00000040 t kanji_load_kanji_06e58
001a1330 00000040 t kanji_load_kanji_06e56
001a1370 00000040 t kanji_load_kanji_06e4e
001a13b0 00000040 t kanji_load_kanji_06e4d
001a13f0 00000040 t kanji_load_kanji_06e4a
001a1430 00000040 t kanji_load_kanji_06e43
001a1470 00000040 t kanji_load_kanji_06e3e
001a14b0 00000040 t kanji_load_kanji_06e3a
001a14f0 00000040 t kanji_load_kanji_06e38
001a1530 00000040 t kanji_load_kanji_06e2f
001a1570 00000040 t kanji_load_kanji_06e2d
001a15b0 00000040 t kanji_load_kanji_06e2c
001a15f0 00000040 t kanji_load_kanji_06e2b
001a1630 00000040 t kanji_load_kanji_06e29
001a1670 00000040 t kanji_load_kanji_06e26
001a16b0 00000040 t kanji_load_kanji_06e25
001a16f0 00000040 t kanji_load_kanji_06e23
001a1730 00000040 t kanji_load_kanji_06e21
001a1770 00000040 t kanji_load_kanji_06e20
001a17b0 00000040 t kanji_load_kanji_06e1f
001a17f0 00000040 t kanji_load_kanji_06e1d
001a1830 00000040 t kanji_load_kanji_06e1b
001a1870 00000040 t kanji_load_kanji_06e1a
001a18b0 00000040 t kanji_load_kanji_06e19
001a18f0 00000040 t kanji_load_kanji_06e13
001a1930 00000040 t kanji_load_kanji_06e0b
001a1970 00000040 t kanji_load_kanji_06e09
001a19b0 00000040 t kanji_load_kanji_06e08
001a19f0 00000040 t kanji_load_kanji_06e07
001a1a30 00000040 t kanji_load_kanji_06e05
001a1a70 00000040 t kanji_load_kanji_06dfb
001a1ab0 00000040 t kanji_load_kanji_06dfa
001a1af0 00000040 t kanji_load_kanji_06df9
001a1b30 00000040 t kanji_load_kanji_06df7
001a1b70 00000040 t kanji_load_kanji_06df5
001a1bb0 00000040 t kanji_load_kanji_06df3
001a1bf0 00000040 t kanji_load_kanji_06df1
001a1c30 00000040 t kanji_load_kanji_06dec
001a1c70 00000040 t kanji_load_kanji_06deb
001a1cb0 00000040 t kanji_load_kanji_06dea
001a1cf0 00000040 t kanji_load_kanji_06de8
001a1d30 00000040 t kanji_load_kanji_06de1
001a1d70 00000040 t kanji_load_kanji_06dd9
001a1db0 00000040 t kanji_load_kanji_06dd8
001a1df0 00000040 t kanji_load_kanji_06dd2
001a1e30 00000040 t kanji_load_kanji_06dd1
001a1e70 00000040 t kanji_load_kanji_06dcc
001a1eb0 00000040 t kanji_load_kanji_06dcb
001a1ef0 00000040 t kanji_load_kanji_06dc6
001a1f30 00000040 t kanji_load_kanji_06dc5
001a1f70 00000040 t kanji_load_kanji_06dc0
001a1fb0 00000040 t kanji_load_kanji_06dbc
001a1ff0 00000040 t kanji_load_kanji_06db8
001a2030 00000040 t kanji_load_kanji_06db5
001a2070 00000040 t kanji_load_kanji_06db2
001a20b0 00000040 t kanji_load_kanji_06daf
001a20f0 00000040 t kanji_load_kanji_06d99
001a2130 00000040 t kanji_load_kanji_06d95
001a2170 00000040 t kanji_load_kanji_06d93
001a21b0 00000040 t kanji_load_kanji_06d8e
001a21f0 00000040 t kanji_load_kanji_06d8c
001a2230 00000040 t kanji_load_kanji_06d88
001a2270 00000040 t kanji_load_kanji_06d85
001a22b0 00000040 t kanji_load_kanji_06d79
001a22f0 00000040 t kanji_load_kanji_06d78
001a2330 00000040 t kanji_load_kanji_06d77
001a2370 00000040 t kanji_load_kanji_06d74
001a23b0 00000040 t kanji_load_kanji_06d6e
001a23f0 00000040 t kanji_load_kanji_06d6c
001a2430 00000040 t kanji_load_kanji_06d6a
001a2470 00000040 t kanji_load_kanji_06d69
001a24b0 00000040 t kanji_load_kanji_06d66
001a24f0 00000040 t kanji_load_kanji_06d63
001a2530 00000040 t kanji_load_kanji_06d5c
001a2570 00000040 t kanji_load_kanji_06d5a
001a25b0 00000040 t kanji_load_kanji_06d59
001a25f0 00000040 t kanji_load_kanji_06d45
001a2630 00000040 t kanji_load_kanji_06d44
001a2670 00000040 t kanji_load_kanji_06d41
001a26b0 00000040 t kanji_load_kanji_06d3e
001a26f0 00000040 t kanji_load_kanji_06d3d
001a2730 00000040 t kanji_load_kanji_06d3b
001a2770 00000040 t kanji_load_kanji_06d38
001a27b0 00000040 t kanji_load_kanji_06d36
001a27f0 00000040 t kanji_load_kanji_06d35
001a2830 00000040 t kanji_load_kanji_06d32
001a2870 00000040 t kanji_load_kanji_06d2b
001a28b0 00000040 t kanji_load_kanji_06d2a
001a28f0 00000040 t kanji_load_kanji_06d29
001a2930 00000040 t kanji_load_kanji_06d25
001a2970 00000040 t kanji_load_kanji_06d1f
001a29b0 00000040 t kanji_load_kanji_06d1e
001a29f0 00000040 t kanji_load_kanji_06d1b
001a2a30 00000040 t kanji_load_kanji_06d17
001a2a70 00000040 t kanji_load_kanji_06d12
001a2ab0 00000040 t kanji_load_kanji_06d0c
001a2af0 00000040 t kanji_load_kanji_06d0b
001a2b30 00000044 t kanji_load_kanji_06cf3
001a2b74 00000040 t kanji_load_kanji_06cf0
001a2bb4 00000044 t kanji_load_kanji_06cef
001a2bf8 00000044 t kanji_load_kanji_06cea
001a2c3c 00000044 t kanji_load_kanji_06ce8
001a2c80 00000044 t kanji_load_kanji_06ce5
001a2cc4 00000044 t kanji_load_kanji_06ce3
001a2d08 00000044 t kanji_load_kanji_06ce2
001a2d4c 00000044 t kanji_load_kanji_06ce1
001a2d90 00000044 t kanji_load_kanji_06cdd
001a2dd4 00000044 t kanji_load_kanji_06cdb
001a2e18 00000044 t kanji_load_kanji_06cd7
001a2e5c 00000044 t kanji_load_kanji_06cd5
001a2ea0 00000044 t kanji_load_kanji_06cd3
001a2ee4 00000044 t kanji_load_kanji_06ccc
001a2f28 00000044 t kanji_load_kanji_06cca
001a2f6c 00000040 t kanji_load_kanji_06cc9
001a2fac 00000044 t kanji_load_kanji_06cc5
001a2ff0 00000044 t kanji_load_kanji_06cc4
001a3034 00000044 t kanji_load_kanji_06cc1
001a3078 00000044 t kanji_load_kanji_06cbf
001a30bc 00000044 t kanji_load_kanji_06cbe
001a3100 00000044 t kanji_load_kanji_06cbd
001a3144 00000044 t kanji_load_kanji_06cbc
001a3188 00000044 t kanji_load_kanji_06cbb
001a31cc 00000044 t kanji_load_kanji_06cb9
001a3210 00000044 t kanji_load_kanji_06cb8
001a3254 00000044 t kanji_load_kanji_06cb3
001a3298 00000044 t kanji_load_kanji_06cb1
001a32dc 00000044 t kanji_load_kanji_06cae
001a3320 00000044 t kanji_load_kanji_06cab
001a3364 00000044 t kanji_load_kanji_06ca2
001a33a8 00000044 t kanji_load_kanji_06ca1
001a33ec 00000044 t kanji_load_kanji_06c9b
001a3430 00000044 t kanji_load_kanji_06c9a
001a3474 00000044 t kanji_load_kanji_06c99
001a34b8 00000044 t kanji_load_kanji_06c96
001a34fc 00000044 t kanji_load_kanji_06c93
001a3540 00000044 t kanji_load_kanji_06c92
001a3584 00000044 t kanji_load_kanji_06c90
001a35c8 00000044 t kanji_load_kanji_06c8d
001a360c 00000044 t kanji_load_kanji_06c8c
001a3650 00000044 t kanji_load_kanji_06c88
001a3694 00000044 t kanji_load_kanji_06c83
001a36d8 00000044 t kanji_load_kanji_06c82
001a371c 00000044 t kanji_load_kanji_06c81
001a3760 00000044 t kanji_load_kanji_06c7d
001a37a4 00000044 t kanji_load_kanji_06c7a
001a37e8 00000044 t kanji_load_kanji_06c72
001a382c 00000044 t kanji_load_kanji_06c70
001a3870 00000044 t kanji_load_kanji_06c6a
001a38b4 00000044 t kanji_load_kanji_06c68
001a38f8 00000044 t kanji_load_kanji_06c60
001a393c 00000044 t kanji_load_kanji_06c5f
001a3980 00000044 t kanji_load_kanji_06c5e
001a39c4 00000044 t kanji_load_kanji_06c5d
001a3a08 00000044 t kanji_load_kanji_06c5a
001a3a4c 00000044 t kanji_load_kanji_06c57
001a3a90 00000044 t kanji_load_kanji_06c55
001a3ad4 00000044 t kanji_load_kanji_06c50
001a3b18 00000044 t kanji_load_kanji_06c4e
001a3b5c 00000044 t kanji_load_kanji_06c42
001a3ba0 00000044 t kanji_load_kanji_06c41
001a3be4 00000044 t kanji_load_kanji_06c40
001a3c28 00000044 t kanji_load_kanji_06c3e
001a3c6c 00000044 t kanji_load_kanji_06c38
001a3cb0 00000044 t kanji_load_kanji_06c37
001a3cf4 00000044 t kanji_load_kanji_06c34
001a3d38 00000040 t kanji_load_kanji_06c23
001a3d78 00000044 t kanji_load_kanji_06c1b
001a3dbc 00000044 t kanji_load_kanji_06c17
001a3e00 00000044 t kanji_load_kanji_06c13
001a3e44 00000044 t kanji_load_kanji_06c11
001a3e88 00000044 t kanji_load_kanji_06c0f
001a3ecc 00000040 t kanji_load_kanji_06c08
001a3f0c 00000040 t kanji_load_kanji_06bf3
001a3f4c 00000040 t kanji_load_kanji_06bef
001a3f8c 00000040 t kanji_load_kanji_06bec
001a3fcc 00000040 t kanji_load_kanji_06beb
001a400c 00000044 t kanji_load_kanji_06bdf
001a4050 00000044 t kanji_load_kanji_06bdb
001a4094 00000040 t kanji_load_kanji_06bd8
001a40d4 00000044 t kanji_load_kanji_06bd4
001a4118 00000044 t kanji_load_kanji_06bd2
001a415c 00000044 t kanji_load_kanji_06bce
001a41a0 00000044 t kanji_load_kanji_06bcd
001a41e4 00000044 t kanji_load_kanji_06bcb
001a4228 00000040 t kanji_load_kanji_06bc6
001a4268 00000040 t kanji_load_kanji_06bc5
001a42a8 00000040 t kanji_load_kanji_06bc0
001a42e8 00000040 t kanji_load_kanji_06bbf
001a4328 00000040 t kanji_load_kanji_06bbc
001a4368 00000040 t kanji_load_kanji_06bbb
001a43a8 00000040 t kanji_load_kanji_06bba
001a43e8 00000040 t kanji_load_kanji_06bb7
001a4428 00000040 t kanji_load_kanji_06bb5
001a4468 00000044 t kanji_load_kanji_06bb4
001a44ac 00000040 t kanji_load_kanji_06bb2
001a44ec 00000040 t kanji_load_kanji_06baf
001a452c 00000040 t kanji_load_kanji_06bab
001a456c 00000040 t kanji_load_kanji_06baa
001a45ac 00000040 t kanji_load_kanji_06ba4
001a45ec 00000040 t kanji_load_kanji_06b9e
001a462c 00000040 t kanji_load_kanji_06b98
001a466c 00000040 t kanji_load_kanji_06b96
001a46ac 00000040 t kanji_load_kanji_06b8d
001a46ec 00000040 t kanji_load_kanji_06b8b
001a472c 00000040 t kanji_load_kanji_06b8a
001a476c 00000040 t kanji_load_kanji_06b89
001a47ac 00000040 t kanji_load_kanji_06b86
001a47ec 00000040 t kanji_load_kanji_06b84
001a482c 00000040 t kanji_load_kanji_06b83
001a486c 00000044 t kanji_load_kanji_06b80
001a48b0 00000044 t kanji_load_kanji_06b7f
001a48f4 00000044 t kanji_load_kanji_06b7b
001a4938 00000040 t kanji_load_kanji_06b78
001a4978 00000040 t kanji_load_kanji_06b74
001a49b8 00000040 t kanji_load_kanji_06b73
001a49f8 00000040 t kanji_load_kanji_06b6f
001a4a38 00000040 t kanji_load_kanji_06b6a
001a4a78 00000044 t kanji_load_kanji_06b69
001a4abc 00000044 t kanji_load_kanji_06b66
001a4b00 00000044 t kanji_load_kanji_06b64
001a4b44 00000044 t kanji_load_kanji_06b63
001a4b88 00000044 t kanji_load_kanji_06b62
001a4bcc 00000040 t kanji_load_kanji_06b61
001a4c0c 00000040 t kanji_load_kanji_06b5f
001a4c4c 00000040 t kanji_load_kanji_06b5b
001a4c8c 00000040 t kanji_load_kanji_06b59
001a4ccc 00000040 t kanji_load_kanji_06b54
001a4d0c 00000040 t kanji_load_kanji_06b53
001a4d4c 00000040 t kanji_load_kanji_06b50
001a4d8c 00000040 t kanji_load_kanji_06b4e
001a4dcc 00000040 t kanji_load_kanji_06b4c
001a4e0c 00000040 t kanji_load_kanji_06b49
001a4e4c 00000040 t kanji_load_kanji_06b47
001a4e8c 00000040 t kanji_load_kanji_06b43
001a4ecc 00000040 t kanji_load_kanji_06b3e
001a4f0c 00000040 t kanji_load_kanji_06b3d
001a4f4c 00000040 t kanji_load_kanji_06b3a
001a4f8c 00000040 t kanji_load_kanji_06b39
001a4fcc 00000040 t kanji_load_kanji_06b38
001a500c 00000040 t kanji_load_kanji_06b37
001a504c 00000040 t kanji_load_kanji_06b32
001a508c 00000044 t kanji_load_kanji_06b27
001a50d0 00000044 t kanji_load_kanji_06b23
001a5114 00000044 t kanji_load_kanji_06b21
001a5158 00000044 t kanji_load_kanji_06b20
001a519c 00000040 t kanji_load_kanji_06b16
001a51dc 00000040 t kanji_load_kanji_06b12
001a521c 00000040 t kanji_load_kanji_06b0a
001a525c 00000040 t kanji_load_kanji_06b05
001a529c 00000040 t kanji_load_kanji_06b04
001a52dc 00000040 t kanji_load_kanji_06afb
001a531c 00000040 t kanji_load_kanji_06afa
001a535c 00000040 t kanji_load_kanji_06aea
001a539c 00000040 t kanji_load_kanji_06ae8
001a53dc 00000040 t kanji_load_kanji_06adf
001a541c 00000040 t kanji_load_kanji_06adb
001a545c 00000040 t kanji_load_kanji_06ada
001a549c 00000040 t kanji_load_kanji_06ad3
001a54dc 00000040 t kanji_load_kanji_06ac3
001a551c 00000040 t kanji_load_kanji_06ac2
001a555c 00000040 t kanji_load_kanji_06abb
001a559c 00000040 t kanji_load_kanji_06ab8
001a55dc 00000040 t kanji_load_kanji_06ab3
001a561c 00000040 t kanji_load_kanji_06aae
001a565c 00000040 t kanji_load_kanji_06aac
001a569c 00000040 t kanji_load_kanji_06aa3
001a56dc 00000040 t kanji_load_kanji_06aa2
001a571c 00000040 t kanji_load_kanji_06aa0
001a575c 00000040 t kanji_load_kanji_06a9c
001a579c 00000040 t kanji_load_kanji_06a97
001a57dc 00000040 t kanji_load_kanji_06a90
001a581c 00000040 t kanji_load_kanji_06a8e
001a585c 00000040 t kanji_load_kanji_06a84
001a589c 00000040 t kanji_load_kanji_06a80
001a58dc 00000040 t kanji_load_kanji_06a7f
001a591c 00000040 t kanji_load_kanji_06a66
001a595c 00000040 t kanji_load_kanji_06a61
001a599c 00000040 t kanji_load_kanji_06a5f
001a59dc 00000040 t kanji_load_kanji_06a59
001a5a1c 00000040 t kanji_load_kanji_06a58
001a5a5c 00000040 t kanji_load_kanji_06a4b
001a5a9c 00000040 t kanji_load_kanji_06a48
001a5adc 00000040 t kanji_load_kanji_06a47
001a5b1c 00000040 t kanji_load_kanji_06a44
001a5b5c 00000040 t kanji_load_kanji_06a3d
001a5b9c 00000040 t kanji_load_kanji_06a3a
001a5bdc 00000040 t kanji_load_kanji_06a39
001a5c1c 00000040 t kanji_load_kanji_06a38
001a5c5c 00000040 t kanji_load_kanji_06a35
001a5c9c 00000040 t kanji_load_kanji_06a2b
001a5cdc 00000040 t kanji_load_kanji_06a2a
001a5d1c 00000040 t kanji_load_kanji_06a29
001a5d5c 00000040 t kanji_load_kanji_06a23
001a5d9c 00000040 t kanji_load_kanji_06a21
001a5ddc 00000040 t kanji_load_kanji_06a1f
001a5e1c 00000040 t kanji_load_kanji_06a1e
001a5e5c 00000040 t kanji_load_kanji_06a1b
001a5e9c 00000040 t kanji_load_kanji_06a19
001a5edc 00000040 t kanji_load_kanji_06a17
001a5f1c 00000040 t kanji_load_kanji_06a14
001a5f5c 00000040 t kanji_load_kanji_06a13
001a5f9c 00000040 t kanji_load_kanji_06a12
001a5fdc 00000040 t kanji_load_kanji_06a0b
001a601c 00000040 t kanji_load_kanji_06a0a
001a605c 00000040 t kanji_load_kanji_06a05
001a609c 00000040 t kanji_load_kanji_06a02
001a60dc 00000040 t kanji_load_kanji_069ff
001a611c 00000040 t kanji_load_kanji_069fd
001a615c 00000040 t kanji_load_kanji_069fb
001a619c 00000040 t kanji_load_kanji_069f2
001a61dc 00000040 t kanji_load_kanji_069ed
001a621c 00000040 t kanji_load_kanji_069e8
001a625c 00000040 t kanji_load_kanji_069e7
001a629c 00000040 t kanji_load_kanji_069d9
001a62dc 00000040 t kanji_load_kanji_069d8
001a631c 00000040 t kanji_load_kanji_069d3
001a635c 00000040 t kanji_load_kanji_069d0
001a639c 00000040 t kanji_load_kanji_069ce
001a63dc 00000040 t kanji_load_kanji_069cd
001a641c 00000040 t kanji_load_kanji_069cc
001a645c 00000040 t kanji_load_kanji_069cb
001a649c 00000040 t kanji_load_kanji_069ca
001a64dc 00000040 t kanji_load_kanji_069c7
001a651c 00000040 t kanji_load_kanji_069c3
001a655c 00000040 t kanji_load_kanji_069c1
001a659c 00000040 t kanji_load_kanji_069be
001a65dc 00000040 t kanji_load_kanji_069bb
001a661c 00000040 t kanji_load_kanji_069b4
001a665c 00000040 t kanji_load_kanji_069b1
001a669c 00000040 t kanji_load_kanji_069ae
001a66dc 00000040 t kanji_load_kanji_069a7
001a671c 00000040 t kanji_load_kanji_0699c
001a675c 00000040 t kanji_load_kanji_0699b
001a679c 00000040 t kanji_load_kanji_06995
001a67dc 00000040 t kanji_load_kanji_06994
001a681c 00000040 t kanji_load_kanji_06991
001a685c 00000040 t kanji_load_kanji_0698e
001a689c 00000040 t kanji_load_kanji_0698a
001a68dc 00000040 t kanji_load_kanji_06982
001a691c 00000040 t kanji_load_kanji_06981
001a695c 00000040 t kanji_load_kanji_0697e
001a699c 00000040 t kanji_load_kanji_0697d
001a69dc 00000040 t kanji_load_kanji_0697c
001a6a1c 00000040 t kanji_load_kanji_06979
001a6a5c 00000040 t kanji_load_kanji_06978
001a6a9c 00000040 t kanji_load_kanji_06977
001a6adc 00000040 t kanji_load_kanji_06975
001a6b1c 00000040 t kanji_load_kanji_06973
001a6b5c 00000040 t kanji_load_kanji_0696f
001a6b9c 00000040 t kanji_load_kanji_0696e
001a6bdc 00000040 t kanji_load_kanji_0696d
001a6c1c 00000040 t kanji_load_kanji_0696b
001a6c5c 00000040 t kanji_load_kanji_06962
001a6c9c 00000040 t kanji_load_kanji_06961
001a6cdc 00000040 t kanji_load_kanji_06960
001a6d1c 00000040 t kanji_load_kanji_0695d
001a6d5c 00000040 t kanji_load_kanji_0695a
001a6d9c 00000040 t kanji_load_kanji_06955
001a6ddc 00000040 t kanji_load_kanji_06954
001a6e1c 00000040 t kanji_load_kanji_06953
001a6e5c 00000040 t kanji_load_kanji_0694a
001a6e9c 00000040 t kanji_load_kanji_0693f
001a6edc 00000040 t kanji_load_kanji_0693d
001a6f1c 00000040 t kanji_load_kanji_06939
001a6f5c 00000040 t kanji_load_kanji_06934
001a6f9c 00000040 t kanji_load_kanji_06930
001a6fdc 00000040 t kanji_load_kanji_0691c
001a701c 00000040 t kanji_load_kanji_0691b
001a705c 00000040 t kanji_load_kanji_0691a
001a709c 00000040 t kanji_load_kanji_06919
001a70dc 00000040 t kanji_load_kanji_06912
001a711c 00000040 t kanji_load_kanji_0690f
001a715c 00000040 t kanji_load_kanji_0690e
001a719c 00000040 t kanji_load_kanji_0690d
001a71dc 00000040 t kanji_load_kanji_0690b
001a721c 00000040 t kanji_load_kanji_06908
001a725c 00000040 t kanji_load_kanji_06905
001a729c 00000040 t kanji_load_kanji_06904
001a72dc 00000040 t kanji_load_kanji_06901
001a731c 00000040 t kanji_load_kanji_06900
001a735c 00000040 t kanji_load_kanji_068fa
001a739c 00000040 t kanji_load_kanji_068f9
001a73dc 00000040 t kanji_load_kanji_068f2
001a741c 00000040 t kanji_load_kanji_068ee
001a745c 00000040 t kanji_load_kanji_068e7
001a749c 00000040 t kanji_load_kanji_068e3
001a74dc 00000040 t kanji_load_kanji_068e0
001a751c 00000040 t kanji_load_kanji_068df
001a755c 00000040 t kanji_load_kanji_068da
001a759c 00000040 t kanji_load_kanji_068d8
001a75dc 00000040 t kanji_load_kanji_068d7
001a761c 00000040 t kanji_load_kanji_068d5
001a765c 00000040 t kanji_load_kanji_068d2
001a769c 00000040 t kanji_load_kanji_068cd
001a76dc 00000040 t kanji_load_kanji_068cb
001a771c 00000040 t kanji_load_kanji_068c9
001a775c 00000040 t kanji_load_kanji_068c4
001a779c 00000040 t kanji_load_kanji_068ba
001a77dc 00000040 t kanji_load_kanji_068b6
001a781c 00000040 t kanji_load_kanji_068b5
001a785c 00000040 t kanji_load_kanji_068b1
001a789c 00000040 t kanji_load_kanji_068b0
001a78dc 00000040 t kanji_load_kanji_068af
001a791c 00000040 t kanji_load_kanji_068ad
001a795c 00000040 t kanji_load_kanji_068a8
001a799c 00000040 t kanji_load_kanji_068a7
001a79dc 00000040 t kanji_load_kanji_068a2
001a7a1c 00000040 t kanji_load_kanji_068a0
001a7a5c 00000040 t kanji_load_kanji_0689f
001a7a9c 00000040 t kanji_load_kanji_0689d
001a7adc 00000040 t kanji_load_kanji_06897
001a7b1c 00000040 t kanji_load_kanji_06894
001a7b5c 00000040 t kanji_load_kanji_06893
001a7b9c 00000040 t kanji_load_kanji_0688f
001a7bdc 00000040 t kanji_load_kanji_06885
001a7c1c 00000040 t kanji_load_kanji_06883
001a7c5c 00000040 t kanji_load_kanji_06881
001a7c9c 00000040 t kanji_load_kanji_06877
001a7cdc 00000040 t kanji_load_kanji_06876
001a7d1c 00000040 t kanji_load_kanji_06874
001a7d5c 00000040 t kanji_load_kanji_0685f
001a7d9c 00000040 t kanji_load_kanji_0685c
001a7ddc 00000040 t kanji_load_kanji_06859
001a7e1c 00000040 t kanji_load_kanji_06854
001a7e5c 00000040 t kanji_load_kanji_06853
001a7e9c 00000040 t kanji_load_kanji_06851
001a7edc 00000040 t kanji_load_kanji_06850
001a7f1c 00000040 t kanji_load_kanji_0684e
001a7f5c 00000040 t kanji_load_kanji_06848
001a7f9c 00000040 t kanji_load_kanji_06846
001a7fdc 00000040 t kanji_load_kanji_06843
001a801c 00000040 t kanji_load_kanji_06842
001a805c 00000040 t kanji_load_kanji_06841
001a809c 00000040 t kanji_load_kanji_0683d
001a80dc 00000040 t kanji_load_kanji_0683c
001a811c 00000040 t kanji_load_kanji_06839
001a815c 00000040 t kanji_load_kanji_06838
001a819c 00000040 t kanji_load_kanji_06834
001a81dc 00000040 t kanji_load_kanji_06832
001a821c 00000040 t kanji_load_kanji_0682b
001a825c 00000040 t kanji_load_kanji_0682a
001a829c 00000040 t kanji_load_kanji_06829
001a82dc 00000040 t kanji_load_kanji_06821
001a831c 00000040 t kanji_load_kanji_0681e
001a835c 00000040 t kanji_load_kanji_06817
001a839c 00000040 t kanji_load_kanji_06816
001a83dc 00000040 t kanji_load_kanji_06813
001a841c 00000040 t kanji_load_kanji_06804
001a845c 00000040 t kanji_load_kanji_06803
001a849c 00000040 t kanji_load_kanji_06802
001a84dc 00000040 t kanji_load_kanji_067ff
001a851c 00000040 t kanji_load_kanji_067fe
001a855c 00000040 t kanji_load_kanji_067fb
001a859c 00000040 t kanji_load_kanji_067f5
001a85dc 00000040 t kanji_load_kanji_067f4
001a861c 00000040 t kanji_load_kanji_067f3
001a865c 00000040 t kanji_load_kanji_067f1
001a869c 00000040 t kanji_load_kanji_067ef
001a86dc 00000040 t kanji_load_kanji_067ee
001a871c 00000040 t kanji_load_kanji_067ec
001a875c 00000040 t kanji_load_kanji_067e9
001a879c 00000040 t kanji_load_kanji_067e4
001a87dc 00000040 t kanji_load_kanji_067e2
001a881c 00000040 t kanji_load_kanji_067de
001a885c 00000040 t kanji_load_kanji_067dd
001a889c 00000040 t kanji_load_kanji_067da
001a88dc 00000040 t kanji_load_kanji_067d8
001a891c 00000040 t kanji_load_kanji_067d4
001a895c 00000040 t kanji_load_kanji_067d3
001a899c 00000040 t kanji_load_kanji_067d1
001a89dc 00000040 t kanji_load_kanji_067d0
001a8a1c 00000040 t kanji_load_kanji_067cf
001a8a5c 00000040 t kanji_load_kanji_067ce
001a8a9c 00000040 t kanji_load_kanji_067ca
001a8adc 00000040 t kanji_load_kanji_067c4
001a8b1c 00000040 t kanji_load_kanji_067c1
001a8b5c 00000040 t kanji_load_kanji_067b9
001a8b9c 00000040 t kanji_load_kanji_067b8
001a8bdc 00000040 t kanji_load_kanji_067b7
001a8c1c 00000040 t kanji_load_kanji_067b6
001a8c5c 00000040 t kanji_load_kanji_067b4
001a8c9c 00000040 t kanji_load_kanji_067b3
001a8cdc 00000040 t kanji_load_kanji_067af
001a8d1c 00000044 t kanji_load_kanji_067a2
001a8d60 00000044 t kanji_load_kanji_067a1
001a8da4 00000044 t kanji_load_kanji_067a0
001a8de8 00000044 t kanji_load_kanji_0679d
001a8e2c 00000044 t kanji_load_kanji_0679c
001a8e70 00000044 t kanji_load_kanji_0679a
001a8eb4 00000044 t kanji_load_kanji_06797
001a8ef8 00000044 t kanji_load_kanji_06795
001a8f3c 00000044 t kanji_load_kanji_06790
001a8f80 00000044 t kanji_load_kanji_0678c
001a8fc4 00000044 t kanji_load_kanji_0678b
001a9008 00000044 t kanji_load_kanji_06789
001a904c 00000044 t kanji_load_kanji_06787
001a9090 00000044 t kanji_load_kanji_0677f
001a90d4 00000044 t kanji_load_kanji_0677e
001a9118 00000044 t kanji_load_kanji_0677c
001a915c 00000044 t kanji_load_kanji_06777
001a91a0 00000044 t kanji_load_kanji_06775
001a91e4 00000044 t kanji_load_kanji_06773
001a9228 00000044 t kanji_load_kanji_06772
001a926c 00000044 t kanji_load_kanji_06771
001a92b0 00000044 t kanji_load_kanji_0676f
001a92f4 00000044 t kanji_load_kanji_0676d
001a9338 00000044 t kanji_load_kanji_0676a
001a937c 00000044 t kanji_load_kanji_06765
001a93c0 00000044 t kanji_load_kanji_06763
001a9404 00000044 t kanji_load_kanji_06762
001a9448 00000044 t kanji_load_kanji_06761
001a948c 00000044 t kanji_load_kanji_06760
001a94d0 00000044 t kanji_load_kanji_0675f
001a9514 00000044 t kanji_load_kanji_0675e
001a9558 00000044 t kanji_load_kanji_0675c
001a959c 00000044 t kanji_load_kanji_06759
001a95e0 00000044 t kanji_load_kanji_06756
001a9624 00000044 t kanji_load_kanji_06753
001a9668 00000044 t kanji_load_kanji_06751
001a96ac 00000044 t kanji_load_kanji_06750
001a96f0 00000044 t kanji_load_kanji_0674f
001a9734 00000044 t kanji_load_kanji_0674e
001a9778 00000044 t kanji_load_kanji_06749
001a97bc 00000044 t kanji_load_kanji_06746
001a9800 00000044 t kanji_load_kanji_0673f
001a9844 00000044 t kanji_load_kanji_0673d
001a9888 00000044 t kanji_load_kanji_0673a
001a98cc 00000044 t kanji_load_kanji_06738
001a9910 00000044 t kanji_load_kanji_06736
001a9954 00000044 t kanji_load_kanji_06734
001a9998 00000044 t kanji_load_kanji_06731
001a99dc 00000044 t kanji_load_kanji_0672e
001a9a20 00000044 t kanji_load_kanji_0672d
001a9a64 00000044 t kanji_load_kanji_0672c
001a9aa8 00000044 t kanji_load_kanji_0672b
001a9aec 00000044 t kanji_load_kanji_0672a
001a9b30 00000044 t kanji_load_kanji_06728
001a9b74 00000040 t kanji_load_kanji_06727
001a9bb4 00000040 t kanji_load_kanji_06726
001a9bf4 00000040 t kanji_load_kanji_0671f
001a9c34 00000040 t kanji_load_kanji_0671e
001a9c74 00000040 t kanji_load_kanji_0671d
001a9cb4 00000040 t kanji_load_kanji_0671b
001a9cf4 00000040 t kanji_load_kanji_06717
001a9d34 00000040 t kanji_load_kanji_06715
001a9d74 00000040 t kanji_load_kanji_06714
001a9db4 00000040 t kanji_load_kanji_0670f
001a9df4 00000044 t kanji_load_kanji_0670d
001a9e38 00000044 t kanji_load_kanji_0670b
001a9e7c 00000044 t kanji_load_kanji_06709
001a9ec0 00000044 t kanji_load_kanji_06708
001a9f04 00000040 t kanji_load_kanji_06703
001a9f44 00000040 t kanji_load_kanji_06700
001a9f84 00000040 t kanji_load_kanji_066ff
001a9fc4 00000040 t kanji_load_kanji_066fe
001aa004 00000040 t kanji_load_kanji_066fd
001aa044 00000040 t kanji_load_kanji_066fc
001aa084 00000040 t kanji_load_kanji_066f9
001aa0c4 00000040 t kanji_load_kanji_066f8
001aa104 00000040 t kanji_load_kanji_066f7
001aa144 00000044 t kanji_load_kanji_066f4
001aa188 00000044 t kanji_load_kanji_066f3
001aa1cc 00000044 t kanji_load_kanji_066f2
001aa210 00000044 t kanji_load_kanji_066f0
001aa254 00000040 t kanji_load_kanji_066e9
001aa294 00000040 t kanji_load_kanji_066e6
001aa2d4 00000040 t kanji_load_kanji_066e0
001aa314 00000040 t kanji_load_kanji_066dd
001aa354 00000040 t kanji_load_kanji_066dc
001aa394 00000040 t kanji_load_kanji_066da
001aa3d4 00000040 t kanji_load_kanji_066d9
001aa414 00000040 t kanji_load_kanji_066d6
001aa454 00000040 t kanji_load_kanji_066c9
001aa494 00000040 t kanji_load_kanji_066c7
001aa4d4 00000040 t kanji_load_kanji_066be
001aa514 00000040 t kanji_load_kanji_066b9
001aa554 00000040 t kanji_load_kanji_066b4
001aa594 00000040 t kanji_load_kanji_066ae
001aa5d4 00000040 t kanji_load_kanji_066ab
001aa614 00000040 t kanji_load_kanji_066a6
001aa654 00000040 t kanji_load_kanji_066a2
001aa694 00000040 t kanji_load_kanji_0669d
001aa6d4 00000040 t kanji_load_kanji_06698
001aa714 00000040 t kanji_load_kanji_06697
001aa754 00000040 t kanji_load_kanji_06696
001aa794 00000040 t kanji_load_kanji_06691
001aa7d4 00000040 t kanji_load_kanji_06689
001aa814 00000040 t kanji_load_kanji_06688
001aa854 00000040 t kanji_load_kanji_06687
001aa894 00000040 t kanji_load_kanji_06684
001aa8d4 00000040 t kanji_load_kanji_06681
001aa914 00000040 t kanji_load_kanji_0667a
001aa954 00000040 t kanji_load_kanji_06676
001aa994 00000040 t kanji_load_kanji_06674
001aa9d4 00000040 t kanji_load_kanji_06670
001aaa14 00000040 t kanji_load_kanji_0666f
001aaa54 00000040 t kanji_load_kanji_0666e
001aaa94 00000040 t kanji_load_kanji_06669
001aaad4 00000040 t kanji_load_kanji_06668
001aab14 00000040 t kanji_load_kanji_06667
001aab54 00000040 t kanji_load_kanji_06666
001aab94 00000040 t kanji_load_kanji_06664
001aabd4 00000040 t kanji_load_kanji_06662
001aac14 00000040 t kanji_load_kanji_0665f
001aac54 00000040 t kanji_load_kanji_0665e
001aac94 00000040 t kanji_load_kanji_0665d
001aacd4 00000040 t kanji_load_kanji_06652
001aad14 00000040 t kanji_load_kanji_0664f
001aad54 00000040 t kanji_load_kanji_0664b
001aad94 00000040 t kanji_load_kanji_06649
001aadd4 00000040 t kanji_load_kanji_06643
001aae14 00000040 t kanji_load_kanji_06642
001aae54 00000040 t kanji_load_kanji_06641
001aae94 00000040 t kanji_load_kanji_0663c
001aaed4 00000040 t kanji_load_kanji_06636
001aaf14 00000040 t kanji_load_kanji_06635
001aaf54 00000040 t kanji_load_kanji_06634
001aaf94 00000040 t kanji_load_kanji_0662f
001aafd4 00000040 t kanji_load_kanji_0662d
001ab014 00000040 t kanji_load_kanji_06628
001ab054 00000040 t kanji_load_kanji_06627
001ab094 00000040 t kanji_load_kanji_06625
001ab0d4 00000040 t kanji_load_kanji_06620
001ab114 00000040 t kanji_load_kanji_0661f
001ab154 00000040 t kanji_load_kanji_0661c
001ab194 00000044 t kanji_load_kanji_06614
001ab1d8 00000044 t kanji_load_kanji_06613
001ab21c 00000044 t kanji_load_kanji_0660f
001ab260 00000044 t kanji_load_kanji_0660e
001ab2a4 00000044 t kanji_load_kanji_0660c
001ab2e8 00000044 t kanji_load_kanji_0660a
001ab32c 00000044 t kanji_load_kanji_06607
001ab370 00000044 t kanji_load_kanji_06606
001ab3b4 00000044 t kanji_load_kanji_06603
001ab3f8 00000044 t kanji_load_kanji_06602
001ab43c 00000044 t kanji_load_kanji_065fb
001ab480 00000044 t kanji_load_kanji_065fa
001ab4c4 00000044 t kanji_load_kanji_065f1
001ab508 00000044 t kanji_load_kanji_065ed
001ab54c 00000044 t kanji_load_kanji_065ec
001ab590 00000044 t kanji_load_kanji_065e9
001ab5d4 00000044 t kanji_load_kanji_065e8
001ab618 00000044 t kanji_load_kanji_065e7
001ab65c 00000044 t kanji_load_kanji_065e6
001ab6a0 00000044 t kanji_load_kanji_065e5
001ab6e4 00000040 t kanji_load_kanji_065e2
001ab724 00000040 t kanji_load_kanji_065db
001ab764 00000040 t kanji_load_kanji_065d7
001ab7a4 00000040 t kanji_load_kanji_065cf
001ab7e4 00000040 t kanji_load_kanji_065cc
001ab824 00000040 t kanji_load_kanji_065cb
001ab864 00000040 t kanji_load_kanji_065c6
001ab8a4 00000040 t kanji_load_kanji_065c5
001ab8e4 00000040 t kanji_load_kanji_065c4
001ab924 00000040 t kanji_load_kanji_065c3
001ab964 00000040 t kanji_load_kanji_065c1
001ab9a4 00000040 t kanji_load_kanji_065bd
001ab9e4 00000044 t kanji_load_kanji_065bc
001aba28 00000044 t kanji_load_kanji_065b9
001aba6c 00000040 t kanji_load_kanji_065b7
001abaac 00000040 t kanji_load_kanji_065b0
001abaec 00000040 t kanji_load_kanji_065af
001abb2c 00000040 t kanji_load_kanji_065ad
001abb6c 00000040 t kanji_load_kanji_065ac
001abbac 00000040 t kanji_load_kanji_065ab
001abbec 00000044 t kanji_load_kanji_065a7
001abc30 00000044 t kanji_load_kanji_065a5
001abc74 00000044 t kanji_load_kanji_065a4
001abcb8 00000040 t kanji_load_kanji_065a1
001abcf8 00000040 t kanji_load_kanji_0659f
001abd38 00000040 t kanji_load_kanji_0659c
001abd78 00000040 t kanji_load_kanji_0659b
001abdb8 00000040 t kanji_load_kanji_06599
001abdf8 00000044 t kanji_load_kanji_06597
001abe3c 00000040 t kanji_load_kanji_06591
001abe7c 00000040 t kanji_load_kanji_06590
001abebc 00000040 t kanji_load_kanji_0658e
001abefc 00000040 t kanji_load_kanji_0658c
001abf3c 00000044 t kanji_load_kanji_06589
001abf80 00000044 t kanji_load_kanji_06587
001abfc4 00000040 t kanji_load_kanji_06583
001ac004 00000040 t kanji_load_kanji_06582
001ac044 00000040 t kanji_load_kanji_06578
001ac084 00000040 t kanji_load_kanji_06577
001ac0c4 00000040 t kanji_load_kanji_06575
001ac104 00000040 t kanji_load_kanji_06574
001ac144 00000040 t kanji_load_kanji_06572
001ac184 00000040 t kanji_load_kanji_06570
001ac1c4 00000040 t kanji_load_kanji_0656c
001ac204 00000040 t kanji_load_kanji_06566
001ac244 00000040 t kanji_load_kanji_06563
001ac284 00000040 t kanji_load_kanji_06562
001ac2c4 00000040 t kanji_load_kanji_0655e
001ac304 00000040 t kanji_load_kanji_0655d
001ac344 00000040 t kanji_load_kanji_06559
001ac384 00000040 t kanji_load_kanji_06557
001ac3c4 00000040 t kanji_load_kanji_06556
001ac404 00000040 t kanji_load_kanji_06555
001ac444 00000040 t kanji_load_kanji_06551
001ac484 00000040 t kanji_load_kanji_0654f
001ac4c4 00000040 t kanji_load_kanji_0654d
001ac504 00000040 t kanji_load_kanji_06548
001ac544 00000040 t kanji_load_kanji_06545
001ac584 00000040 t kanji_load_kanji_0653f
001ac5c4 00000044 t kanji_load_kanji_0653e
001ac608 00000044 t kanji_load_kanji_0653b
001ac64c 00000044 t kanji_load_kanji_06539
001ac690 00000044 t kanji_load_kanji_06536
001ac6d4 00000044 t kanji_load_kanji_0652f
001ac718 00000040 t kanji_load_kanji_0652c
001ac758 00000040 t kanji_load_kanji_0652b
001ac798 00000040 t kanji_load_kanji_0652a
001ac7d8 00000040 t kanji_load_kanji_06524
001ac818 00000040 t kanji_load_kanji_06523
001ac858 00000040 t kanji_load_kanji_0651d
001ac898 00000040 t kanji_load_kanji_06518
001ac8d8 00000040 t kanji_load_kanji_06500
001ac918 00000040 t kanji_load_kanji_064fe
001ac958 00000040 t kanji_load_kanji_064fd
001ac998 00000040 t kanji_load_kanji_064fa
001ac9d8 00000040 t kanji_load_kanji_064f4
001aca18 00000040 t kanji_load_kanji_064f2
001aca58 00000040 t kanji_load_kanji_064f1
001aca98 00000040 t kanji_load_kanji_064ef
001acad8 00000040 t kanji_load_kanji_064ec
001acb18 00000040 t kanji_load_kanji_064e7
001acb58 00000040 t kanji_load_kanji_064e6
001acb98 00000040 t kanji_load_kanji_064e3
001acbd8 00000040 t kanji_load_kanji_064e2
001acc18 00000040 t kanji_load_kanji_064e1
001acc58 00000040 t kanji_load_kanji_064e0
001acc98 00000040 t kanji_load_kanji_064da
001accd8 00000040 t kanji_load_kanji_064d8
001acd18 00000040 t kanji_load_kanji_064d4
001acd58 00000040 t kanji_load_kanji_064d2
001acd98 00000040 t kanji_load_kanji_064cd
001acdd8 00000040 t kanji_load_kanji_064c7
001ace18 00000040 t kanji_load_kanji_064c5
001ace58 00000040 t kanji_load_kanji_064c2
001ace98 00000040 t kanji_load_kanji_064c1
001aced8 00000040 t kanji_load_kanji_064bc
001acf18 00000040 t kanji_load_kanji_064bb
001acf58 00000040 t kanji_load_kanji_064b2
001acf98 00000040 t kanji_load_kanji_064b0
001acfd8 00000040 t kanji_load_kanji_064ae
001ad018 00000040 t kanji_load_kanji_064ad
001ad058 00000040 t kanji_load_kanji_064ab
001ad098 00000040 t kanji_load_kanji_064a9
001ad0d8 00000040 t kanji_load_kanji_064a5
001ad118 00000040 t kanji_load_kanji_064a4
001ad158 00000040 t kanji_load_kanji_0649e
001ad198 00000040 t kanji_load_kanji_0649a
001ad1d8 00000040 t kanji_load_kanji_06495
001ad218 00000040 t kanji_load_kanji_06493
001ad258 00000040 t kanji_load_kanji_06492
001ad298 00000040 t kanji_load_kanji_06488
001ad2d8 00000040 t kanji_load_kanji_06483
001ad318 00000040 t kanji_load_kanji_0647a
001ad358 00000040 t kanji_load_kanji_06478
001ad398 00000040 t kanji_load_kanji_06476
001ad3d8 00000040 t kanji_load_kanji_0646f
001ad418 00000040 t kanji_load_kanji_06469
001ad458 00000040 t kanji_load_kanji_06467
001ad498 00000040 t kanji_load_kanji_06458
001ad4d8 00000040 t kanji_load_kanji_06451
001ad518 00000040 t kanji_load_kanji_0644e
001ad558 00000040 t kanji_load_kanji_06442
001ad598 00000040 t kanji_load_kanji_0643e
001ad5d8 00000040 t kanji_load_kanji_0643a
001ad618 00000040 t kanji_load_kanji_06436
001ad658 00000040 t kanji_load_kanji_06434
001ad698 00000040 t kanji_load_kanji_0642d
001ad6d8 00000040 t kanji_load_kanji_0642c
001ad718 00000040 t kanji_load_kanji_06428
001ad758 00000040 t kanji_load_kanji_06426
001ad798 00000040 t kanji_load_kanji_0641c
001ad7d8 00000040 t kanji_load_kanji_06417
001ad818 00000040 t kanji_load_kanji_06416
001ad858 00000040 t kanji_load_kanji_06413
001ad898 00000040 t kanji_load_kanji_0640f
001ad8d8 00000040 t kanji_load_kanji_0640d
001ad918 00000040 t kanji_load_kanji_063fa
001ad958 00000040 t kanji_load_kanji_063f6
001ad998 00000040 t kanji_load_kanji_063f4
001ad9d8 00000040 t kanji_load_kanji_063ee
001ada18 00000040 t kanji_load_kanji_063e9
001ada58 00000040 t kanji_load_kanji_063e3
001ada98 00000040 t kanji_load_kanji_063e1
001adad8 00000040 t kanji_load_kanji_063db
001adb18 00000040 t kanji_load_kanji_063da
001adb58 00000040 t kanji_load_kanji_063d6
001adb98 00000040 t kanji_load_kanji_063d2
001adbd8 00000040 t kanji_load_kanji_063d0
001adc18 00000040 t kanji_load_kanji_063cf
001adc58 00000040 t kanji_load_kanji_063c9
001adc98 00000040 t kanji_load_kanji_063c6
001adcd8 00000040 t kanji_load_kanji_063c4
001add18 00000040 t kanji_load_kanji_063c3
001add58 00000040 t kanji_load_kanji_063c0
001add98 00000040 t kanji_load_kanji_063be
001addd8 00000040 t kanji_load_kanji_063b2
001ade18 00000040 t kanji_load_kanji_063ac
001ade58 00000040 t kanji_load_kanji_063ab
001ade98 00000040 t kanji_load_kanji_063aa
001aded8 00000040 t kanji_load_kanji_063a9
001adf18 00000040 t kanji_load_kanji_063a8
001adf58 00000040 t kanji_load_kanji_063a7
001adf98 00000040 t kanji_load_kanji_063a5
001adfd8 00000040 t kanji_load_kanji_063a3
001ae018 00000040 t kanji_load_kanji_063a2
001ae058 00000040 t kanji_load_kanji_063a1
001ae098 00000040 t kanji_load_kanji_063a0
001ae0d8 00000040 t kanji_load_kanji_0639f
001ae118 00000040 t kanji_load_kanji_0639b
001ae158 00000040 t kanji_load_kanji_06398
001ae198 00000040 t kanji_load_kanji_06396
001ae1d8 00000040 t kanji_load_kanji_06392
001ae218 00000040 t kanji_load_kanji_0638f
001ae258 00000040 t kanji_load_kanji_0638e
001ae298 00000040 t kanji_load_kanji_0638c
001ae2d8 00000040 t kanji_load_kanji_06389
001ae318 00000040 t kanji_load_kanji_06388
001ae358 00000040 t kanji_load_kanji_06383
001ae398 00000040 t kanji_load_kanji_06380
001ae3d8 00000040 t kanji_load_kanji_0637b
001ae418 00000040 t kanji_load_kanji_0637a
001ae458 00000040 t kanji_load_kanji_06377
001ae498 00000040 t kanji_load_kanji_06376
001ae4d8 00000040 t kanji_load_kanji_06372
001ae518 00000040 t kanji_load_kanji_0636e
001ae558 00000040 t kanji_load_kanji_0636b
001ae598 00000040 t kanji_load_kanji_06368
001ae5d8 00000040 t kanji_load_kanji_06367
001ae618 00000040 t kanji_load_kanji_0635c
001ae658 00000040 t kanji_load_kanji_06357
001ae698 00000040 t kanji_load_kanji_06355
001ae6d8 00000040 t kanji_load_kanji_06350
001ae718 00000040 t kanji_load_kanji_0634f
001ae758 00000040 t kanji_load_kanji_0634d
001ae798 00000040 t kanji_load_kanji_0634c
001ae7d8 00000040 t kanji_load_kanji_06349
001ae818 00000040 t kanji_load_kanji_0633f
001ae858 00000040 t kanji_load_kanji_0633e
001ae898 00000040 t kanji_load_kanji_0633d
001ae8d8 00000040 t kanji_load_kanji_0633a
001ae918 00000040 t kanji_load_kanji_0632f
001ae958 00000040 t kanji_load_kanji_0632b
001ae998 00000040 t kanji_load_kanji_06328
001ae9d8 00000040 t kanji_load_kanji_0631f
001aea18 00000040 t kanji_load_kanji_06319
001aea58 00000040 t kanji_load_kanji_06311
001aea98 00000040 t kanji_load_kanji_0630c
001aead8 00000040 t kanji_load_kanji_06309
001aeb18 00000040 t kanji_load_kanji_06308
001aeb58 00000040 t kanji_load_kanji_06307
001aeb98 00000040 t kanji_load_kanji_06302
001aebd8 00000040 t kanji_load_kanji_06301
001aec18 00000040 t kanji_load_kanji_062ff
001aec58 00000040 t kanji_load_kanji_062fe
001aec98 00000040 t kanji_load_kanji_062f7
001aecd8 00000040 t kanji_load_kanji_062f6
001aed18 00000040 t kanji_load_kanji_062f5
001aed58 00000040 t kanji_load_kanji_062f3
001aed98 00000040 t kanji_load_kanji_062f1
001aedd8 00000040 t kanji_load_kanji_062ef
001aee18 00000040 t kanji_load_kanji_062ee
001aee58 00000040 t kanji_load_kanji_062ed
001aee98 00000040 t kanji_load_kanji_062ec
001aeed8 00000044 t kanji_load_kanji_062e1
001aef1c 00000044 t kanji_load_kanji_062e0
001aef60 00000044 t kanji_load_kanji_062dd
001aefa4 00000040 t kanji_load_kanji_062dc
001aefe4 00000044 t kanji_load_kanji_062db
001af028 00000044 t kanji_load_kanji_062d9
001af06c 00000044 t kanji_load_kanji_062d8
001af0b0 00000044 t kanji_load_kanji_062d7
001af0f4 00000044 t kanji_load_kanji_062d4
001af138 00000044 t kanji_load_kanji_062d3
001af17c 00000044 t kanji_load_kanji_062d2
001af1c0 00000044 t kanji_load_kanji_062d1
001af204 00000044 t kanji_load_kanji_062d0
001af248 00000044 t kanji_load_kanji_062cd
001af28c 00000044 t kanji_load_kanji_062cc
001af2d0 00000044 t kanji_load_kanji_062ca
001af314 00000044 t kanji_load_kanji_062c9
001af358 00000044 t kanji_load_kanji_062c8
001af39c 00000044 t kanji_load_kanji_062c7
001af3e0 00000044 t kanji_load_kanji_062c6
001af424 00000044 t kanji_load_kanji_062c5
001af468 00000044 t kanji_load_kanji_062c2
001af4ac 00000044 t kanji_load_kanji_062bd
001af4f0 00000044 t kanji_load_kanji_062bc
001af534 00000044 t kanji_load_kanji_062bb
001af578 00000044 t kanji_load_kanji_062b9
001af5bc 00000044 t kanji_load_kanji_062b5
001af600 00000044 t kanji_load_kanji_062b1
001af644 00000044 t kanji_load_kanji_062ab
001af688 00000044 t kanji_load_kanji_0629e
001af6cc 00000044 t kanji_load_kanji_0629c
001af710 00000044 t kanji_load_kanji_06298
001af754 00000044 t kanji_load_kanji_06297
001af798 00000044 t kanji_load_kanji_06296
001af7dc 00000044 t kanji_load_kanji_06295
001af820 00000044 t kanji_load_kanji_06294
001af864 00000044 t kanji_load_kanji_06293
001af8a8 00000044 t kanji_load_kanji_06292
001af8ec 00000044 t kanji_load_kanji_06291
001af930 00000044 t kanji_load_kanji_0628a
001af974 00000044 t kanji_load_kanji_06289
001af9b8 00000044 t kanji_load_kanji_06284
001af9fc 00000044 t kanji_load_kanji_06283
001afa40 00000044 t kanji_load_kanji_06280
001afa84 00000044 t kanji_load_kanji_0627f
001afac8 00000044 t kanji_load_kanji_0627e
001afb0c 00000044 t kanji_load_kanji_0627c
001afb50 00000044 t kanji_load_kanji_06279
001afb94 00000044 t kanji_load_kanji_06276
001afbd8 00000044 t kanji_load_kanji_06271
001afc1c 00000044 t kanji_load_kanji_0626e
001afc60 00000044 t kanji_load_kanji_06268
001afca4 00000044 t kanji_load_kanji_06263
001afce8 00000044 t kanji_load_kanji_06260
001afd2c 00000044 t kanji_load_kanji_0625e
001afd70 00000044 t kanji_load_kanji_0625b
001afdb4 00000044 t kanji_load_kanji_06258
001afdf8 00000044 t kanji_load_kanji_06255
001afe3c 00000044 t kanji_load_kanji_06253
001afe80 00000044 t kanji_load_kanji_0624e
001afec4 00000050 t kanji_load_kanji_0624d
001aff14 00000044 t kanji_load_kanji_0624b
001aff58 00000040 t kanji_load_kanji_06249
001aff98 00000040 t kanji_load_kanji_06247
001affd8 00000040 t kanji_load_kanji_06241
001b0018 00000044 t kanji_load_kanji_06240
001b005c 00000044 t kanji_load_kanji_0623f
001b00a0 00000044 t kanji_load_kanji_0623b
001b00e4 00000044 t kanji_load_kanji_06238
001b0128 00000040 t kanji_load_kanji_06234
001b0168 00000040 t kanji_load_kanji_06233
001b01a8 00000040 t kanji_load_kanji_06232
001b01e8 00000040 t kanji_load_kanji_06230
001b0228 00000040 t kanji_load_kanji_0622f
001b0268 00000040 t kanji_load_kanji_0622e
001b02a8 00000040 t kanji_load_kanji_0622a
001b02e8 00000040 t kanji_load_kanji_06226
001b0328 00000040 t kanji_load_kanji_06221
001b0368 00000040 t kanji_load_kanji_0621f
001b03a8 00000040 t kanji_load_kanji_0621b
001b03e8 00000040 t kanji_load_kanji_0621a
001b0428 00000044 t kanji_load_kanji_06216
001b046c 00000044 t kanji_load_kanji_06214
001b04b0 00000044 t kanji_load_kanji_06212
001b04f4 00000044 t kanji_load_kanji_06211
001b0538 00000044 t kanji_load_kanji_06210
001b057c 00000044 t kanji_load_kanji_0620e
001b05c0 00000044 t kanji_load_kanji_0620d
001b0604 00000044 t kanji_load_kanji_0620c
001b0648 00000044 t kanji_load_kanji_0620a
001b068c 00000044 t kanji_load_kanji_06209
001b06d0 00000044 t kanji_load_kanji_06208
001b0714 00000040 t kanji_load_kanji_06200
001b0754 00000040 t kanji_load_kanji_061ff
001b0794 00000040 t kanji_load_kanji_061fe
001b07d4 00000040 t kanji_load_kanji_061fd
001b0814 00000040 t kanji_load_kanji_061fc
001b0854 00000040 t kanji_load_kanji_061fa
001b0894 00000040 t kanji_load_kanji_061f8
001b08d4 00000040 t kanji_load_kanji_061f7
001b0914 00000040 t kanji_load_kanji_061f6
001b0954 00000040 t kanji_load_kanji_061f2
001b0994 00000040 t kanji_load_kanji_061e6
001b09d4 00000040 t kanji_load_kanji_061e3
001b0a14 00000040 t kanji_load_kanji_061d0
001b0a54 00000040 t kanji_load_kanji_061cd
001b0a94 00000040 t kanji_load_kanji_061cc
001b0ad4 00000040 t kanji_load_kanji_061cb
001b0b14 00000040 t kanji_load_kanji_061ca
001b0b54 00000040 t kanji_load_kanji_061c9
001b0b94 00000040 t kanji_load_kanji_061c8
001b0bd4 00000040 t kanji_load_kanji_061c7
001b0c14 00000040 t kanji_load_kanji_061c6
001b0c54 00000040 t kanji_load_kanji_061c3
001b0c94 00000040 t kanji_load_kanji_061be
001b0cd4 00000040 t kanji_load_kanji_061ba
001b0d14 00000040 t kanji_load_kanji_061b6
001b0d54 00000040 t kanji_load_kanji_061b2
001b0d94 00000040 t kanji_load_kanji_061ae
001b0dd4 00000040 t kanji_load_kanji_061ac
001b0e14 00000040 t kanji_load_kanji_061ab
001b0e54 00000040 t kanji_load_kanji_061a9
001b0e94 00000040 t kanji_load_kanji_061a7
001b0ed4 00000040 t kanji_load_kanji_061a4
001b0f14 00000040 t kanji_load_kanji_0619a
001b0f54 00000040 t kanji_load_kanji_06196
001b0f94 00000040 t kanji_load_kanji_06194
001b0fd4 00000040 t kanji_load_kanji_06191
001b1014 00000040 t kanji_load_kanji_06190
001b1054 00000040 t kanji_load_kanji_0618e
001b1094 00000040 t kanji_load_kanji_0618a
001b10d4 00000040 t kanji_load_kanji_06182
001b1114 00000040 t kanji_load_kanji_0617e
001b1154 00000040 t kanji_load_kanji_06177
001b1194 00000040 t kanji_load_kanji_06176
001b11d4 00000040 t kanji_load_kanji_06175
001b1214 00000040 t kanji_load_kanji_06174
001b1254 00000040 t kanji_load_kanji_06173
001b1294 00000040 t kanji_load_kanji_06170
001b12d4 00000040 t kanji_load_kanji_0616e
001b1314 00000040 t kanji_load_kanji_0616b
001b1354 00000040 t kanji_load_kanji_06168
001b1394 00000040 t kanji_load_kanji_06167
001b13d4 00000040 t kanji_load_kanji_06165
001b1414 00000040 t kanji_load_kanji_06163
001b1454 00000040 t kanji_load_kanji_06162
001b1494 00000040 t kanji_load_kanji_0615f
001b14d4 00000040 t kanji_load_kanji_0615d
001b1514 00000040 t kanji_load_kanji_06159
001b1554 00000040 t kanji_load_kanji_06158
001b1594 00000040 t kanji_load_kanji_06155
001b15d4 00000040 t kanji_load_kanji_06153
001b1614 00000040 t kanji_load_kanji_0614e
001b1654 00000040 t kanji_load_kanji_0614d
001b1694 00000040 t kanji_load_kanji_0614c
001b16d4 00000040 t kanji_load_kanji_0614b
001b1714 00000040 t kanji_load_kanji_0614a
001b1754 00000040 t kanji_load_kanji_06148
001b1794 00000040 t kanji_load_kanji_06147
001b17d4 00000040 t kanji_load_kanji_06144
001b1814 00000040 t kanji_load_kanji_06142
001b1854 00000040 t kanji_load_kanji_0613f
001b1894 00000040 t kanji_load_kanji_0613e
001b18d4 00000040 t kanji_load_kanji_0613c
001b1914 00000040 t kanji_load_kanji_06134
001b1954 00000040 t kanji_load_kanji_0612c
001b1994 00000040 t kanji_load_kanji_06128
001b19d4 00000040 t kanji_load_kanji_06127
001b1a14 00000040 t kanji_load_kanji_0611f
001b1a54 00000040 t kanji_load_kanji_0611b
001b1a94 00000040 t kanji_load_kanji_0611a
001b1ad4 00000040 t kanji_load_kanji_06115
001b1b14 00000040 t kanji_load_kanji_0610f
001b1b54 00000040 t kanji_load_kanji_0610e
001b1b94 00000040 t kanji_load_kanji_0610d
001b1bd4 00000040 t kanji_load_kanji_06109
001b1c14 00000040 t kanji_load_kanji_06108
001b1c54 00000040 t kanji_load_kanji_06106
001b1c94 00000040 t kanji_load_kanji_06103
001b1cd4 00000040 t kanji_load_kanji_06101
001b1d14 00000040 t kanji_load_kanji_06100
001b1d54 00000040 t kanji_load_kanji_060fb
001b1d94 00000040 t kanji_load_kanji_060fa
001b1dd4 00000040 t kanji_load_kanji_060f9
001b1e14 00000040 t kanji_load_kanji_060f7
001b1e54 00000040 t kanji_load_kanji_060f6
001b1e94 00000040 t kanji_load_kanji_060f4
001b1ed4 00000040 t kanji_load_kanji_060f3
001b1f14 00000040 t kanji_load_kanji_060f1
001b1f54 00000040 t kanji_load_kanji_060f0
001b1f94 00000040 t kanji_load_kanji_060e8
001b1fd4 00000040 t kanji_load_kanji_060e7
001b2014 00000040 t kanji_load_kanji_060e3
001b2054 00000040 t kanji_load_kanji_060e1
001b2094 00000040 t kanji_load_kanji_060e0
001b20d4 00000040 t kanji_load_kanji_060df
001b2114 00000040 t kanji_load_kanji_060dc
001b2154 00000040 t kanji_load_kanji_060da
001b2194 00000040 t kanji_load_kanji_060d8
001b21d4 00000040 t kanji_load_kanji_060d3
001b2214 00000040 t kanji_load_kanji_060d1
001b2254 00000040 t kanji_load_kanji_060c7
001b2294 00000040 t kanji_load_kanji_060c6
001b22d4 00000040 t kanji_load_kanji_060c5
001b2314 00000040 t kanji_load_kanji_060bd
001b2354 00000040 t kanji_load_kanji_060bc
001b2394 00000040 t kanji_load_kanji_060b8
001b23d4 00000040 t kanji_load_kanji_060b6
001b2414 00000040 t kanji_load_kanji_060b5
001b2454 00000040 t kanji_load_kanji_060b4
001b2494 00000040 t kanji_load_kanji_060b2
001b24d4 00000040 t kanji_load_kanji_060aa
001b2514 00000040 t kanji_load_kanji_060a9
001b2554 00000040 t kanji_load_kanji_060a7
001b2594 00000040 t kanji_load_kanji_060a6
001b25d4 00000040 t kanji_load_kanji_060a3
001b2614 00000040 t kanji_load_kanji_060a0
001b2654 00000040 t kanji_load_kanji_0609f
001b2694 00000040 t kanji_load_kanji_0609b
001b26d4 00000040 t kanji_load_kanji_0609a
001b2714 00000040 t kanji_load_kanji_06096
001b2754 00000040 t kanji_load_kanji_06094
001b2794 00000040 t kanji_load_kanji_06092
001b27d4 00000040 t kanji_load_kanji_0608d
001b2814 00000040 t kanji_load_kanji_0608c
001b2854 00000040 t kanji_load_kanji_0608b
001b2894 00000040 t kanji_load_kanji_06089
001b28d4 00000040 t kanji_load_kanji_06084
001b2914 00000040 t kanji_load_kanji_06083
001b2954 00000040 t kanji_load_kanji_06081
001b2994 00000040 t kanji_load_kanji_06075
001b29d4 00000040 t kanji_load_kanji_06070
001b2a14 00000040 t kanji_load_kanji_0606f
001b2a54 00000040 t kanji_load_kanji_0606d
001b2a94 00000040 t kanji_load_kanji_0606c
001b2ad4 00000040 t kanji_load_kanji_0606b
001b2b14 00000040 t kanji_load_kanji_0606a
001b2b54 00000040 t kanji_load_kanji_06069
001b2b94 00000040 t kanji_load_kanji_06068
001b2bd4 00000040 t kanji_load_kanji_06065
001b2c14 00000040 t kanji_load_kanji_06064
001b2c54 00000040 t kanji_load_kanji_06063
001b2c94 00000040 t kanji_load_kanji_06062
001b2cd4 00000040 t kanji_load_kanji_0605f
001b2d14 00000040 t kanji_load_kanji_0605a
001b2d54 00000040 t kanji_load_kanji_06059
001b2d94 00000040 t kanji_load_kanji_06055
001b2dd4 00000040 t kanji_load_kanji_06052
001b2e14 00000040 t kanji_load_kanji_06050
001b2e54 00000040 t kanji_load_kanji_0604d
001b2e94 00000040 t kanji_load_kanji_0604b
001b2ed4 00000040 t kanji_load_kanji_0604a
001b2f14 00000040 t kanji_load_kanji_06046
001b2f54 00000040 t kanji_load_kanji_06043
001b2f94 00000040 t kanji_load_kanji_06042
001b2fd4 00000040 t kanji_load_kanji_06041
001b3014 00000044 t kanji_load_kanji_0603a
001b3058 00000040 t kanji_load_kanji_06031
001b3098 00000044 t kanji_load_kanji_0602f
001b30dc 00000044 t kanji_load_kanji_0602b
001b3120 00000044 t kanji_load_kanji_0602a
001b3164 00000044 t kanji_load_kanji_06029
001b31a8 00000040 t kanji_load_kanji_06028
001b31e8 00000044 t kanji_load_kanji_06027
001b322c 00000044 t kanji_load_kanji_06026
001b3270 00000040 t kanji_load_kanji_06025
001b32b0 00000044 t kanji_load_kanji_06021
001b32f4 00000040 t kanji_load_kanji_06020
001b3334 00000040 t kanji_load_kanji_0601d
001b3374 00000044 t kanji_load_kanji_0601c
001b33b8 00000044 t kanji_load_kanji_0601b
001b33fc 00000044 t kanji_load_kanji_06019
001b3440 00000044 t kanji_load_kanji_06016
001b3484 00000044 t kanji_load_kanji_06015
001b34c8 00000040 t kanji_load_kanji_06012
001b3508 00000044 t kanji_load_kanji_0600f
001b354c 00000040 t kanji_load_kanji_0600e
001b358c 00000044 t kanji_load_kanji_05fff
001b35d0 00000044 t kanji_load_kanji_05ffd
001b3614 00000044 t kanji_load_kanji_05ffb
001b3658 00000044 t kanji_load_kanji_05ff8
001b369c 00000044 t kanji_load_kanji_05ff5
001b36e0 00000044 t kanji_load_kanji_05ff1
001b3724 00000044 t kanji_load_kanji_05feb
001b3768 00000044 t kanji_load_kanji_05fe4
001b37ac 00000044 t kanji_load_kanji_05fe0
001b37f0 00000044 t kanji_load_kanji_05fdd
001b3834 00000044 t kanji_load_kanji_05fdc
001b3878 00000044 t kanji_load_kanji_05fd9
001b38bc 00000044 t kanji_load_kanji_05fd8
001b3900 00000044 t kanji_load_kanji_05fd7
001b3944 00000044 t kanji_load_kanji_05fd6
001b3988 00000044 t kanji_load_kanji_05fcd
001b39cc 00000044 t kanji_load_kanji_05fcc
001b3a10 00000044 t kanji_load_kanji_05fc5
001b3a54 00000044 t kanji_load_kanji_05fc3
001b3a98 00000040 t kanji_load_kanji_05fbd
001b3ad8 00000040 t kanji_load_kanji_05fbc
001b3b18 00000040 t kanji_load_kanji_05fb9
001b3b58 00000040 t kanji_load_kanji_05fb4
001b3b98 00000040 t kanji_load_kanji_05fb3
001b3bd8 00000040 t kanji_load_kanji_05fae
001b3c18 00000040 t kanji_load_kanji_05fad
001b3c58 00000040 t kanji_load_kanji_05faa
001b3c98 00000040 t kanji_load_kanji_05fa9
001b3cd8 00000040 t kanji_load_kanji_05fa8
001b3d18 00000040 t kanji_load_kanji_05fa1
001b3d58 00000040 t kanji_load_kanji_05f9e
001b3d98 00000040 t kanji_load_kanji_05f99
001b3dd8 00000040 t kanji_load_kanji_05f98
001b3e18 00000040 t kanji_load_kanji_05f97
001b3e58 00000040 t kanji_load_kanji_05f93
001b3e98 00000040 t kanji_load_kanji_05f92
001b3ed8 00000040 t kanji_load_kanji_05f91
001b3f18 00000040 t kanji_load_kanji_05f90
001b3f58 00000040 t kanji_load_kanji_05f8c
001b3f98 00000040 t kanji_load_kanji_05f8b
001b3fd8 00000040 t kanji_load_kanji_05f8a
001b4018 00000040 t kanji_load_kanji_05f88
001b4058 00000040 t kanji_load_kanji_05f87
001b4098 00000040 t kanji_load_kanji_05f85
001b40d8 00000044 t kanji_load_kanji_05f84
001b411c 00000044 t kanji_load_kanji_05f82
001b4160 00000044 t kanji_load_kanji_05f81
001b41a4 00000044 t kanji_load_kanji_05f80
001b41e8 00000044 t kanji_load_kanji_05f7f
001b422c 00000044 t kanji_load_kanji_05f7c
001b4270 00000044 t kanji_load_kanji_05f79
001b42b4 00000044 t kanji_load_kanji_05f77
001b42f8 00000040 t kanji_load_kanji_05f71
001b4338 00000040 t kanji_load_kanji_05f70
001b4378 00000040 t kanji_load_kanji_05f6d
001b43b8 00000040 t kanji_load_kanji_05f6c
001b43f8 00000040 t kanji_load_kanji_05f6b
001b4438 00000040 t kanji_load_kanji_05f6a
001b4478 00000040 t kanji_load_kanji_05f69
001b44b8 00000040 t kanji_load_kanji_05f66
001b44f8 00000044 t kanji_load_kanji_05f62
001b453c 00000040 t kanji_load_kanji_05f5d
001b457c 00000040 t kanji_load_kanji_05f59
001b45bc 00000040 t kanji_load_kanji_05f57
001b45fc 00000044 t kanji_load_kanji_05f53
001b4640 00000040 t kanji_load_kanji_05f4e
001b4680 00000040 t kanji_load_kanji_05f4c
001b46c0 00000040 t kanji_load_kanji_05f4a
001b4700 00000040 t kanji_load_kanji_05f48
001b4740 00000040 t kanji_load_kanji_05f3e
001b4780 00000040 t kanji_load_kanji_05f3c
001b47c0 00000040 t kanji_load_kanji_05f37
001b4800 00000040 t kanji_load_kanji_05f35
001b4840 00000040 t kanji_load_kanji_05f31
001b4880 00000040 t kanji_load_kanji_05f2d
001b48c0 00000044 t kanji_load_kanji_05f29
001b4904 00000040 t kanji_load_kanji_05f27
001b4944 00000044 t kanji_load_kanji_05f26
001b4988 00000044 t kanji_load_kanji_05f25
001b49cc 00000044 t kanji_load_kanji_05f1f
001b4a10 00000044 t kanji_load_kanji_05f1b
001b4a54 00000044 t kanji_load_kanji_05f18
001b4a98 00000044 t kanji_load_kanji_05f17
001b4adc 00000044 t kanji_load_kanji_05f16
001b4b20 00000044 t kanji_load_kanji_05f15
001b4b64 00000044 t kanji_load_kanji_05f14
001b4ba8 00000050 t kanji_load_kanji_05f13
001b4bf8 00000040 t kanji_load_kanji_05f11
001b4c38 00000044 t kanji_load_kanji_05f10
001b4c7c 00000044 t kanji_load_kanji_05f0f
001b4cc0 00000044 t kanji_load_kanji_05f0d
001b4d04 00000044 t kanji_load_kanji_05f0c
001b4d48 00000050 t kanji_load_kanji_05f0b
001b4d98 00000040 t kanji_load_kanji_05f0a
001b4dd8 00000044 t kanji_load_kanji_05f04
001b4e1c 00000044 t kanji_load_kanji_05f01
001b4e60 00000044 t kanji_load_kanji_05eff
001b4ea4 00000040 t kanji_load_kanji_05efb
001b4ee4 00000040 t kanji_load_kanji_05efa
001b4f24 00000044 t kanji_load_kanji_05ef7
001b4f68 00000044 t kanji_load_kanji_05ef6
001b4fac 00000040 t kanji_load_kanji_05ef3
001b4fec 00000040 t kanji_load_kanji_05ef1
001b502c 00000040 t kanji_load_kanji_05eec
001b506c 00000040 t kanji_load_kanji_05ee9
001b50ac 00000040 t kanji_load_kanji_05ee8
001b50ec 00000040 t kanji_load_kanji_05ee3
001b512c 00000040 t kanji_load_kanji_05ee2
001b516c 00000040 t kanji_load_kanji_05ee1
001b51ac 00000040 t kanji_load_kanji_05ee0
001b51ec 00000040 t kanji_load_kanji_05edf
001b522c 00000040 t kanji_load_kanji_05edd
001b526c 00000040 t kanji_load_kanji_05edb
001b52ac 00000040 t kanji_load_kanji_05ed6
001b52ec 00000040 t kanji_load_kanji_05ed3
001b532c 00000040 t kanji_load_kanji_05eca
001b536c 00000040 t kanji_load_kanji_05ec9
001b53ac 00000040 t kanji_load_kanji_05ec8
001b53ec 00000040 t kanji_load_kanji_05ec3
001b542c 00000040 t kanji_load_kanji_05ec2
001b546c 00000040 t kanji_load_kanji_05ec1
001b54ac 00000040 t kanji_load_kanji_05eb8
001b54ec 00000040 t kanji_load_kanji_05eb7
001b552c 00000040 t kanji_load_kanji_05eb6
001b556c 00000040 t kanji_load_kanji_05eb5
001b55ac 00000040 t kanji_load_kanji_05ead
001b55ec 00000040 t kanji_load_kanji_05eab
001b562c 00000040 t kanji_load_kanji_05ea7
001b566c 00000040 t kanji_load_kanji_05ea6
001b56ac 00000040 t kanji_load_kanji_05ea0
001b56ec 00000044 t kanji_load_kanji_05e9c
001b5730 00000044 t kanji_load_kanji_05e9a
001b5774 00000044 t kanji_load_kanji_05e97
001b57b8 00000044 t kanji_load_kanji_05e96
001b57fc 00000044 t kanji_load_kanji_05e95
001b5840 00000044 t kanji_load_kanji_05e8f
001b5884 00000044 t kanji_load_kanji_05e8a
001b58c8 00000044 t kanji_load_kanji_05e87
001b590c 00000044 t kanji_load_kanji_05e84
001b5950 00000044 t kanji_load_kanji_05e83
001b5994 00000044 t kanji_load_kanji_05e81
001b59d8 00000040 t kanji_load_kanji_05e7e
001b5a18 00000040 t kanji_load_kanji_05e7d
001b5a58 00000044 t kanji_load_kanji_05e7c
001b5a9c 00000044 t kanji_load_kanji_05e7b
001b5ae0 00000050 t kanji_load_kanji_05e7a
001b5b30 00000040 t kanji_load_kanji_05e79
001b5b70 00000044 t kanji_load_kanji_05e78
001b5bb4 00000044 t kanji_load_kanji_05e75
001b5bf8 00000044 t kanji_load_kanji_05e74
001b5c3c 00000044 t kanji_load_kanji_05e73
001b5c80 00000050 t kanji_load_kanji_05e72
001b5cd0 00000040 t kanji_load_kanji_05e63
001b5d10 00000040 t kanji_load_kanji_05e62
001b5d50 00000040 t kanji_load_kanji_05e61
001b5d90 00000040 t kanji_load_kanji_05e5f
001b5dd0 00000040 t kanji_load_kanji_05e57
001b5e10 00000040 t kanji_load_kanji_05e55
001b5e50 00000040 t kanji_load_kanji_05e54
001b5e90 00000040 t kanji_load_kanji_05e4e
001b5ed0 00000040 t kanji_load_kanji_05e4c
001b5f10 00000040 t kanji_load_kanji_05e45
001b5f50 00000040 t kanji_load_kanji_05e44
001b5f90 00000040 t kanji_load_kanji_05e43
001b5fd0 00000040 t kanji_load_kanji_05e40
001b6010 00000040 t kanji_load_kanji_05e3d
001b6050 00000040 t kanji_load_kanji_05e38
001b6090 00000040 t kanji_load_kanji_05e37
001b60d0 00000040 t kanji_load_kanji_05e36
001b6110 00000040 t kanji_load_kanji_05e33
001b6150 00000040 t kanji_load_kanji_05e30
001b6190 00000040 t kanji_load_kanji_05e2f
001b61d0 00000040 t kanji_load_kanji_05e2d
001b6210 00000040 t kanji_load_kanji_05e2b
001b6250 00000040 t kanji_load_kanji_05e25
001b6290 00000040 t kanji_load_kanji_05e1d
001b62d0 00000044 t kanji_load_kanji_05e1b
001b6314 00000044 t kanji_load_kanji_05e1a
001b6358 00000044 t kanji_load_kanji_05e19
001b639c 00000044 t kanji_load_kanji_05e16
001b63e0 00000044 t kanji_load_kanji_05e11
001b6424 00000044 t kanji_load_kanji_05e0c
001b6468 00000044 t kanji_load_kanji_05e06
001b64ac 00000044 t kanji_load_kanji_05e03
001b64f0 00000044 t kanji_load_kanji_05e02
001b6534 00000050 t kanji_load_kanji_05dfe
001b6584 00000040 t kanji_load_kanji_05dfd
001b65c4 00000040 t kanji_load_kanji_05dfb
001b6604 00000040 t kanji_load_kanji_05df7
001b6644 00000044 t kanji_load_kanji_05df4
001b6688 00000050 t kanji_load_kanji_05df3
001b66d8 00000050 t kanji_load_kanji_05df2
001b6728 00000050 t kanji_load_kanji_05df1
001b6778 00000040 t kanji_load_kanji_05dee
001b67b8 00000044 t kanji_load_kanji_05deb
001b67fc 00000044 t kanji_load_kanji_05de8
001b6840 00000044 t kanji_load_kanji_05de7
001b6884 00000044 t kanji_load_kanji_05de6
001b68c8 00000050 t kanji_load_kanji_05de5
001b6918 00000040 t kanji_load_kanji_05de3
001b6958 00000044 t kanji_load_kanji_05de1
001b699c 00000044 t kanji_load_kanji_05dde
001b69e0 00000050 t kanji_load_kanji_05ddd
001b6a30 00000040 t kanji_load_kanji_05dd6
001b6a70 00000040 t kanji_load_kanji_05dd3
001b6ab0 00000040 t kanji_load_kanji_05dd2
001b6af0 00000040 t kanji_load_kanji_05dcd
001b6b30 00000040 t kanji_load_kanji_05dcc
001b6b70 00000040 t kanji_load_kanji_05dc9
001b6bb0 00000040 t kanji_load_kanji_05dbd
001b6bf0 00000040 t kanji_load_kanji_05dbc
001b6c30 00000040 t kanji_load_kanji_05dba
001b6c70 00000040 t kanji_load_kanji_05db7
001b6cb0 00000040 t kanji_load_kanji_05dae
001b6cf0 00000040 t kanji_load_kanji_05dac
001b6d30 00000040 t kanji_load_kanji_05da2
001b6d70 00000040 t kanji_load_kanji_05d9d
001b6db0 00000040 t kanji_load_kanji_05d8b
001b6df0 00000040 t kanji_load_kanji_05d87
001b6e30 00000040 t kanji_load_kanji_05d84
001b6e70 00000040 t kanji_load_kanji_05d82
001b6eb0 00000040 t kanji_load_kanji_05d6f
001b6ef0 00000040 t kanji_load_kanji_05d6c
001b6f30 00000040 t kanji_load_kanji_05d69
001b6f70 00000040 t kanji_load_kanji_05d52
001b6fb0 00000040 t kanji_load_kanji_05d50
001b6ff0 00000040 t kanji_load_kanji_05d4e
001b7030 00000040 t kanji_load_kanji_05d4c
001b7070 00000040 t kanji_load_kanji_05d4b
001b70b0 00000040 t kanji_load_kanji_05d29
001b70f0 00000040 t kanji_load_kanji_05d22
001b7130 00000040 t kanji_load_kanji_05d1f
001b7170 00000040 t kanji_load_kanji_05d1b
001b71b0 00000040 t kanji_load_kanji_05d1a
001b71f0 00000040 t kanji_load_kanji_05d19
001b7230 00000040 t kanji_load_kanji_05d16
001b7270 00000040 t kanji_load_kanji_05d14
001b72b0 00000040 t kanji_load_kanji_05d11
001b72f0 00000040 t kanji_load_kanji_05d0e
001b7330 00000040 t kanji_load_kanji_05d07
001b7370 00000040 t kanji_load_kanji_05cfd
001b73b0 00000040 t kanji_load_kanji_05cfb
001b73f0 00000040 t kanji_load_kanji_05cf6
001b7430 00000040 t kanji_load_kanji_05cf0
001b7470 00000044 t kanji_load_kanji_05cef
001b74b4 00000040 t kanji_load_kanji_05ced
001b74f4 00000040 t kanji_load_kanji_05cea
001b7534 00000040 t kanji_load_kanji_05ce8
001b7574 00000040 t kanji_load_kanji_05ce1
001b75b4 00000040 t kanji_load_kanji_05ce0
001b75f4 00000040 t kanji_load_kanji_05cd9
001b7634 00000044 t kanji_load_kanji_05cb8
001b7678 00000044 t kanji_load_kanji_05cb3
001b76bc 00000044 t kanji_load_kanji_05cb1
001b7700 00000044 t kanji_load_kanji_05cac
001b7744 00000044 t kanji_load_kanji_05cab
001b7788 00000044 t kanji_load_kanji_05ca9
001b77cc 00000044 t kanji_load_kanji_05ca8
001b7810 00000044 t kanji_load_kanji_05ca1
001b7854 00000044 t kanji_load_kanji_05c94
001b7898 00000044 t kanji_load_kanji_05c91
001b78dc 00000044 t kanji_load_kanji_05c90
001b7920 00000044 t kanji_load_kanji_05c8c
001b7964 00000044 t kanji_load_kanji_05c79
001b79a8 00000044 t kanji_load_kanji_05c76
001b79ec 00000050 t kanji_load_kanji_05c71
001b7a3c 00000044 t kanji_load_kanji_05c6f
001b7a80 00000040 t kanji_load_kanji_05c6c
001b7ac0 00000040 t kanji_load_kanji_05c65
001b7b00 00000040 t kanji_load_kanji_05c64
001b7b40 00000040 t kanji_load_kanji_05c60
001b7b80 00000040 t kanji_load_kanji_05c5e
001b7bc0 00000040 t kanji_load_kanji_05c55
001b7c00 00000040 t kanji_load_kanji_05c51
001b7c40 00000040 t kanji_load_kanji_05c4e
001b7c80 00000040 t kanji_load_kanji_05c4d
001b7cc0 00000040 t kanji_load_kanji_05c4b
001b7d00 00000044 t kanji_load_kanji_05c4a
001b7d44 00000044 t kanji_load_kanji_05c48
001b7d88 00000044 t kanji_load_kanji_05c46
001b7dcc 00000044 t kanji_load_kanji_05c45
001b7e10 00000044 t kanji_load_kanji_05c41
001b7e54 00000044 t kanji_load_kanji_05c40
001b7e98 00000044 t kanji_load_kanji_05c3f
001b7edc 00000044 t kanji_load_kanji_05c3e
001b7f20 00000044 t kanji_load_kanji_05c3d
001b7f64 00000044 t kanji_load_kanji_05c3c
001b7fa8 00000044 t kanji_load_kanji_05c3b
001b7fec 00000044 t kanji_load_kanji_05c3a
001b8030 00000044 t kanji_load_kanji_05c39
001b8074 00000050 t kanji_load_kanji_05c38
001b80c4 00000040 t kanji_load_kanji_05c31
001b8104 00000044 t kanji_load_kanji_05c2d
001b8148 00000044 t kanji_load_kanji_05c28
001b818c 00000044 t kanji_load_kanji_05c24
001b81d0 00000040 t kanji_load_kanji_05c20
001b8210 00000044 t kanji_load_kanji_05c1a
001b8254 00000044 t kanji_load_kanji_05c16
001b8298 00000044 t kanji_load_kanji_05c11
001b82dc 00000050 t kanji_load_kanji_05c0f
001b832c 00000040 t kanji_load_kanji_05c0e
001b836c 00000040 t kanji_load_kanji_05c0d
001b83ac 00000040 t kanji_load_kanji_05c0b
001b83ec 00000040 t kanji_load_kanji_05c0a
001b842c 00000040 t kanji_load_kanji_05c09
001b846c 00000040 t kanji_load_kanji_05c08
001b84ac 00000040 t kanji_load_kanji_05c07
001b84ec 00000040 t kanji_load_kanji_05c06
001b852c 00000040 t kanji_load_kanji_05c04
001b856c 00000040 t kanji_load_kanji_05c02
001b85ac 00000040 t kanji_load_kanji_05c01
001b85ec 00000044 t kanji_load_kanji_05bff
001b8630 00000044 t kanji_load_kanji_05bfe
001b8674 00000044 t kanji_load_kanji_05bfa
001b86b8 00000050 t kanji_load_kanji_05bf8
001b8708 00000040 t kanji_load_kanji_05bf6
001b8748 00000040 t kanji_load_kanji_05bf5
001b8788 00000040 t kanji_load_kanji_05bf0
001b87c8 00000040 t kanji_load_kanji_05bee
001b8808 00000040 t kanji_load_kanji_05beb
001b8848 00000040 t kanji_load_kanji_05be9
001b8888 00000040 t kanji_load_kanji_05be8
001b88c8 00000040 t kanji_load_kanji_05be7
001b8908 00000040 t kanji_load_kanji_05be6
001b8948 00000040 t kanji_load_kanji_05be5
001b8988 00000040 t kanji_load_kanji_05be4
001b89c8 00000040 t kanji_load_kanji_05be2
001b8a08 00000040 t kanji_load_kanji_05be1
001b8a48 00000040 t kanji_load_kanji_05bdf
001b8a88 00000040 t kanji_load_kanji_05bde
001b8ac8 00000040 t kanji_load_kanji_05bdd
001b8b08 00000040 t kanji_load_kanji_05bdb
001b8b48 00000040 t kanji_load_kanji_05bd4
001b8b88 00000040 t kanji_load_kanji_05bd3
001b8bc8 00000040 t kanji_load_kanji_05bd2
001b8c08 00000040 t kanji_load_kanji_05bd0
001b8c48 00000040 t kanji_load_kanji_05bcc
001b8c88 00000040 t kanji_load_kanji_05bc7
001b8cc8 00000040 t kanji_load_kanji_05bc6
001b8d08 00000040 t kanji_load_kanji_05bc5
001b8d48 00000040 t kanji_load_kanji_05bc4
001b8d88 00000040 t kanji_load_kanji_05bc2
001b8dc8 00000040 t kanji_load_kanji_05bbf
001b8e08 00000040 t kanji_load_kanji_05bb9
001b8e48 00000040 t kanji_load_kanji_05bb8
001b8e88 00000040 t kanji_load_kanji_05bb6
001b8ec8 00000040 t kanji_load_kanji_05bb5
001b8f08 00000040 t kanji_load_kanji_05bb4
001b8f48 00000040 t kanji_load_kanji_05bb3
001b8f88 00000040 t kanji_load_kanji_05bb0
001b8fc8 00000040 t kanji_load_kanji_05bae
001b9008 00000040 t kanji_load_kanji_05ba6
001b9048 00000040 t kanji_load_kanji_05ba5
001b9088 00000040 t kanji_load_kanji_05ba4
001b90c8 00000040 t kanji_load_kanji_05ba3
001b9108 00000040 t kanji_load_kanji_05ba2
001b9148 00000044 t kanji_load_kanji_05b9f
001b918c 00000044 t kanji_load_kanji_05b9d
001b91d0 00000044 t kanji_load_kanji_05b9c
001b9214 00000044 t kanji_load_kanji_05b9b
001b9258 00000044 t kanji_load_kanji_05b9a
001b929c 00000044 t kanji_load_kanji_05b99
001b92e0 00000044 t kanji_load_kanji_05b98
001b9324 00000044 t kanji_load_kanji_05b97
001b9368 00000044 t kanji_load_kanji_05b95
001b93ac 00000044 t kanji_load_kanji_05b8f
001b93f0 00000044 t kanji_load_kanji_05b8d
001b9434 00000044 t kanji_load_kanji_05b8c
001b9478 00000044 t kanji_load_kanji_05b8b
001b94bc 00000044 t kanji_load_kanji_05b89
001b9500 00000044 t kanji_load_kanji_05b88
001b9544 00000044 t kanji_load_kanji_05b87
001b9588 00000044 t kanji_load_kanji_05b85
001b95cc 00000040 t kanji_load_kanji_05b7a
001b960c 00000040 t kanji_load_kanji_05b78
001b964c 00000040 t kanji_load_kanji_05b75
001b968c 00000040 t kanji_load_kanji_05b71
001b96cc 00000040 t kanji_load_kanji_05b70
001b970c 00000040 t kanji_load_kanji_05b6b
001b974c 00000040 t kanji_load_kanji_05b69
001b978c 00000044 t kanji_load_kanji_05b66
001b97d0 00000044 t kanji_load_kanji_05b65
001b9814 00000040 t kanji_load_kanji_05b64
001b9854 00000044 t kanji_load_kanji_05b63
001b9898 00000044 t kanji_load_kanji_05b5f
001b98dc 00000044 t kanji_load_kanji_05b5d
001b9920 00000044 t kanji_load_kanji_05b5c
001b9964 00000044 t kanji_load_kanji_05b5b
001b99a8 00000044 t kanji_load_kanji_05b5a
001b99ec 00000044 t kanji_load_kanji_05b58
001b9a30 00000044 t kanji_load_kanji_05b57
001b9a74 00000044 t kanji_load_kanji_05b55
001b9ab8 00000044 t kanji_load_kanji_05b54
001b9afc 00000050 t kanji_load_kanji_05b51
001b9b4c 00000050 t kanji_load_kanji_05b50
001b9b9c 00000040 t kanji_load_kanji_05b45
001b9bdc 00000040 t kanji_load_kanji_05b43
001b9c1c 00000040 t kanji_load_kanji_05b40
001b9c5c 00000040 t kanji_load_kanji_05b3e
001b9c9c 00000040 t kanji_load_kanji_05b36
001b9cdc 00000040 t kanji_load_kanji_05b32
001b9d1c 00000040 t kanji_load_kanji_05b30
001b9d5c 00000040 t kanji_load_kanji_05b2c
001b9d9c 00000040 t kanji_load_kanji_05b2a
001b9ddc 00000040 t kanji_load_kanji_05b22
001b9e1c 00000040 t kanji_load_kanji_05b16
001b9e5c 00000040 t kanji_load_kanji_05b0c
001b9e9c 00000040 t kanji_load_kanji_05b0b
001b9edc 00000040 t kanji_load_kanji_05b09
001b9f1c 00000040 t kanji_load_kanji_05afb
001b9f5c 00000040 t kanji_load_kanji_05afa
001b9f9c 00000040 t kanji_load_kanji_05ae9
001b9fdc 00000040 t kanji_load_kanji_05ae3
001ba01c 00000040 t kanji_load_kanji_05ae1
001ba05c 00000040 t kanji_load_kanji_05ad7
001ba09c 00000040 t kanji_load_kanji_05ad6
001ba0dc 00000040 t kanji_load_kanji_05acc
001ba11c 00000040 t kanji_load_kanji_05acb
001ba15c 00000040 t kanji_load_kanji_05ac9
001ba19c 00000040 t kanji_load_kanji_05ac1
001ba1dc 00000040 t kanji_load_kanji_05abd
001ba21c 00000040 t kanji_load_kanji_05abc
001ba25c 00000040 t kanji_load_kanji_05a9b
001ba29c 00000040 t kanji_load_kanji_05a9a
001ba2dc 00000040 t kanji_load_kanji_05a92
001ba31c 00000040 t kanji_load_kanji_05a7f
001ba35c 00000040 t kanji_load_kanji_05a6c
001ba39c 00000040 t kanji_load_kanji_05a6a
001ba3dc 00000040 t kanji_load_kanji_05a66
001ba41c 00000040 t kanji_load_kanji_05a62
001ba45c 00000040 t kanji_load_kanji_05a5a
001ba49c 00000040 t kanji_load_kanji_05a49
001ba4dc 00000040 t kanji_load_kanji_05a46
001ba51c 00000040 t kanji_load_kanji_05a41
001ba55c 00000040 t kanji_load_kanji_05a40
001ba59c 00000040 t kanji_load_kanji_05a3c
001ba5dc 00000040 t kanji_load_kanji_05a36
001ba61c 00000040 t kanji_load_kanji_05a35
001ba65c 00000040 t kanji_load_kanji_05a2f
001ba69c 00000040 t kanji_load_kanji_05a29
001ba6dc 00000040 t kanji_load_kanji_05a25
001ba71c 00000040 t kanji_load_kanji_05a20
001ba75c 00000040 t kanji_load_kanji_05a1f
001ba79c 00000040 t kanji_load_kanji_05a18
001ba7dc 00000040 t kanji_load_kanji_05a11
001ba81c 00000040 t kanji_load_kanji_05a09
001ba85c 00000040 t kanji_load_kanji_05a03
001ba89c 00000040 t kanji_load_kanji_05a01
001ba8dc 00000040 t kanji_load_kanji_059ff
001ba91c 00000040 t kanji_load_kanji_059fb
001ba95c 00000040 t kanji_load_kanji_059f6
001ba99c 00000040 t kanji_load_kanji_059eb
001ba9dc 00000040 t kanji_load_kanji_059ea
001baa1c 00000040 t kanji_load_kanji_059e8
001baa5c 00000040 t kanji_load_kanji_059e6
001baa9c 00000040 t kanji_load_kanji_059e5
001baadc 00000040 t kanji_load_kanji_059dc
001bab1c 00000040 t kanji_load_kanji_059da
001bab5c 00000040 t kanji_load_kanji_059d9
001bab9c 00000044 t kanji_load_kanji_059d4
001babe0 00000044 t kanji_load_kanji_059d3
001bac24 00000044 t kanji_load_kanji_059d1
001bac68 00000044 t kanji_load_kanji_059d0
001bacac 00000044 t kanji_load_kanji_059cb
001bacf0 00000044 t kanji_load_kanji_059c9
001bad34 00000044 t kanji_load_kanji_059c6
001bad78 00000044 t kanji_load_kanji_059be
001badbc 00000044 t kanji_load_kanji_059bb
001bae00 00000044 t kanji_load_kanji_059b9
001bae44 00000044 t kanji_load_kanji_059b2
001bae88 00000044 t kanji_load_kanji_059ac
001baecc 00000044 t kanji_load_kanji_059a8
001baf10 00000044 t kanji_load_kanji_059a5
001baf54 00000044 t kanji_load_kanji_059a3
001baf98 00000044 t kanji_load_kanji_0599d
001bafdc 00000044 t kanji_load_kanji_05999
001bb020 00000044 t kanji_load_kanji_05996
001bb064 00000044 t kanji_load_kanji_05993
001bb0a8 00000044 t kanji_load_kanji_0598a
001bb0ec 00000044 t kanji_load_kanji_05984
001bb130 00000044 t kanji_load_kanji_05983
001bb174 00000044 t kanji_load_kanji_05982
001bb1b8 00000044 t kanji_load_kanji_0597d
001bb1fc 00000044 t kanji_load_kanji_05978
001bb240 00000044 t kanji_load_kanji_05974
001bb284 00000050 t kanji_load_kanji_05973
001bb2d4 00000040 t kanji_load_kanji_0596e
001bb314 00000040 t kanji_load_kanji_0596c
001bb354 00000040 t kanji_load_kanji_0596a
001bb394 00000040 t kanji_load_kanji_05968
001bb3d4 00000040 t kanji_load_kanji_05967
001bb414 00000040 t kanji_load_kanji_05965
001bb454 00000040 t kanji_load_kanji_05962
001bb494 00000040 t kanji_load_kanji_05960
001bb4d4 00000040 t kanji_load_kanji_0595a
001bb514 00000040 t kanji_load_kanji_05958
001bb554 00000040 t kanji_load_kanji_05957
001bb594 00000040 t kanji_load_kanji_05955
001bb5d4 00000044 t kanji_load_kanji_05954
001bb618 00000040 t kanji_load_kanji_05951
001bb658 00000040 t kanji_load_kanji_05950
001bb698 00000040 t kanji_load_kanji_0594f
001bb6d8 00000040 t kanji_load_kanji_0594e
001bb718 00000044 t kanji_load_kanji_05949
001bb75c 00000044 t kanji_load_kanji_05948
001bb7a0 00000044 t kanji_load_kanji_05947
001bb7e4 00000044 t kanji_load_kanji_05944
001bb828 00000044 t kanji_load_kanji_0593e
001bb86c 00000044 t kanji_load_kanji_05938
001bb8b0 00000044 t kanji_load_kanji_05937
001bb8f4 00000044 t kanji_load_kanji_05932
001bb938 00000044 t kanji_load_kanji_05931
001bb97c 00000044 t kanji_load_kanji_0592e
001bb9c0 00000044 t kanji_load_kanji_0592d
001bba04 00000044 t kanji_load_kanji_0592c
001bba48 00000044 t kanji_load_kanji_0592b
001bba8c 00000044 t kanji_load_kanji_0592a
001bbad0 00000044 t kanji_load_kanji_05929
001bbb14 00000050 t kanji_load_kanji_05927
001bbb64 00000040 t kanji_load_kanji_05925
001bbba4 00000040 t kanji_load_kanji_05922
001bbbe4 00000044 t kanji_load_kanji_0591c
001bbc28 00000044 t kanji_load_kanji_0591a
001bbc6c 00000044 t kanji_load_kanji_05919
001bbcb0 00000044 t kanji_load_kanji_05916
001bbcf4 00000050 t kanji_load_kanji_05915
001bbd44 00000040 t kanji_load_kanji_0590f
001bbd84 00000040 t kanji_load_kanji_05909
001bbdc4 00000040 t kanji_load_kanji_058fd
001bbe04 00000040 t kanji_load_kanji_058fc
001bbe44 00000040 t kanji_load_kanji_058fb
001bbe84 00000040 t kanji_load_kanji_058fa
001bbec4 00000040 t kanji_load_kanji_058f9
001bbf04 00000044 t kanji_load_kanji_058f2
001bbf48 00000044 t kanji_load_kanji_058f1
001bbf8c 00000044 t kanji_load_kanji_058f0
001bbfd0 00000044 t kanji_load_kanji_058ef
001bc014 00000044 t kanji_load_kanji_058ee
001bc058 00000044 t kanji_load_kanji_058ec
001bc09c 00000050 t kanji_load_kanji_058eb
001bc0ec 00000040 t kanji_load_kanji_058e4
001bc12c 00000040 t kanji_load_kanji_058df
001bc16c 00000040 t kanji_load_kanji_058de
001bc1ac 00000040 t kanji_load_kanji_058dc
001bc1ec 00000040 t kanji_load_kanji_058d9
001bc22c 00000040 t kanji_load_kanji_058d8
001bc26c 00000040 t kanji_load_kanji_058d5
001bc2ac 00000040 t kanji_load_kanji_058d3
001bc2ec 00000040 t kanji_load_kanji_058d1
001bc32c 00000040 t kanji_load_kanji_058cc
001bc36c 00000040 t kanji_load_kanji_058ca
001bc3ac 00000040 t kanji_load_kanji_058c7
001bc3ec 00000040 t kanji_load_kanji_058c5
001bc42c 00000040 t kanji_load_kanji_058c1
001bc46c 00000040 t kanji_load_kanji_058be
001bc4ac 00000040 t kanji_load_kanji_058b3
001bc4ec 00000040 t kanji_load_kanji_058ae
001bc52c 00000040 t kanji_load_kanji_058a8
001bc56c 00000040 t kanji_load_kanji_0589f
001bc5ac 00000040 t kanji_load_kanji_0589c
001bc5ec 00000040 t kanji_load_kanji_05897
001bc62c 00000040 t kanji_load_kanji_05893
001bc66c 00000040 t kanji_load_kanji_05885
001bc6ac 00000040 t kanji_load_kanji_05883
001bc6ec 00000040 t kanji_load_kanji_0587e
001bc72c 00000040 t kanji_load_kanji_05879
001bc76c 00000040 t kanji_load_kanji_05875
001bc7ac 00000040 t kanji_load_kanji_05869
001bc7ec 00000040 t kanji_load_kanji_05861
001bc82c 00000040 t kanji_load_kanji_0585e
001bc86c 00000040 t kanji_load_kanji_0585a
001bc8ac 00000040 t kanji_load_kanji_05859
001bc8ec 00000040 t kanji_load_kanji_05857
001bc92c 00000040 t kanji_load_kanji_05854
001bc96c 00000040 t kanji_load_kanji_05852
001bc9ac 00000040 t kanji_load_kanji_05851
001bc9ec 00000040 t kanji_load_kanji_0584b
001bca2c 00000040 t kanji_load_kanji_0584a
001bca6c 00000040 t kanji_load_kanji_05841
001bcaac 00000040 t kanji_load_kanji_05840
001bcaec 00000040 t kanji_load_kanji_0583a
001bcb2c 00000040 t kanji_load_kanji_05835
001bcb6c 00000040 t kanji_load_kanji_05834
001bcbac 00000040 t kanji_load_kanji_05831
001bcbec 00000040 t kanji_load_kanji_05830
001bcc2c 00000040 t kanji_load_kanji_0582f
001bcc6c 00000040 t kanji_load_kanji_0582a
001bccac 00000040 t kanji_load_kanji_05824
001bccec 00000040 t kanji_load_kanji_05821
001bcd2c 00000040 t kanji_load_kanji_0581d
001bcd6c 00000040 t kanji_load_kanji_05815
001bcdac 00000040 t kanji_load_kanji_0580a
001bcdec 00000040 t kanji_load_kanji_05806
001bce2c 00000040 t kanji_load_kanji_05805
001bce6c 00000040 t kanji_load_kanji_05802
001bceac 00000040 t kanji_load_kanji_05800
001bceec 00000040 t kanji_load_kanji_057fc
001bcf2c 00000040 t kanji_load_kanji_057fa
001bcf6c 00000040 t kanji_load_kanji_057f9
001bcfac 00000040 t kanji_load_kanji_057f7
001bcfec 00000040 t kanji_load_kanji_057f4
001bd02c 00000040 t kanji_load_kanji_057e0
001bd06c 00000040 t kanji_load_kanji_057df
001bd0ac 00000040 t kanji_load_kanji_057d2
001bd0ec 00000040 t kanji_load_kanji_057ce
001bd12c 00000040 t kanji_load_kanji_057cb
001bd16c 00000040 t kanji_load_kanji_057c6
001bd1ac 00000040 t kanji_load_kanji_057c3
001bd1ec 00000040 t kanji_load_kanji_057a4
001bd22c 00000040 t kanji_load_kanji_057a3
001bd26c 00000040 t kanji_load_kanji_057a2
001bd2ac 00000040 t kanji_load_kanji_057a0
001bd2ec 00000040 t kanji_load_kanji_05793
001bd32c 00000040 t kanji_load_kanji_0578b
001bd36c 00000044 t kanji_load_kanji_05782
001bd3b0 00000044 t kanji_load_kanji_0577f
001bd3f4 00000044 t kanji_load_kanji_0576a
001bd438 00000044 t kanji_load_kanji_05769
001bd47c 00000044 t kanji_load_kanji_05766
001bd4c0 00000044 t kanji_load_kanji_05764
001bd504 00000044 t kanji_load_kanji_05761
001bd548 00000044 t kanji_load_kanji_05751
001bd58c 00000044 t kanji_load_kanji_05750
001bd5d0 00000044 t kanji_load_kanji_0574f
001bd614 00000044 t kanji_load_kanji_0574e
001bd658 00000044 t kanji_load_kanji_0574a
001bd69c 00000044 t kanji_load_kanji_05747
001bd6e0 00000044 t kanji_load_kanji_05742
001bd724 00000044 t kanji_load_kanji_05740
001bd768 00000044 t kanji_load_kanji_0573b
001bd7ac 00000044 t kanji_load_kanji_05730
001bd7f0 00000044 t kanji_load_kanji_0572d
001bd834 00000044 t kanji_load_kanji_05728
001bd878 00000044 t kanji_load_kanji_05727
001bd8bc 00000044 t kanji_load_kanji_05726
001bd900 00000050 t kanji_load_kanji_0571f
001bd950 00000040 t kanji_load_kanji_0571c
001bd990 00000040 t kanji_load_kanji_05718
001bd9d0 00000040 t kanji_load_kanji_05716
001bda10 00000040 t kanji_load_kanji_05713
001bda50 00000040 t kanji_load_kanji_05712
001bda90 00000040 t kanji_load_kanji_0570f
001bdad0 00000040 t kanji_load_kanji_0570d
001bdb10 00000040 t kanji_load_kanji_0570b
001bdb50 00000040 t kanji_load_kanji_05709
001bdb90 00000040 t kanji_load_kanji_05708
001bdbd0 00000040 t kanji_load_kanji_05704
001bdc10 00000040 t kanji_load_kanji_05703
001bdc50 00000040 t kanji_load_kanji_056ff
001bdc90 00000044 t kanji_load_kanji_056fd
001bdcd4 00000044 t kanji_load_kanji_056fa
001bdd18 00000044 t kanji_load_kanji_056f9
001bdd5c 00000044 t kanji_load_kanji_056f3
001bdda0 00000044 t kanji_load_kanji_056f2
001bdde4 00000044 t kanji_load_kanji_056f0
001bde28 00000044 t kanji_load_kanji_056e3
001bde6c 00000044 t kanji_load_kanji_056e0
001bdeb0 00000044 t kanji_load_kanji_056de
001bdef4 00000044 t kanji_load_kanji_056db
001bdf38 00000044 t kanji_load_kanji_056da
001bdf7c 00000040 t kanji_load_kanji_056d1
001bdfbc 00000040 t kanji_load_kanji_056c8
001bdffc 00000040 t kanji_load_kanji_056c3
001be03c 00000040 t kanji_load_kanji_056c2
001be07c 00000040 t kanji_load_kanji_056c1
001be0bc 00000040 t kanji_load_kanji_056c0
001be0fc 00000040 t kanji_load_kanji_056bc
001be13c 00000040 t kanji_load_kanji_056b6
001be17c 00000040 t kanji_load_kanji_056b4
001be1bc 00000040 t kanji_load_kanji_056ae
001be1fc 00000040 t kanji_load_kanji_056a5
001be23c 00000040 t kanji_load_kanji_056a0
001be27c 00000040 t kanji_load_kanji_05694
001be2bc 00000040 t kanji_load_kanji_0568a
001be2fc 00000040 t kanji_load_kanji_05687
001be33c 00000040 t kanji_load_kanji_05686
001be37c 00000040 t kanji_load_kanji_05680
001be3bc 00000040 t kanji_load_kanji_0567a
001be3fc 00000040 t kanji_load_kanji_05678
001be43c 00000040 t kanji_load_kanji_05674
001be47c 00000040 t kanji_load_kanji_0566c
001be4bc 00000040 t kanji_load_kanji_0566b
001be4fc 00000040 t kanji_load_kanji_0566a
001be53c 00000040 t kanji_load_kanji_05668
001be57c 00000040 t kanji_load_kanji_05664
001be5bc 00000040 t kanji_load_kanji_05653
001be5fc 00000040 t kanji_load_kanji_0564e
001be63c 00000040 t kanji_load_kanji_0564c
001be67c 00000040 t kanji_load_kanji_05642
001be6bc 00000040 t kanji_load_kanji_05638
001be6fc 00000040 t kanji_load_kanji_05636
001be73c 00000040 t kanji_load_kanji_05634
001be77c 00000040 t kanji_load_kanji_05632
001be7bc 00000040 t kanji_load_kanji_05631
001be7fc 00000040 t kanji_load_kanji_0562f
001be83c 00000040 t kanji_load_kanji_05629
001be87c 00000040 t kanji_load_kanji_0561b
001be8bc 00000040 t kanji_load_kanji_05617
001be8fc 00000040 t kanji_load_kanji_05616
001be93c 00000040 t kanji_load_kanji_05614
001be97c 00000040 t kanji_load_kanji_05609
001be9bc 00000040 t kanji_load_kanji_05606
001be9fc 00000040 t kanji_load_kanji_055fe
001bea3c 00000040 t kanji_load_kanji_055fd
001bea7c 00000040 t kanji_load_kanji_055f7
001beabc 00000040 t kanji_load_kanji_055e4
001beafc 00000040 t kanji_load_kanji_055e3
001beb3c 00000040 t kanji_load_kanji_055df
001beb7c 00000040 t kanji_load_kanji_055dc
001bebbc 00000040 t kanji_load_kanji_055da
001bebfc 00000040 t kanji_load_kanji_055d4
001bec3c 00000040 t kanji_load_kanji_055c7
001bec7c 00000040 t kanji_load_kanji_055c5
001becbc 00000040 t kanji_load_kanji_055c4
001becfc 00000040 t kanji_load_kanji_055b6
001bed3c 00000040 t kanji_load_kanji_055b0
001bed7c 00000040 t kanji_load_kanji_055ae
001bedbc 00000040 t kanji_load_kanji_055ac
001bedfc 00000040 t kanji_load_kanji_055ab
001bee3c 00000040 t kanji_load_kanji_055aa
001bee7c 00000040 t kanji_load_kanji_055a9
001beebc 00000040 t kanji_load_kanji_055a8
001beefc 00000040 t kanji_load_kanji_055a7
001bef3c 00000040 t kanji_load_kanji_0559f
001bef7c 00000040 t kanji_load_kanji_0559e
001befbc 00000040 t kanji_load_kanji_0559d
001beffc 00000040 t kanji_load_kanji_0559c
001bf03c 00000040 t kanji_load_kanji_0559a
001bf07c 00000040 t kanji_load_kanji_05599
001bf0bc 00000040 t kanji_load_kanji_05598
001bf0fc 00000040 t kanji_load_kanji_0558b
001bf13c 00000040 t kanji_load_kanji_0558a
001bf17c 00000040 t kanji_load_kanji_05589
001bf1bc 00000040 t kanji_load_kanji_05587
001bf1fc 00000040 t kanji_load_kanji_05584
001bf23c 00000040 t kanji_load_kanji_05583
001bf27c 00000040 t kanji_load_kanji_05580
001bf2bc 00000040 t kanji_load_kanji_0557e
001bf2fc 00000040 t kanji_load_kanji_0557c
001bf33c 00000040 t kanji_load_kanji_0557b
001bf37c 00000040 t kanji_load_kanji_05563
001bf3bc 00000040 t kanji_load_kanji_0555c
001bf3fc 00000040 t kanji_load_kanji_05556
001bf43c 00000040 t kanji_load_kanji_05553
001bf47c 00000040 t kanji_load_kanji_0554f
001bf4bc 00000040 t kanji_load_kanji_05546
001bf4fc 00000040 t kanji_load_kanji_05545
001bf53c 00000040 t kanji_load_kanji_05544
001bf57c 00000040 t kanji_load_kanji_05540
001bf5bc 00000040 t kanji_load_kanji_0553e
001bf5fc 00000040 t kanji_load_kanji_05538
001bf63c 00000040 t kanji_load_kanji_05531
001bf67c 00000040 t kanji_load_kanji_0552f
001bf6bc 00000040 t kanji_load_kanji_0552e
001bf6fc 00000040 t kanji_load_kanji_05514
001bf73c 00000040 t kanji_load_kanji_05510
001bf77c 00000040 t kanji_load_kanji_0550f
001bf7bc 00000040 t kanji_load_kanji_05507
001bf7fc 00000040 t kanji_load_kanji_05506
001bf83c 00000040 t kanji_load_kanji_05504
001bf87c 00000040 t kanji_load_kanji_054fd
001bf8bc 00000040 t kanji_load_kanji_054fa
001bf8fc 00000040 t kanji_load_kanji_054f2
001bf93c 00000040 t kanji_load_kanji_054ee
001bf97c 00000040 t kanji_load_kanji_054ed
001bf9bc 00000040 t kanji_load_kanji_054e9
001bf9fc 00000040 t kanji_load_kanji_054e8
001bfa3c 00000040 t kanji_load_kanji_054e6
001bfa7c 00000040 t kanji_load_kanji_054e5
001bfabc 00000040 t kanji_load_kanji_054e2
001bfafc 00000040 t kanji_load_kanji_054e1
001bfb3c 00000040 t kanji_load_kanji_054c9
001bfb7c 00000040 t kanji_load_kanji_054c8
001bfbbc 00000040 t kanji_load_kanji_054c7
001bfbfc 00000040 t kanji_load_kanji_054c4
001bfc3c 00000040 t kanji_load_kanji_054c2
001bfc7c 00000040 t kanji_load_kanji_054c1
001bfcbc 00000040 t kanji_load_kanji_054c0
001bfcfc 00000040 t kanji_load_kanji_054bd
001bfd3c 00000040 t kanji_load_kanji_054b8
001bfd7c 00000040 t kanji_load_kanji_054b3
001bfdbc 00000040 t kanji_load_kanji_054b2
001bfdfc 00000040 t kanji_load_kanji_054ac
001bfe3c 00000040 t kanji_load_kanji_054ab
001bfe7c 00000040 t kanji_load_kanji_054a8
001bfebc 00000040 t kanji_load_kanji_054a5
001bfefc 00000040 t kanji_load_kanji_054a4
001bff3c 00000040 t kanji_load_kanji_054a2
001bff7c 00000044 t kanji_load_kanji_05490
001bffc0 00000044 t kanji_load_kanji_0548f
001c0004 00000044 t kanji_load_kanji_0548e
001c0048 00000044 t kanji_load_kanji_0548c
001c008c 00000044 t kanji_load_kanji_05486
001c00d0 00000044 t kanji_load_kanji_05484
001c0114 00000044 t kanji_load_kanji_05480
001c0158 00000044 t kanji_load_kanji_0547d
001c019c 00000044 t kanji_load_kanji_0547c
001c01e0 00000044 t kanji_load_kanji_0547b
001c0224 00000044 t kanji_load_kanji_05477
001c0268 00000044 t kanji_load_kanji_05476
001c02ac 00000044 t kanji_load_kanji_05475
001c02f0 00000044 t kanji_load_kanji_05473
001c0334 00000044 t kanji_load_kanji_05470
001c0378 00000044 t kanji_load_kanji_0546a
001c03bc 00000044 t kanji_load_kanji_05468
001c0400 00000044 t kanji_load_kanji_0545f
001c0444 00000044 t kanji_load_kanji_0544e
001c0488 00000044 t kanji_load_kanji_0544a
001c04cc 00000044 t kanji_load_kanji_05449
001c0510 00000044 t kanji_load_kanji_05448
001c0554 00000044 t kanji_load_kanji_05446
001c0598 00000044 t kanji_load_kanji_05442
001c05dc 00000044 t kanji_load_kanji_0543e
001c0620 00000044 t kanji_load_kanji_0543d
001c0664 00000044 t kanji_load_kanji_0543c
001c06a8 00000044 t kanji_load_kanji_0543b
001c06ec 00000044 t kanji_load_kanji_05439
001c0730 00000044 t kanji_load_kanji_05438
001c0774 00000044 t kanji_load_kanji_05436
001c07b8 00000044 t kanji_load_kanji_0542e
001c07fc 00000044 t kanji_load_kanji_0542d
001c0840 00000044 t kanji_load_kanji_0542c
001c0884 00000044 t kanji_load_kanji_0542b
001c08c8 00000044 t kanji_load_kanji_05429
001c090c 00000044 t kanji_load_kanji_05426
001c0950 00000044 t kanji_load_kanji_05420
001c0994 00000044 t kanji_load_kanji_0541f
001c09d8 00000044 t kanji_load_kanji_0541e
001c0a1c 00000044 t kanji_load_kanji_0541d
001c0a60 00000044 t kanji_load_kanji_0541b
001c0aa4 00000044 t kanji_load_kanji_05411
001c0ae8 00000044 t kanji_load_kanji_05410
001c0b2c 00000044 t kanji_load_kanji_0540f
001c0b70 00000044 t kanji_load_kanji_0540e
001c0bb4 00000044 t kanji_load_kanji_0540d
001c0bf8 00000044 t kanji_load_kanji_0540c
001c0c3c 00000044 t kanji_load_kanji_0540b
001c0c80 00000044 t kanji_load_kanji_0540a
001c0cc4 00000044 t kanji_load_kanji_05409
001c0d08 00000044 t kanji_load_kanji_05408
001c0d4c 00000044 t kanji_load_kanji_05404
001c0d90 00000044 t kanji_load_kanji_05403
001c0dd4 00000044 t kanji_load_kanji_05401
001c0e18 00000044 t kanji_load_kanji_053fa
001c0e5c 00000044 t kanji_load_kanji_053f8
001c0ea0 00000044 t kanji_load_kanji_053f7
001c0ee4 00000044 t kanji_load_kanji_053f6
001c0f28 00000044 t kanji_load_kanji_053f3
001c0f6c 00000044 t kanji_load_kanji_053f2
001c0fb0 00000044 t kanji_load_kanji_053f1
001c0ff4 00000044 t kanji_load_kanji_053f0
001c1038 00000044 t kanji_load_kanji_053ef
001c107c 00000044 t kanji_load_kanji_053ee
001c10c0 00000044 t kanji_load_kanji_053ed
001c1104 00000044 t kanji_load_kanji_053ec
001c1148 00000044 t kanji_load_kanji_053eb
001c118c 00000044 t kanji_load_kanji_053ea
001c11d0 00000044 t kanji_load_kanji_053e9
001c1214 00000044 t kanji_load_kanji_053e8
001c1258 00000044 t kanji_load_kanji_053e5
001c129c 00000044 t kanji_load_kanji_053e4
001c12e0 00000050 t kanji_load_kanji_053e3
001c1330 00000040 t kanji_load_kanji_053e2
001c1370 00000040 t kanji_load_kanji_053e1
001c13b0 00000040 t kanji_load_kanji_053df
001c13f0 00000040 t kanji_load_kanji_053db
001c1430 00000040 t kanji_load_kanji_053d9
001c1470 00000044 t kanji_load_kanji_053d7
001c14b4 00000044 t kanji_load_kanji_053d6
001c14f8 00000044 t kanji_load_kanji_053d4
001c153c 00000044 t kanji_load_kanji_053ce
001c1580 00000044 t kanji_load_kanji_053cd
001c15c4 00000044 t kanji_load_kanji_053cc
001c1608 00000044 t kanji_load_kanji_053cb
001c164c 00000050 t kanji_load_kanji_053ca
001c169c 00000050 t kanji_load_kanji_053c9
001c16ec 00000048 t kanji_load_kanji_053c8
001c1734 00000040 t kanji_load_kanji_053c3
001c1774 00000044 t kanji_load_kanji_053c2
001c17b8 00000044 t kanji_load_kanji_053bb
001c17fc 00000040 t kanji_load_kanji_053b3
001c183c 00000040 t kanji_load_kanji_053ad
001c187c 00000040 t kanji_load_kanji_053a9
001c18bc 00000040 t kanji_load_kanji_053a8
001c18fc 00000040 t kanji_load_kanji_053a5
001c193c 00000040 t kanji_load_kanji_0539f
001c197c 00000040 t kanji_load_kanji_0539a
001c19bc 00000040 t kanji_load_kanji_05398
001c19fc 00000040 t kanji_load_kanji_05396
001c1a3c 00000044 t kanji_load_kanji_05384
001c1a80 00000040 t kanji_load_kanji_0537f
001c1ac0 00000040 t kanji_load_kanji_05378
001c1b00 00000044 t kanji_load_kanji_05377
001c1b44 00000044 t kanji_load_kanji_05375
001c1b88 00000044 t kanji_load_kanji_05374
001c1bcc 00000044 t kanji_load_kanji_05373
001c1c10 00000044 t kanji_load_kanji_05371
001c1c54 00000044 t kanji_load_kanji_05370
001c1c98 00000044 t kanji_load_kanji_0536f
001c1cdc 00000044 t kanji_load_kanji_0536e
001c1d20 00000044 t kanji_load_kanji_05366
001c1d64 00000044 t kanji_load_kanji_05360
001c1da8 00000048 t kanji_load_kanji_0535c
001c1df0 00000040 t kanji_load_kanji_0535a
001c1e30 00000040 t kanji_load_kanji_05358
001c1e70 00000040 t kanji_load_kanji_05357
001c1eb0 00000044 t kanji_load_kanji_05354
001c1ef4 00000044 t kanji_load_kanji_05353
001c1f38 00000044 t kanji_load_kanji_05352
001c1f7c 00000040 t kanji_load_kanji_05351
001c1fbc 00000044 t kanji_load_kanji_0534d
001c2000 00000044 t kanji_load_kanji_0534a
001c2044 00000044 t kanji_load_kanji_05349
001c2088 00000044 t kanji_load_kanji_05348
001c20cc 00000044 t kanji_load_kanji_05347
001c2110 00000044 t kanji_load_kanji_05345
001c2154 00000050 t kanji_load_kanji_05343
001c21a4 00000048 t kanji_load_kanji_05341
001c21ec 00000040 t kanji_load_kanji_05340
001c222c 00000040 t kanji_load_kanji_0533f
001c226c 00000044 t kanji_load_kanji_0533b
001c22b0 00000044 t kanji_load_kanji_0533a
001c22f4 00000044 t kanji_load_kanji_05339
001c2338 00000040 t kanji_load_kanji_05333
001c2378 00000040 t kanji_load_kanji_05331
001c23b8 00000040 t kanji_load_kanji_0532f
001c23f8 00000040 t kanji_load_kanji_0532a
001c2438 00000044 t kanji_load_kanji_05323
001c247c 00000044 t kanji_load_kanji_05321
001c24c0 00000044 t kanji_load_kanji_05320
001c2504 00000044 t kanji_load_kanji_0531d
001c2548 00000048 t kanji_load_kanji_0531a
001c2590 00000040 t kanji_load_kanji_05319
001c25d0 00000044 t kanji_load_kanji_05317
001c2614 00000044 t kanji_load_kanji_05316
001c2658 00000048 t kanji_load_kanji_05315
001c26a0 00000040 t kanji_load_kanji_05310
001c26e0 00000040 t kanji_load_kanji_0530f
001c2720 00000040 t kanji_load_kanji_0530d
001c2760 00000044 t kanji_load_kanji_05308
001c27a4 00000044 t kanji_load_kanji_05306
001c27e8 00000044 t kanji_load_kanji_05305
001c282c 00000044 t kanji_load_kanji_05302
001c2870 00000044 t kanji_load_kanji_05301
001c28b4 00000044 t kanji_load_kanji_052ff
001c28f8 00000044 t kanji_load_kanji_052fe
001c293c 00000050 t kanji_load_kanji_052fa
001c298c 00000040 t kanji_load_kanji_052f8
001c29cc 00000040 t kanji_load_kanji_052f5
001c2a0c 00000040 t kanji_load_kanji_052f3
001c2a4c 00000040 t kanji_load_kanji_052f2
001c2a8c 00000040 t kanji_load_kanji_052e7
001c2acc 00000040 t kanji_load_kanji_052e6
001c2b0c 00000040 t kanji_load_kanji_052e4
001c2b4c 00000040 t kanji_load_kanji_052e3
001c2b8c 00000040 t kanji_load_kanji_052e2
001c2bcc 00000040 t kanji_load_kanji_052e0
001c2c0c 00000040 t kanji_load_kanji_052df
001c2c4c 00000040 t kanji_load_kanji_052de
001c2c8c 00000040 t kanji_load_kanji_052dd
001c2ccc 00000040 t kanji_load_kanji_052d9
001c2d0c 00000040 t kanji_load_kanji_052d8
001c2d4c 00000040 t kanji_load_kanji_052d5
001c2d8c 00000040 t kanji_load_kanji_052d2
001c2dcc 00000040 t kanji_load_kanji_052cd
001c2e0c 00000040 t kanji_load_kanji_052c9
001c2e4c 00000040 t kanji_load_kanji_052c7
001c2e8c 00000040 t kanji_load_kanji_052c5
001c2ecc 00000040 t kanji_load_kanji_052c3
001c2f0c 00000040 t kanji_load_kanji_052c1
001c2f4c 00000044 t kanji_load_kanji_052be
001c2f90 00000044 t kanji_load_kanji_052bc
001c2fd4 00000044 t kanji_load_kanji_052b9
001c3018 00000044 t kanji_load_kanji_052b4
001c305c 00000044 t kanji_load_kanji_052b1
001c30a0 00000044 t kanji_load_kanji_052ad
001c30e4 00000044 t kanji_load_kanji_052ac
001c3128 00000044 t kanji_load_kanji_052ab
001c316c 00000044 t kanji_load_kanji_052aa
001c31b0 00000044 t kanji_load_kanji_052a9
001c31f4 00000044 t kanji_load_kanji_052a3
001c3238 00000044 t kanji_load_kanji_052a0
001c327c 00000044 t kanji_load_kanji_0529f
001c32c0 00000048 t kanji_load_kanji_0529b
001c3308 00000040 t kanji_load_kanji_05291
001c3348 00000040 t kanji_load_kanji_0528d
001c3388 00000040 t kanji_load_kanji_05289
001c33c8 00000040 t kanji_load_kanji_05288
001c3408 00000040 t kanji_load_kanji_05287
001c3448 00000040 t kanji_load_kanji_05283
001c3488 00000040 t kanji_load_kanji_0527f
001c34c8 00000040 t kanji_load_kanji_0527d
001c3508 00000040 t kanji_load_kanji_05275
001c3548 00000040 t kanji_load_kanji_05274
001c3588 00000040 t kanji_load_kanji_05273
001c35c8 00000040 t kanji_load_kanji_05272
001c3608 00000040 t kanji_load_kanji_05270
001c3648 00000040 t kanji_load_kanji_0526f
001c3688 00000040 t kanji_load_kanji_0526a
001c36c8 00000040 t kanji_load_kanji_05269
001c3708 00000040 t kanji_load_kanji_05264
001c3748 00000040 t kanji_load_kanji_05263
001c3788 00000040 t kanji_load_kanji_0525e
001c37c8 00000040 t kanji_load_kanji_0525d
001c3808 00000040 t kanji_load_kanji_0525b
001c3848 00000040 t kanji_load_kanji_05256
001c3888 00000040 t kanji_load_kanji_05254
001c38c8 00000040 t kanji_load_kanji_0524d
001c3908 00000040 t kanji_load_kanji_0524c
001c3948 00000040 t kanji_load_kanji_0524b
001c3988 00000040 t kanji_load_kanji_0524a
001c39c8 00000040 t kanji_load_kanji_05247
001c3a08 00000040 t kanji_load_kanji_05244
001c3a48 00000040 t kanji_load_kanji_05243
001c3a88 00000044 t kanji_load_kanji_0523b
001c3acc 00000044 t kanji_load_kanji_0523a
001c3b10 00000044 t kanji_load_kanji_05239
001c3b54 00000044 t kanji_load_kanji_05238
001c3b98 00000044 t kanji_load_kanji_05237
001c3bdc 00000044 t kanji_load_kanji_05236
001c3c20 00000044 t kanji_load_kanji_05233
001c3c64 00000044 t kanji_load_kanji_05230
001c3ca8 00000044 t kanji_load_kanji_0522e
001c3cec 00000044 t kanji_load_kanji_0522a
001c3d30 00000044 t kanji_load_kanji_05229
001c3d74 00000044 t kanji_load_kanji_05225
001c3db8 00000044 t kanji_load_kanji_05224
001c3dfc 00000044 t kanji_load_kanji_0521d
001c3e40 00000044 t kanji_load_kanji_05217
001c3e84 00000044 t kanji_load_kanji_05214
001c3ec8 00000044 t kanji_load_kanji_05211
001c3f0c 00000044 t kanji_load_kanji_0520e
001c3f50 00000044 t kanji_load_kanji_0520b
001c3f94 00000044 t kanji_load_kanji_0520a
001c3fd8 00000044 t kanji_load_kanji_05208
001c401c 00000044 t kanji_load_kanji_05207
001c4060 00000044 t kanji_load_kanji_05206
001c40a4 00000050 t kanji_load_kanji_05203
001c40f4 00000048 t kanji_load_kanji_05200
001c413c 00000044 t kanji_load_kanji_051fd
001c4180 00000044 t kanji_load_kanji_051fa
001c41c4 00000044 t kanji_load_kanji_051f9
001c4208 00000044 t kanji_load_kanji_051f8
001c424c 00000044 t kanji_load_kanji_051f6
001c4290 00000040 t kanji_load_kanji_051f1
001c42d0 00000040 t kanji_load_kanji_051f0
001c4310 00000044 t kanji_load_kanji_051ed
001c4354 00000044 t kanji_load_kanji_051ea
001c4398 00000044 t kanji_load_kanji_051e9
001c43dc 00000044 t kanji_load_kanji_051e7
001c4420 00000044 t kanji_load_kanji_051e6
001c4464 00000050 t kanji_load_kanji_051e1
001c44b4 00000048 t kanji_load_kanji_051e0
001c44fc 00000040 t kanji_load_kanji_051dd
001c453c 00000040 t kanji_load_kanji_051dc
001c457c 00000040 t kanji_load_kanji_051cd
001c45bc 00000040 t kanji_load_kanji_051cc
001c45fc 00000040 t kanji_load_kanji_051c6
001c463c 00000040 t kanji_load_kanji_051c5
001c467c 00000040 t kanji_load_kanji_051c4
001c46bc 00000044 t kanji_load_kanji_051bd
001c4700 00000044 t kanji_load_kanji_051b7
001c4744 00000044 t kanji_load_kanji_051b6
001c4788 00000044 t kanji_load_kanji_051b4
001c47cc 00000044 t kanji_load_kanji_051b1
001c4810 00000044 t kanji_load_kanji_051ac
001c4854 00000040 t kanji_load_kanji_051aa
001c4894 00000040 t kanji_load_kanji_051a5
001c48d4 00000040 t kanji_load_kanji_051a4
001c4914 00000040 t kanji_load_kanji_051a2
001c4954 00000040 t kanji_load_kanji_051a0
001c4994 00000044 t kanji_load_kanji_05199
001c49d8 00000044 t kanji_load_kanji_05197
001c4a1c 00000040 t kanji_load_kanji_05195
001c4a5c 00000040 t kanji_load_kanji_05192
001c4a9c 00000040 t kanji_load_kanji_05191
001c4adc 00000044 t kanji_load_kanji_0518f
001c4b20 00000044 t kanji_load_kanji_0518d
001c4b64 00000044 t kanji_load_kanji_0518c
001c4ba8 00000044 t kanji_load_kanji_0518a
001c4bec 00000044 t kanji_load_kanji_05186
001c4c30 00000044 t kanji_load_kanji_05185
001c4c74 00000040 t kanji_load_kanji_05180
001c4cb4 00000040 t kanji_load_kanji_0517c
001c4cf4 00000044 t kanji_load_kanji_05178
001c4d38 00000044 t kanji_load_kanji_05177
001c4d7c 00000044 t kanji_load_kanji_05176
001c4dc0 00000044 t kanji_load_kanji_05175
001c4e04 00000044 t kanji_load_kanji_05171
001c4e48 00000044 t kanji_load_kanji_0516d
001c4e8c 00000044 t kanji_load_kanji_0516c
001c4ed0 00000048 t kanji_load_kanji_0516b
001c4f18 00000040 t kanji_load_kanji_0516a
001c4f58 00000044 t kanji_load_kanji_05169
001c4f9c 00000044 t kanji_load_kanji_05168
001c4fe0 00000048 t kanji_load_kanji_05165
001c5028 00000040 t kanji_load_kanji_05162
001c5068 00000040 t kanji_load_kanji_0515c
001c50a8 00000040 t kanji_load_kanji_0515a
001c50e8 00000044 t kanji_load_kanji_05152
001c512c 00000044 t kanji_load_kanji_05150
001c5170 00000044 t kanji_load_kanji_0514e
001c51b4 00000044 t kanji_load_kanji_0514d
001c51f8 00000044 t kanji_load_kanji_0514c
001c523c 00000044 t kanji_load_kanji_0514b
001c5280 00000044 t kanji_load_kanji_05149
001c52c4 00000044 t kanji_load_kanji_05148
001c5308 00000044 t kanji_load_kanji_05147
001c534c 00000044 t kanji_load_kanji_05146
001c5390 00000044 t kanji_load_kanji_05145
001c53d4 00000044 t kanji_load_kanji_05144
001c5418 00000044 t kanji_load_kanji_05143
001c545c 00000044 t kanji_load_kanji_05141
001c54a0 00000050 t kanji_load_kanji_05140
001c54f0 00000040 t kanji_load_kanji_0513c
001c5530 00000040 t kanji_load_kanji_0513b
001c5570 00000040 t kanji_load_kanji_0513a
001c55b0 00000040 t kanji_load_kanji_05137
001c55f0 00000040 t kanji_load_kanji_05132
001c5630 00000040 t kanji_load_kanji_0512a
001c5670 00000040 t kanji_load_kanji_05121
001c56b0 00000040 t kanji_load_kanji_0511f
001c56f0 00000040 t kanji_load_kanji_0511a
001c5730 00000040 t kanji_load_kanji_05118
001c5770 00000040 t kanji_load_kanji_05115
001c57b0 00000040 t kanji_load_kanji_05114
001c57f0 00000040 t kanji_load_kanji_05112
001c5830 00000040 t kanji_load_kanji_05109
001c5870 00000040 t kanji_load_kanji_05104
001c58b0 00000040 t kanji_load_kanji_05102
001c58f0 00000040 t kanji_load_kanji_05101
001c5930 00000040 t kanji_load_kanji_05100
001c5970 00000040 t kanji_load_kanji_050fb
001c59b0 00000040 t kanji_load_kanji_050f9
001c59f0 00000040 t kanji_load_kanji_050f5
001c5a30 00000040 t kanji_load_kanji_050ee
001c5a70 00000040 t kanji_load_kanji_050ed
001c5ab0 00000040 t kanji_load_kanji_050e7
001c5af0 00000040 t kanji_load_kanji_050e5
001c5b30 00000040 t kanji_load_kanji_050de
001c5b70 00000040 t kanji_load_kanji_050da
001c5bb0 00000040 t kanji_load_kanji_050d6
001c5bf0 00000040 t kanji_load_kanji_050d5
001c5c30 00000040 t kanji_load_kanji_050d1
001c5c70 00000040 t kanji_load_kanji_050cf
001c5cb0 00000040 t kanji_load_kanji_050cd
001c5cf0 00000040 t kanji_load_kanji_050c9
001c5d30 00000040 t kanji_load_kanji_050c5
001c5d70 00000040 t kanji_load_kanji_050c2
001c5db0 00000040 t kanji_load_kanji_050be
001c5df0 00000040 t kanji_load_kanji_050b7
001c5e30 00000040 t kanji_load_kanji_050b5
001c5e70 00000040 t kanji_load_kanji_050b4
001c5eb0 00000040 t kanji_load_kanji_050b3
001c5ef0 00000040 t kanji_load_kanji_050b2
001c5f30 00000040 t kanji_load_kanji_050ad
001c5f70 00000040 t kanji_load_kanji_050ac
001c5fb0 00000040 t kanji_load_kanji_0509a
001c5ff0 00000040 t kanji_load_kanji_05099
001c6030 00000040 t kanji_load_kanji_05098
001c6070 00000040 t kanji_load_kanji_05091
001c60b0 00000040 t kanji_load_kanji_0508d
001c60f0 00000040 t kanji_load_kanji_05085
001c6130 00000040 t kanji_load_kanji_05080
001c6170 00000040 t kanji_load_kanji_0507d
001c61b0 00000040 t kanji_load_kanji_05078
001c61f0 00000040 t kanji_load_kanji_05076
001c6230 00000040 t kanji_load_kanji_05075
001c6270 00000040 t kanji_load_kanji_05074
001c62b0 00000040 t kanji_load_kanji_05072
001c62f0 00000040 t kanji_load_kanji_0506c
001c6330 00000040 t kanji_load_kanji_05065
001c6370 00000040 t kanji_load_kanji_0505c
001c63b0 00000040 t kanji_load_kanji_0505a
001c63f0 00000040 t kanji_load_kanji_05056
001c6430 00000040 t kanji_load_kanji_05055
001c6470 00000040 t kanji_load_kanji_05050
001c64b0 00000040 t kanji_load_kanji_0504f
001c64f0 00000040 t kanji_load_kanji_05049
001c6530 00000040 t kanji_load_kanji_05048
001c6570 00000040 t kanji_load_kanji_05047
001c65b0 00000040 t kanji_load_kanji_05043
001c65f0 00000040 t kanji_load_kanji_05039
001c6630 00000040 t kanji_load_kanji_0502d
001c6670 00000040 t kanji_load_kanji_0502c
001c66b0 00000040 t kanji_load_kanji_0502b
001c66f0 00000040 t kanji_load_kanji_0502a
001c6730 00000040 t kanji_load_kanji_05029
001c6770 00000040 t kanji_load_kanji_05028
001c67b0 00000040 t kanji_load_kanji_05026
001c67f0 00000040 t kanji_load_kanji_05025
001c6830 00000040 t kanji_load_kanji_05024
001c6870 00000040 t kanji_load_kanji_05023
001c68b0 00000040 t kanji_load_kanji_05021
001c68f0 00000040 t kanji_load_kanji_0501f
001c6930 00000040 t kanji_load_kanji_0501a
001c6970 00000040 t kanji_load_kanji_05019
001c69b0 00000040 t kanji_load_kanji_05016
001c69f0 00000040 t kanji_load_kanji_05014
001c6a30 00000040 t kanji_load_kanji_05012
001c6a70 00000040 t kanji_load_kanji_05011
001c6ab0 00000040 t kanji_load_kanji_0500f
001c6af0 00000040 t kanji_load_kanji_0500d
001c6b30 00000040 t kanji_load_kanji_0500b
001c6b70 00000040 t kanji_load_kanji_05009
001c6bb0 00000040 t kanji_load_kanji_05006
001c6bf0 00000040 t kanji_load_kanji_05005
001c6c30 00000040 t kanji_load_kanji_04ffe
001c6c70 00000040 t kanji_load_kanji_04ffa
001c6cb0 00000040 t kanji_load_kanji_04ff8
001c6cf0 00000040 t kanji_load_kanji_04ff6
001c6d30 00000040 t kanji_load_kanji_04ff5
001c6d70 00000040 t kanji_load_kanji_04ff3
001c6db0 00000040 t kanji_load_kanji_04ff1
001c6df0 00000040 t kanji_load_kanji_04fef
001c6e30 00000040 t kanji_load_kanji_04fee
001c6e70 00000040 t kanji_load_kanji_04fe5
001c6eb0 00000040 t kanji_load_kanji_04fe4
001c6ef0 00000040 t kanji_load_kanji_04fe3
001c6f30 00000040 t kanji_load_kanji_04fe1
001c6f70 00000040 t kanji_load_kanji_04fdf
001c6fb0 00000040 t kanji_load_kanji_04fdd
001c6ff0 00000040 t kanji_load_kanji_04fdb
001c7030 00000040 t kanji_load_kanji_04fda
001c7070 00000040 t kanji_load_kanji_04fd8
001c70b0 00000040 t kanji_load_kanji_04fd7
001c70f0 00000040 t kanji_load_kanji_04fd4
001c7130 00000040 t kanji_load_kanji_04fd1
001c7170 00000040 t kanji_load_kanji_04fd0
001c71b0 00000040 t kanji_load_kanji_04fce
001c71f0 00000040 t kanji_load_kanji_04fca
001c7230 00000040 t kanji_load_kanji_04fc4
001c7270 00000040 t kanji_load_kanji_04fc3
001c72b0 00000040 t kanji_load_kanji_04fc2
001c72f0 00000040 t kanji_load_kanji_04fbf
001c7330 00000040 t kanji_load_kanji_04fb6
001c7370 00000040 t kanji_load_kanji_04fb5
001c73b0 00000040 t kanji_load_kanji_04faf
001c73f0 00000044 t kanji_load_kanji_04fae
001c7434 00000044 t kanji_load_kanji_04fa1
001c7478 00000044 t kanji_load_kanji_04f9d
001c74bc 00000044 t kanji_load_kanji_04f9b
001c7500 00000044 t kanji_load_kanji_04f98
001c7544 00000044 t kanji_load_kanji_04f96
001c7588 00000044 t kanji_load_kanji_04f91
001c75cc 00000044 t kanji_load_kanji_04f8f
001c7610 00000044 t kanji_load_kanji_04f8d
001c7654 00000044 t kanji_load_kanji_04f8b
001c7698 00000044 t kanji_load_kanji_04f88
001c76dc 00000044 t kanji_load_kanji_04f86
001c7720 00000044 t kanji_load_kanji_04f83
001c7764 00000044 t kanji_load_kanji_04f7f
001c77a8 00000044 t kanji_load_kanji_04f7c
001c77ec 00000044 t kanji_load_kanji_04f7b
001c7830 00000044 t kanji_load_kanji_04f76
001c7874 00000044 t kanji_load_kanji_04f75
001c78b8 00000044 t kanji_load_kanji_04f73
001c78fc 00000044 t kanji_load_kanji_04f70
001c7940 00000044 t kanji_load_kanji_04f6f
001c7984 00000044 t kanji_load_kanji_04f69
001c79c8 00000044 t kanji_load_kanji_04f5e
001c7a0c 00000044 t kanji_load_kanji_04f5d
001c7a50 00000044 t kanji_load_kanji_04f5c
001c7a94 00000044 t kanji_load_kanji_04f5b
001c7ad8 00000044 t kanji_load_kanji_04f5a
001c7b1c 00000044 t kanji_load_kanji_04f59
001c7b60 00000044 t kanji_load_kanji_04f57
001c7ba4 00000044 t kanji_load_kanji_04f55
001c7be8 00000044 t kanji_load_kanji_04f53
001c7c2c 00000044 t kanji_load_kanji_04f51
001c7c70 00000044 t kanji_load_kanji_04f50
001c7cb4 00000044 t kanji_load_kanji_04f4f
001c7cf8 00000044 t kanji_load_kanji_04f4e
001c7d3c 00000044 t kanji_load_kanji_04f4d
001c7d80 00000044 t kanji_load_kanji_04f47
001c7dc4 00000044 t kanji_load_kanji_04f46
001c7e08 00000044 t kanji_load_kanji_04f43
001c7e4c 00000044 t kanji_load_kanji_04f3d
001c7e90 00000044 t kanji_load_kanji_04f3c
001c7ed4 00000044 t kanji_load_kanji_04f3a
001c7f18 00000044 t kanji_load_kanji_04f38
001c7f5c 00000044 t kanji_load_kanji_04f36
001c7fa0 00000044 t kanji_load_kanji_04f34
001c7fe4 00000044 t kanji_load_kanji_04f30
001c8028 00000044 t kanji_load_kanji_04f2f
001c806c 00000044 t kanji_load_kanji_04f1d
001c80b0 00000044 t kanji_load_kanji_04f1a
001c80f4 00000044 t kanji_load_kanji_04f11
001c8138 00000044 t kanji_load_kanji_04f10
001c817c 00000044 t kanji_load_kanji_04f0f
001c81c0 00000044 t kanji_load_kanji_04f0e
001c8204 00000044 t kanji_load_kanji_04f0d
001c8248 00000044 t kanji_load_kanji_04f0a
001c828c 00000044 t kanji_load_kanji_04f09
001c82d0 00000044 t kanji_load_kanji_04f01
001c8314 00000044 t kanji_load_kanji_04efb
001c8358 00000044 t kanji_load_kanji_04ef7
001c839c 00000044 t kanji_load_kanji_04ef6
001c83e0 00000044 t kanji_load_kanji_04ef2
001c8424 00000044 t kanji_load_kanji_04ef0
001c8468 00000044 t kanji_load_kanji_04eee
001c84ac 00000044 t kanji_load_kanji_04ee5
001c84f0 00000044 t kanji_load_kanji_04ee4
001c8534 00000044 t kanji_load_kanji_04ee3
001c8578 00000044 t kanji_load_kanji_04edf
001c85bc 00000044 t kanji_load_kanji_04ede
001c8600 00000044 t kanji_load_kanji_04ed9
001c8644 00000044 t kanji_load_kanji_04ed8
001c8688 00000044 t kanji_load_kanji_04ed7
001c86cc 00000044 t kanji_load_kanji_04ed6
001c8710 00000044 t kanji_load_kanji_04ed5
001c8754 00000044 t kanji_load_kanji_04ed4
001c8798 00000044 t kanji_load_kanji_04ecf
001c87dc 00000044 t kanji_load_kanji_04ece
001c8820 00000044 t kanji_load_kanji_04ecd
001c8864 00000044 t kanji_load_kanji_04ecb
001c88a8 00000044 t kanji_load_kanji_04eca
001c88ec 00000044 t kanji_load_kanji_04ec7
001c8930 00000044 t kanji_load_kanji_04ec6
001c8974 00000044 t kanji_load_kanji_04ec4
001c89b8 00000044 t kanji_load_kanji_04ec2
001c89fc 00000044 t kanji_load_kanji_04ec1
001c8a40 00000044 t kanji_load_kanji_04ec0
001c8a84 00000048 t kanji_load_kanji_04eba
001c8acc 00000040 t kanji_load_kanji_04eb6
001c8b0c 00000040 t kanji_load_kanji_04eae
001c8b4c 00000040 t kanji_load_kanji_04ead
001c8b8c 00000044 t kanji_load_kanji_04eac
001c8bd0 00000044 t kanji_load_kanji_04eab
001c8c14 00000044 t kanji_load_kanji_04ea8
001c8c58 00000044 t kanji_load_kanji_04ea6
001c8c9c 00000044 t kanji_load_kanji_04ea5
001c8ce0 00000044 t kanji_load_kanji_04ea4
001c8d24 00000044 t kanji_load_kanji_04ea2
001c8d68 00000050 t kanji_load_kanji_04ea1
001c8db8 00000044 t kanji_load_kanji_04e9f
001c8dfc 00000044 t kanji_load_kanji_04e9e
001c8e40 00000044 t kanji_load_kanji_04e9c
001c8e84 00000044 t kanji_load_kanji_04e9b
001c8ec8 00000044 t kanji_load_kanji_04e99
001c8f0c 00000044 t kanji_load_kanji_04e98
001c8f50 00000044 t kanji_load_kanji_04e95
001c8f94 00000044 t kanji_load_kanji_04e94
001c8fd8 00000044 t kanji_load_kanji_04e92
001c901c 00000044 t kanji_load_kanji_04e91
001c9060 00000050 t kanji_load_kanji_04e8e
001c90b0 00000048 t kanji_load_kanji_04e8c
001c90f8 00000044 t kanji_load_kanji_04e8b
001c913c 00000044 t kanji_load_kanji_04e89
001c9180 00000044 t kanji_load_kanji_04e88
001c91c4 00000048 t kanji_load_kanji_04e86
001c920c 00000040 t kanji_load_kanji_04e82
001c924c 00000040 t kanji_load_kanji_04e80
001c928c 00000040 t kanji_load_kanji_04e7e
001c92cc 00000044 t kanji_load_kanji_04e73
001c9310 00000044 t kanji_load_kanji_04e71
001c9354 00000050 t kanji_load_kanji_04e5f
001c93a4 00000050 t kanji_load_kanji_04e5e
001c93f4 00000048 t kanji_load_kanji_04e5d
001c943c 0000001c t kanji_load_kanji_04e59
001c9458 00000040 t kanji_load_kanji_04e58
001c9498 00000040 t kanji_load_kanji_04e57
001c94d8 00000044 t kanji_load_kanji_04e56
001c951c 00000044 t kanji_load_kanji_04e4f
001c9560 00000044 t kanji_load_kanji_04e4e
001c95a4 00000044 t kanji_load_kanji_04e4d
001c95e8 00000050 t kanji_load_kanji_04e4b
001c9638 00000050 t kanji_load_kanji_04e45
001c9688 00000048 t kanji_load_kanji_04e43
001c96d0 00000048 t kanji_load_kanji_04e42
001c9718 00000044 t kanji_load_kanji_04e3c
001c975c 00000044 t kanji_load_kanji_04e3b
001c97a0 00000044 t kanji_load_kanji_04e39
001c97e4 00000050 t kanji_load_kanji_04e38
001c9834 00000044 t kanji_load_kanji_04e32
001c9878 00000044 t kanji_load_kanji_04e31
001c98bc 00000044 t kanji_load_kanji_04e2d
001c9900 00000044 t kanji_load_kanji_04e26
001c9944 00000044 t kanji_load_kanji_04e21
001c9988 00000044 t kanji_load_kanji_04e1e
001c99cc 00000044 t kanji_load_kanji_04e19
001c9a10 00000044 t kanji_load_kanji_04e18
001c9a54 00000044 t kanji_load_kanji_04e16
001c9a98 00000044 t kanji_load_kanji_04e15
001c9adc 00000044 t kanji_load_kanji_04e14
001c9b20 00000044 t kanji_load_kanji_04e11
001c9b64 00000044 t kanji_load_kanji_04e10
001c9ba8 00000050 t kanji_load_kanji_04e0e
001c9bf8 00000044 t kanji_load_kanji_04e0d
001c9c3c 00000050 t kanji_load_kanji_04e0b
001c9c8c 00000050 t kanji_load_kanji_04e0a
001c9cdc 00000050 t kanji_load_kanji_04e09
001c9d2c 00000050 t kanji_load_kanji_04e08
001c9d7c 00000050 t kanji_load_kanji_04e07
001c9dcc 00000048 t kanji_load_kanji_04e03
001c9e14 00000048 t kanji_load_kanji_04e01
001c9e5c 0000001c t kanji_load_kanji_04e00
001c9e78 0000001c t kanji_load_kata_030fc
001c9e94 0000001c t kanji_load_kata_030fb
001c9eb0 00000044 t kanji_load_kata_030f4
001c9ef4 00000048 t kanji_load_kata_030f3
001c9f3c 00000050 t kanji_load_kata_030f2
001c9f8c 00000048 t kanji_load_kata_030ef
001c9fd4 00000050 t kanji_load_kata_030ed
001ca024 0000001c t kanji_load_kata_030ec
001ca040 00000048 t kanji_load_kata_030eb
001ca088 00000048 t kanji_load_kata_030ea
001ca0d0 00000048 t kanji_load_kata_030e9
001ca118 00000050 t kanji_load_kata_030e8
001ca168 00000050 t kanji_load_kata_030e7
001ca1b8 00000048 t kanji_load_kata_030e6
001ca200 00000048 t kanji_load_kata_030e5
001ca248 00000048 t kanji_load_kata_030e4
001ca290 00000048 t kanji_load_kata_030e3
001ca2d8 00000050 t kanji_load_kata_030e2
001ca328 00000048 t kanji_load_kata_030e1
001ca370 00000048 t kanji_load_kata_030e0
001ca3b8 00000050 t kanji_load_kata_030df
001ca408 00000048 t kanji_load_kata_030de
001ca450 00000044 t kanji_load_kata_030dd
001ca494 00000044 t kanji_load_kata_030dc
001ca4d8 00000044 t kanji_load_kata_030db
001ca51c 00000048 t kanji_load_kata_030da
001ca564 00000050 t kanji_load_kata_030d9
001ca5b4 0000001c t kanji_load_kata_030d8
001ca5d0 00000048 t kanji_load_kata_030d7
001ca618 00000050 t kanji_load_kata_030d6
001ca668 0000001c t kanji_load_kata_030d5
001ca684 00000050 t kanji_load_kata_030d4
001ca6d4 00000044 t kanji_load_kata_030d3
001ca718 00000048 t kanji_load_kata_030d2
001ca760 00000050 t kanji_load_kata_030d1
001ca7b0 00000044 t kanji_load_kata_030d0
001ca7f4 00000048 t kanji_load_kata_030cf
001ca83c 0000001c t kanji_load_kata_030ce
001ca858 00000044 t kanji_load_kata_030cd
001ca89c 00000048 t kanji_load_kata_030cc
001ca8e4 00000048 t kanji_load_kata_030cb
001ca92c 00000048 t kanji_load_kata_030ca
001ca974 00000044 t kanji_load_kata_030c9
001ca9b8 00000048 t kanji_load_kata_030c8
001caa00 00000044 t kanji_load_kata_030c7
001caa44 00000050 t kanji_load_kata_030c6
001caa94 00000044 t kanji_load_kata_030c5
001caad8 00000050 t kanji_load_kata_030c4
001cab28 00000050 t kanji_load_kata_030c3
001cab78 00000044 t kanji_load_kata_030c2
001cabbc 00000050 t kanji_load_kata_030c1
001cac0c 00000044 t kanji_load_kata_030c0
001cac50 00000050 t kanji_load_kata_030bf
001caca0 00000044 t kanji_load_kata_030be
001cace4 00000048 t kanji_load_kata_030bd
001cad2c 00000044 t kanji_load_kata_030bc
001cad70 00000048 t kanji_load_kata_030bb
001cadb8 00000044 t kanji_load_kata_030ba
001cadfc 00000048 t kanji_load_kata_030b9
001cae44 00000044 t kanji_load_kata_030b8
001cae88 00000050 t kanji_load_kata_030b7
001caed8 00000044 t kanji_load_kata_030b6
001caf1c 00000050 t kanji_load_kata_030b5
001caf6c 00000044 t kanji_load_kata_030b4
001cafb0 00000048 t kanji_load_kata_030b3
001caff8 00000044 t kanji_load_kata_030b2
001cb03c 00000050 t kanji_load_kata_030b1
001cb08c 00000044 t kanji_load_kata_030b0
001cb0d0 00000048 t kanji_load_kata_030af
001cb118 00000044 t kanji_load_kata_030ae
001cb15c 00000050 t kanji_load_kata_030ad
001cb1ac 00000044 t kanji_load_kata_030ac
001cb1f0 00000048 t kanji_load_kata_030ab
001cb238 00000050 t kanji_load_kata_030aa
001cb288 00000050 t kanji_load_kata_030a9
001cb2d8 00000050 t kanji_load_kata_030a8
001cb328 00000050 t kanji_load_kata_030a7
001cb378 00000050 t kanji_load_kata_030a6
001cb3c8 00000050 t kanji_load_kata_030a5
001cb418 00000048 t kanji_load_kata_030a4
001cb460 00000048 t kanji_load_kata_030a3
001cb4a8 00000048 t kanji_load_kata_030a2
001cb4f0 00000048 t kanji_load_kata_030a1
001cb538 0000001c t kanji_load_hira_03093
001cb554 00000050 t kanji_load_hira_03092
001cb5a4 00000048 t kanji_load_hira_0308f
001cb5ec 0000001c t kanji_load_hira_0308d
001cb608 00000048 t kanji_load_hira_0308c
001cb650 0000001c t kanji_load_hira_0308b
001cb66c 00000048 t kanji_load_hira_0308a
001cb6b4 00000048 t kanji_load_hira_03089
001cb6fc 00000048 t kanji_load_hira_03088
001cb744 00000048 t kanji_load_hira_03087
001cb78c 00000048 t kanji_load_hira_03086
001cb7d4 00000048 t kanji_load_hira_03085
001cb81c 00000050 t kanji_load_hira_03084
001cb86c 00000050 t kanji_load_hira_03083
001cb8bc 00000050 t kanji_load_hira_03082
001cb90c 00000048 t kanji_load_hira_03081
001cb954 00000050 t kanji_load_hira_03080
001cb9a4 00000048 t kanji_load_hira_0307f
001cb9ec 00000050 t kanji_load_hira_0307e
001cba3c 00000044 t kanji_load_hira_0307d
001cba80 00000044 t kanji_load_hira_0307c
001cbac4 00000044 t kanji_load_hira_0307b
001cbb08 00000048 t kanji_load_hira_0307a
001cbb50 00000050 t kanji_load_hira_03079
001cbba0 0000001c t kanji_load_hira_03078
001cbbbc 00000044 t kanji_load_hira_03077
001cbc00 00000044 t kanji_load_hira_03076
001cbc44 00000044 t kanji_load_hira_03075
001cbc88 00000048 t kanji_load_hira_03074
001cbcd0 00000050 t kanji_load_hira_03073
001cbd20 0000001c t kanji_load_hira_03072
001cbd3c 00000044 t kanji_load_hira_03071
001cbd80 00000044 t kanji_load_hira_03070
001cbdc4 00000050 t kanji_load_hira_0306f
001cbe14 0000001c t kanji_load_hira_0306e
001cbe30 00000048 t kanji_load_hira_0306d
001cbe78 00000048 t kanji_load_hira_0306c
001cbec0 00000050 t kanji_load_hira_0306b
001cbf10 00000044 t kanji_load_hira_0306a
001cbf54 00000044 t kanji_load_hira_03069
001cbf98 00000048 t kanji_load_hira_03068
001cbfe0 00000050 t kanji_load_hira_03067
001cc030 0000001c t kanji_load_hira_03066
001cc04c 00000050 t kanji_load_hira_03065
001cc09c 0000001c t kanji_load_hira_03064
001cc0b8 0000001c t kanji_load_hira_03063
001cc0d4 00000044 t kanji_load_hira_03062
001cc118 00000048 t kanji_load_hira_03061
001cc160 00000044 t kanji_load_hira_03060
001cc1a4 00000044 t kanji_load_hira_0305f
001cc1e8 00000050 t kanji_load_hira_0305e
001cc238 0000001c t kanji_load_hira_0305d
001cc254 00000044 t kanji_load_hira_0305c
001cc298 00000050 t kanji_load_hira_0305b
001cc2e8 00000044 t kanji_load_hira_0305a
001cc32c 00000048 t kanji_load_hira_03059
001cc374 00000050 t kanji_load_hira_03058
001cc3c4 0000001c t kanji_load_hira_03057
001cc3e0 00000044 t kanji_load_hira_03056
001cc424 00000050 t kanji_load_hira_03055
001cc474 00000044 t kanji_load_hira_03054
001cc4b8 00000048 t kanji_load_hira_03053
001cc500 00000044 t kanji_load_hira_03052
001cc544 00000050 t kanji_load_hira_03051
001cc594 00000050 t kanji_load_hira_03050
001cc5e4 0000001c t kanji_load_hira_0304f
001cc600 00000044 t kanji_load_hira_0304e
001cc644 00000044 t kanji_load_hira_0304d
001cc688 00000044 t kanji_load_hira_0304c
001cc6cc 00000050 t kanji_load_hira_0304b
001cc71c 00000050 t kanji_load_hira_0304a
001cc76c 00000050 t kanji_load_hira_03049
001cc7bc 00000048 t kanji_load_hira_03048
001cc804 00000048 t kanji_load_hira_03047
001cc84c 00000048 t kanji_load_hira_03046
001cc894 00000048 t kanji_load_hira_03045
001cc8dc 00000048 t kanji_load_hira_03044
001cc924 00000048 t kanji_load_hira_03043
001cc96c 00000050 t kanji_load_hira_03042
001cc9bc 00000050 t kanji_load_hira_03041
001cca0c 00000050 t kanji_load_kanji_03005
001cca5c 0000001c t kanji_load_kanji_03002
001cca78 0000001c t kanji_load_kanji_03001
001cca94 000000d0 T unicode_to_utf8
001ccb64 00000658 T draw_kanji_detail
001cd1bc 00001720 T mostrar_tabla_kanji
001ce8e0 0000051c T handle_tabla_touch_kanji
001cedfc 00000288 T kanji_handle_input
001cf084 00000018 T drawing_view_clear
001cf09c 000000b8 T drawing_view_update
001cf154 000000d0 T drawing_view_touch
001cf224 0000012c T drawing_view_render_panel
001cf350 000003b8 T drawing_view_render_tail
001cf708 00000064 T drawing_view_render
001cf76c 00000044 t C2Di_FrameEndHook
001cf7b0 00000368 T C2D_Init
001cfb18 0000004c T C2D_Fini
001cfb64 000000bc T C2D_Prepare
001cfc20 00000048 T C2D_Flush
001cfc68 000000fc T C2D_SceneSize
001cfd64 00000060 T C2D_CreateScreenTarget
001cfdc4 00000060 T C2D_TargetClear
001cfe24 0000014c T C2Di_CalcQuad
001cff70 00000054 T C2Di_AppendQuad
001cffc4 00000040 T C2Di_AppendVtx
001d0004 00000738 T C2Di_Update
001d073c 000002e8 T C2D_DrawImage
001d0a24 00000168 T C2D_DrawRectangle
001d0b8c 00000174 T C2D_DrawEllipse
001d0d00 00000040 T C2D_FontFree
001d0d40 000000f8 t C2Di_PostLoadFont
001d0e38 000000b8 T C2D_FontLoadFromHandle
001d0ef0 00000048 T C2D_FontLoad
001d0f38 00000050 T C2D_FontGlyphIndexFromCodePoint
001d0f88 00000074 T C2D_FontCalcGlyphPos
001d0ffc 00000068 T C2D_SpriteSheetLoadFromHandle
001d1064 00000048 T C2D_SpriteSheetLoad
001d10ac 00000028 T C2D_SpriteSheetGetImage
001d10d4 00000018 t C2Di_GlyphComp
001d10ec 00000180 t C2Di_CalcLineWidths
001d126c 000001d0 T C2D_TextBufNew
001d143c 00000004 T C2D_TextBufDelete
001d1440 0000000c T C2D_TextBufClear
001d144c 000001c4 T C2D_TextFontParseLine
001d1610 000000a4 T C2D_TextFontParse
001d16b4 00000030 T C2D_TextOptimize
001d16e4 000000e8 T C2D_TextGetDimensions
001d17cc 00000fdc T C2D_DrawText
001d27a8 00000028 T AttrInfo_Init
001d27d0 00000094 T AttrInfo_AddLoader
001d2864 00000054 T C3D_SetAttrInfo
001d28b8 00000080 T C3Di_AttrInfoBind
001d2938 00000004 W C3Di_LightEnvUpdate
001d293c 00000004 W C3Di_LightEnvDirty
001d2940 000000b4 t C3Di_AptEventHook
001d29f4 00000004 W C3Di_GasUpdate
001d29f8 000001d0 T C3D_Init
001d2bc8 00000098 T C3D_SetViewport
001d2c60 000004e8 T C3Di_UpdateContext
001d3148 000000e0 T C3Di_SplitFrame
001d3228 00000044 T C3D_Fini
001d326c 00000194 T C3D_BindProgram
001d3400 00000024 T BufInfo_Init
001d3424 00000080 T BufInfo_Add
001d34a4 0000003c T C3D_SetBufInfo
001d34e0 00000048 T C3Di_BufInfoBind
001d3528 0000021c T C3D_DrawElements
001d3744 00000040 T C3D_DepthMap
001d3784 0000001c T C3D_CullFace
001d37a0 00000040 T C3D_StencilTest
001d37e0 00000024 T C3D_StencilOp
001d3804 0000001c T C3D_BlendingColor
001d3820 00000024 T C3D_EarlyDepthTest
001d3844 0000002c T C3D_DepthTest
001d3870 0000002c T C3D_AlphaTest
001d389c 00000050 T C3D_AlphaBlend
001d38ec 00000030 T C3D_FragOpMode
001d391c 00000044 T C3D_FragOpShadow
001d3960 000001ac T C3Di_EffectBind
001d3b0c 0000001c T C3D_CalcColorBufSize
001d3b28 0000001c T C3D_CalcDepthBufSize
001d3b44 00000044 T C3D_SetFrameBuf
001d3b88 0000016c T C3Di_FrameBufBind
001d3cf4 000000c8 T C3D_FrameBufClear
001d3dbc 00000044 T C3D_FrameBufTransfer
001d3e00 000000a8 T C3D_ImmSendAttrib
001d3ea8 00000070 T C3D_ProcTexInit
001d3f18 00000054 T C3D_ProcTexBind
001d3f6c 0000005c T C3D_ProcTexLutBind
001d3fc8 000000a4 T ProcTexLut_FromArray
001d406c 00000178 T C3Di_ProcTexUpdate
001d41e4 00000068 T C3Di_ProcTexDirty
001d424c 0000004c t onVBlank0
001d4298 0000004c t onVBlank1
001d42e4 00000080 t C3Di_RenderTargetDestroy
001d4364 000000f4 t onQueueFinish
001d4458 00000038 T C3Di_RenderQueueEnableVBlank
001d4490 00000030 T C3Di_RenderQueueDisableVBlank
001d44c0 00000060 T C3Di_RenderQueueInit
001d4520 000000b4 T C3Di_RenderQueueExit
001d45d4 00000034 T C3Di_RenderQueueWaitDone
001d4608 000000e8 T C3D_FrameBegin
001d46f0 00000048 T C3D_FrameDrawOn
001d4738 00000058 T C3D_FrameSplit
001d4790 000001d0 T C3D_FrameEnd
001d4960 0000001c T C3D_FrameEndHook
001d497c 00000170 T C3D_RenderTargetCreate
001d4aec 000000a8 T C3D_RenderTargetSetOutput
001d4b94 000000fc T C3D_SyncTextureCopy
001d4c90 000003d8 t Tex3DSi_ImportCommon
001d5068 00000038 T Tex3DS_TextureImportStdio
001d50a0 0000001c T Tex3DS_GetSubTexture
001d50bc 00000034 T C3D_GetTexEnv
001d50f0 00000024 T C3Di_TexEnvBind
001d5114 00000290 T C3D_TexInitWithParams
001d53a4 000000c8 T C3D_TexLoadImage
001d546c 00000044 T C3D_TexBind
001d54b0 00000074 T C3D_TexDelete
001d5524 0000014c T C3Di_SetTex
001d5670 00000290 T C3D_UpdateUniforms
001d5900 000000c0 T C3Di_DirtyUniforms
001d59c0 000000d8 T C3Di_LoadShaderUniforms
001d5a98 00000028 T C3Di_ClearShaderUniforms
001d5ac0 000000cc T Mtx_Ortho
001d5b8c 000000cc T Mtx_OrthoTilt
001d5c58 00000024 t addrMapNodeComparator(rbtree_node const*, rbtree_node const*)
001d5c7c 00000004 t addrMapNodeDestructor(rbtree_node*)
001d5c80 0000012c T linearMemAlign
001d5dac 00000008 T linearAlloc
001d5db4 0000005c T linearFree
001d5e10 00000088 T MemPool::CoalesceRight(MemBlock*)
001d5e98 00000178 T MemPool::Allocate(MemChunk&, unsigned long, int)
001d6010 00000118 T MemPool::Deallocate(MemChunk const&)
001d6128 00000030 T MemPool::GetFreeSpace()
001d6158 00000024 t addrMapNodeComparator(rbtree_node const*, rbtree_node const*)
001d617c 00000004 t addrMapNodeDestructor(rbtree_node*)
001d6180 00000248 T vramMemAlignAt
001d63c8 0000000c T vramAlloc
001d63d4 0000000c T vramAllocAt
001d63e0 00000094 T vramFree
001d6474 0000009c T fontEnsureMapped
001d6510 0000007c T fontFixPointers
001d658c 00000100 T fontGlyphIndexFromCodePoint
001d668c 00000214 T fontCalcGlyphPos
001d68a0 000000cc t gfxPresentFramebuffer
001d696c 0000001c T gfxIsWide
001d6988 000000f8 T gfxSetScreenFormat
001d6a80 000000d8 T gfxInit
001d6b58 00000010 T gfxInitDefault
001d6b68 000000b8 T gfxExit
001d6c20 000000a0 T gfxGetFramebuffer
001d6cc0 00000028 T gfxScreenSwapBuffers
001d6ce8 00000074 T osConvertVirtToPhys
001d6d5c 00000054 T osGetTimeRef
001d6db0 000000ec T osGetTime
001d6e9c 00000034 T __ctru_speedup_config
001d6ed0 00000008 t romfs_close
001d6ed8 000000ac t romfs_seek
001d6f84 00000024 t romfs_dirreset
001d6fa8 000000c0 t fill_dir
001d7068 000002ac t romfs_dirnext
001d7314 00000074 t romfs_free
001d7388 000000d0 t searchForFile.constprop.0
001d7458 000000d4 t searchForDir.constprop.0
001d752c 000001c0 t navigateToDir.constprop.0
001d76ec 00000114 t romfs_open
001d7800 0000004c t romfs_chdir
001d784c 00000068 t romfs_diropen
001d78b4 00000178 t romfs_stat
001d7a2c 00000008 t romfs_dirclose
001d7a38 0000007c t romfs_fstat
001d7ab4 000000d0 t romfs_read
001d7b84 00000294 T romfsMountFromFile
001d7e18 00000098 T romfsMountFromCurrentProcess
001d7eb0 00000258 T romfsMountSelf
001d8108 0000000c T __sync_init
001d8114 00000018 T __sync_fini
001d812c 00000028 T syncArbitrateAddress
001d8154 0000001c T LightLock_Init
001d8170 000000ac T LightLock_Lock
001d821c 00000040 T LightLock_Unlock
001d825c 00000054 T RecursiveLock_Lock
001d82b0 00000054 T RecursiveLock_Unlock
001d8304 00000044 T LightEvent_Init
001d8348 000000b8 T LightEvent_Clear
001d8400 000000dc T LightEvent_Signal
001d84dc 00000050 T LightEvent_TryWait
001d852c 000000ac T LightEvent_Wait
001d85d8 000001fc T threadCreate
001d87d4 00000038 T threadFree
001d880c 00000024 T threadJoin
001d8830 00000030 T threadGetCurrent
001d8860 00000040 T threadExit
001d88a0 00000020 t _thread_begin
001d88c0 0000013c T GPUCMD_Add
001d89fc 000000b0 T GPUCMD_Split
001d8aac 00000034 T f32tof16
001d8ae0 00000034 T f32tof24
001d8b14 00000038 T f32tof31
001d8b4c 00000010 T GX_BindQueue
001d8b5c 0000007c T GX_ProcessCommandList
001d8bd8 00000074 T GX_MemoryFill
001d8c4c 00000074 T GX_DisplayTransfer
001d8cc0 00000078 T GX_TextureCopy
001d8d38 00000064 t gxCmdQueueDoCommands.part.0
001d8d9c 000000e4 T gxCmdQueueInterrupt
001d8e80 00000068 T gxCmdQueueClear
001d8ee8 00000108 T gxCmdQueueAdd
001d8ff0 00000080 T gxCmdQueueRun
001d9070 00000064 T gxCmdQueueStop
001d90d4 000000ac T gxCmdQueueWait
001d9180 000001e0 T shaderInstanceInit
001d9360 00000018 T shaderInstanceGetUniformLocation
001d9378 0000001c T shaderProgramInit
001d9394 00000074 T shaderProgramFree
001d9408 00000094 T shaderProgramSetVsh
001d949c 000008d0 T shaderProgramConfigure
001d9d6c 000001dc t DVLE_GenerateOutmap.part.0
001d9f48 000001ac T DVLB_ParseFile
001da0f4 00000050 T DVLB_Free
001da144 00000074 T DVLE_GetUniformRegister
001da1b8 00000180 t aptConvertScreenForCapture
001da338 00000138 T aptSendCommand
001da470 00000044 t aptExitProcess
001da4b4 00000394 T aptExit
001da848 000000d8 T aptHandleSleep
001da920 00000034 T aptHook
001da954 00000030 T aptUnhook
001da984 00000084 T APT_SleepIfShellClosed
001daa08 00000078 T aptSetSleepAllowed
001daa80 00000084 T APT_UnlockTransition
001dab08 00000470 t aptEventHandler
001daf78 000000bc T APT_ReceiveParameter
001db034 000000b0 t aptReceiveParameter.constprop.0
001db0e8 00000294 t aptScreenTransfer
001db37c 000002d0 t aptWaitForWakeUp.isra.0
001db64c 000000f4 T aptJumpToHomeMenu
001db740 00000058 T aptMainLoop
001db798 00000240 T aptInit
001db9d8 00000090 T APT_CheckNew3DS
001dba68 00000048 T APT_GetSharedFont
001dbab0 000000a8 T cfguInit
001dbb58 000001fc T csndInit
001dbd54 000000bc T csndExit
001dbe10 000000dc T csndAddCmd
001dbeec 000000c8 T csndExecCmds
001dbfb4 00000030 T CSND_SetPlayState
001dbfe4 0000001c T CSND_UpdateInfo
001dc000 00000288 T csndPlaySound
001dc288 000000a4 t DSP_LoadComponent.part.0
001dc32c 000000b4 T aptDspSleep
001dc3e0 000000b4 T aptDspWakeup
001dc494 00000044 T aptDspCancel
001dc4d8 00000050 T DSP_FlushDataCache
001dc528 00000104 T fsInit
001dc62c 0000003c T fsExit
001dc668 00000068 T fsExemptFromSession
001dc6d0 00000050 T fsUnexemptFromSession
001dc720 000000cc T FSUSER_OpenFile
001dc7ec 000000cc T FSUSER_OpenFileDirectly
001dc8b8 000000b8 T FSUSER_DeleteFile
001dc970 000000f4 T FSUSER_RenameFile
001dca64 000000b8 T FSUSER_DeleteDirectory
001dcb1c 000000d0 T FSUSER_CreateFile
001dcbec 000000c0 T FSUSER_CreateDirectory
001dccac 000000f4 T FSUSER_RenameDirectory
001dcda0 000000b4 T FSUSER_OpenDirectory
001dce54 00000090 T FSUSER_OpenArchive
001dcee4 0000008c T FSUSER_CloseArchive
001dcf70 00000074 T FSUSER_GetSdmcArchiveResource
001dcfe4 00000064 T FSUSER_IsSdmcWritable
001dd048 00000064 T FSFILE_Read
001dd0ac 0000006c T FSFILE_Write
001dd118 00000044 T FSFILE_GetSize
001dd15c 00000028 T FSFILE_SetSize
001dd184 0000003c T FSFILE_Close
001dd1c0 00000024 T FSFILE_Flush
001dd1e4 00000060 T FSDIR_Read
001dd244 0000003c T FSDIR_Close
001dd280 00000c70 t gspHardwareInit
001ddef0 00000288 T gspInit
001de178 00000104 T gspExit
001de27c 00000010 T gspHasGpuRight
001de28c 000000a4 T gspPresentBuffer
001de330 00000030 T gspSetEventCallback
001de360 00000050 T gspWaitForEvent
001de3b0 0000004c T gspWaitForAnyEvent
001de3fc 00000154 t gspEventThreadMain
001de550 0000012c T gspSubmitGxCommand
001de67c 00000050 T GSPGPU_FlushDataCache
001de6cc 00000034 T GSPGPU_SetLcdForceBlack
001de700 00000084 T GSPGPU_AcquireRight
001de784 00000064 T GSPGPU_ReleaseRight
001de7e8 0000007c T GSPGPU_ImportDisplayCaptureInfo
001de864 0000002c T GSPGPU_SaveVramSysArea
001de890 0000002c T GSPGPU_RestoreVramSysArea
001de8bc 00000024 W hidShouldUseIrrst
001de8e0 000001cc T hidInit
001deaac 000000e8 T hidExit
001deb94 000002a0 T hidScanInput
001dee34 00000010 T hidKeysHeld
001dee44 00000010 T hidKeysDown
001dee54 00000010 T hidKeysUp
001dee64 00000018 T hidTouchRead
001dee7c 000001a4 T irrstInit
001df020 000000dc T irrstExit
001df0fc 000000b4 T irrstScanInput
001df1b0 00000024 T irrstKeysHeld
001df1d4 00000078 T ptmSysmInit
001df24c 0000003c T ptmSysmExit
001df288 00000034 T PTMSYSM_ConfigureNew3DSCPU
001df2bc 000000e0 t buffer_read
001df39c 000000cc t iov_read
001df468 00000164 t iov_memmove
001df5cc 000001e0 t decompress_rle
001df7ac 00000264 t decompress_lzss
001dfa10 00000418 t decompress_lz11
001dfe28 0000033c t decompress_huff.isra.0
001e0164 00000010 T decompressCallback_Stdio
001e0174 000000e4 T decompressHeader
001e0258 0000021c T decompressV
001e0474 00000074 T rbtree_find
001e04e8 00000010 T rbtree_init
001e04f8 00000198 t do_insert
001e0690 00000008 T rbtree_insert
001e0698 00000310 T rbtree_remove
001e09a8 00000090 T rbtree_rotate
001e0a38 00000140 T decode_utf8
001e0b78 000000e8 T utf16_to_utf8
001e0c60 000000c0 T utf8_to_utf16
001e0d20 000001e8 W __system_allocateHeaps
001e0f08 00000038 W __libctru_init
001e0f40 0000016c W __system_initArgv
001e10ac 00000030 T __syscall_getreent
001e10dc 00000064 T __syscall_gettod_r
001e1140 00000004 T __syscall_lock_acquire
001e1144 00000004 T __syscall_lock_release
001e1148 00000004 T __syscall_lock_acquire_recursive
001e114c 00000004 T __syscall_lock_release_recursive
001e1150 00000004 T __syscall_exit
001e1154 00000054 T initThreadVars
001e11a8 00000080 T __system_initSyscalls
001e1228 T svcControlMemory
001e1248 T svcQueryMemory
001e1278 T svcExitProcess
001e1280 T svcCreateThread
001e12a0 T svcExitThread
001e12a8 T svcSleepThread
001e12b0 T svcReleaseMutex
001e12b8 T svcCreateEvent
001e12cc T svcSignalEvent
001e12d4 T svcClearEvent
001e12dc T svcMapMemoryBlock
001e12e4 T svcUnmapMemoryBlock
001e12ec T svcCreateAddressArbiter
001e1300 T svcArbitrateAddressNoTimeout
001e1308 T svcCloseHandle
001e1310 T svcWaitSynchronization
001e1318 T svcWaitSynchronizationN
001e1340 T svcDuplicateHandle
001e1354 T svcGetSystemTick
001e135c T svcConnectToPort
001e1370 T svcSendSyncRequest
001e1378 T svcGetResourceLimit
001e138c T svcGetResourceLimitLimitValues
001e1394 T svcGetResourceLimitCurrentValues
001e139c T svcBreak
001e13a4 T __aeabi_read_tp
001e13b0 W initSystem
001e1400 W __ctru_exit
001e1414 0000008c W envGetHandle
001e14a0 00000050 W envDestroyHandles
001e14f0 00000164 T srvInit
001e1654 00000064 T srvExit
001e16b8 00000060 T srvEnableNotification
001e1718 000000a0 T srvGetServiceHandleDirect
001e17b8 00000048 T srvGetServiceHandle
001e1800 00000034 T srvSubscribe
001e1834 00000060 T srvReceiveNotification
001e1894 00000038 T srvPublishToSubscriber
001e18cc 00000090 t mappableFindAddressWithin
001e195c 00000028 T mappableInit
001e1984 0000007c T mappableAlloc
001e1a00 00000004 T mappableFree
001e1a04 0000000c T srvPmGetSessionHandle
001e1a10 00000060 T rbtree_node_next
001e1a70 00000054 T decode_utf16
001e1ac4 00000054 T encode_utf16
001e1b18 000000e0 T encode_utf8
001e1bf8 00000030 W __appExit
001e1c28 00000030 W __appInit
001e1c58 00000090 W __libctru_exit
001e1ce8 00000024 t error_cmp
001e1d0c 00000050 t archive_translate_error
001e1d5c 000000c0 t archive_seek
001e1e1c 00000078 t _archiveInit.part.0
001e1e94 00000110 t archiveFindDevice.part.0
001e1fa4 00000298 t archive_utf16path
001e223c 00000098 t _archiveUnmountDeviceStruct.part.0
001e22d4 00000178 t _archiveMountDevice
001e244c 000000f8 t archive_diropen
001e2544 000000ac t archive_fstat
001e25f0 00000074 t archive_fsync
001e2664 00000074 t archive_close
001e26d8 00000078 t archive_dirclose
001e2750 000000ec t sdmc_statvfs
001e283c 000000f8 t archive_chdir
001e2934 0000008c t archive_ftruncate
001e29c0 000000bc t archive_read
001e2a7c 000000a8 t archive_unlink
001e2b24 000000c0 t archive_rmdir
001e2be4 000000d8 t archive_mkdir
001e2cbc 000001a0 t archive_stat
001e2e5c 00000164 t archive_dirnext
001e2fc0 0000013c t archive_write
001e3100 00000254 t archive_open
001e3354 00000270 t archive_rename
001e35c4 000001c8 T archiveMountSdmc
001e378c 00000054 T archiveUnmountAll
001e37e0 00000264 T sinf
001e3a48 00000258 T log
001e3ca0 00000024 t with_errno
001e3cc4 00000028 t xflow
001e3cf0 00000010 T __math_uflow
001e3d00 00000010 T __math_oflow
001e3d10 00000048 T __math_divzero
001e3d58 0000001c T __math_invalid
001e3d74 00000014 T __math_check_uflow
001e3d88 00000028 T __math_check_oflow
001e3db0 00000740 T pow
001e44f0 00000058 T sqrt
001e4548 000000a8 T cos
001e45f0 00000008 T __ieee754_sqrt
001e45f8 00000024 t with_errnof
001e461c 0000001c T __math_invalidf
001e4638 000000c0 T ceilf
001e46f8 0000025c T cosf
001e4958 00000214 T exp
001e4b70 00000150 T __kernel_cos
001e4cc0 00000310 T __ieee754_rem_pio2
001e4fd0 000008b8 T __kernel_rem_pio2
001e5888 00000140 T scalbn
001e59c8 000000c0 T __kernel_sin
001e5a88 00000144 T floor
001e5bcc 00000014 T fabs
001e5be0 0000002c T __aeabi_d2lz
001e5be0 0000002c T __fixdfdi
001e5c10 00000040 T __aeabi_d2ulz
001e5c10 00000040 T __fixunsdfdi
001e5c50 00000130 T __udivmoddi4
001e5d80 000000e4 T strncat
001e5e64 00000020 T _ftell_r
001e5e84 000000bc T strcat
001e5f40 00000078 T sscanf
001e5fb8 00000130 t critical_factorization
001e60e8 0000033c t two_way_long_needle
001e6424 00000238 T strstr
001e665c 00000128 T memcpy
001e6784 00000034 T fgetpos
001e67b8 0000008c T strlen
001e6844 00000334 T _fread_r
001e6b78 00000038 T fread
001e6bb0 00000078 T bsearch
001e6c28 000000b8 T fputc
001e6ce0 00000050 t get_arg
001e6d30 00002b88 T __ssvfscanf_r
001e98b8 00000134 T _fopen_r
001e99ec 00000028 T fopen
001e9a14 00000008 T atof
001e9a1c 00000060 t sulp
001e9a80 00001428 T _strtod_l
001eaea8 00000044 T _strtod_r
001eaeec 00000048 T strtod
001eaf38 00000110 T strtof
001eb048 000005e0 t get_arg
001eb628 00003554 T _vfprintf_r
001eeb7c 00000028 T vfprintf
001eeba4 000000b4 t __sbprintf
001eec58 00000028 T memalign
001eec80 00000264 t _strtoull_l.isra.0
001eeee4 00000038 T _strtoull_r
001eef1c 000000a0 T _wcrtomb_r
001eefbc 000000f4 t rshift
001ef0b0 000008b4 T __gethex
001ef964 000000a0 T snprintf
001efa04 00000034 T printf
001efa38 000001ec t _strtoul_l.isra.0
001efc24 00000038 T _strtoul_r
001efc5c 0000003c T strtoul
001efc98 000000a4 T __ssprint_r
001efd3c 000000c4 T _mbrtowc_r
001efe00 00000140 T strchr
001eff40 000000d8 T memcmp
001f0018 00000198 T _fgets_r
001f01b0 00000030 T fgets
001f01e0 00000028 T calloc
001f0208 000000f8 T __sccl
001f0300 0000016c T _memalign_r
001f046c 0000000c T __errno
001f0478 00000164 T __smakebuf_r
001f05dc 00000090 T __swhatbuf_r
001f066c 0000047c t _strtoll_l.isra.0
001f0ae8 00000038 T _strtoll_r
001f0b20 000000f0 T strcpy
001f0c10 00000024 T __locale_mb_cur_max
001f0c34 000000e4 T memset
001f0d18 000000d8 T _calloc_r
001f0df0 0000022c T __sflush_r
001f101c 000000c4 T _fflush_r
001f10e0 00000044 T fflush
001f1124 00000030 T __sprint_r
001f1154 00000104 T _fwrite_r
001f1258 00000038 T fwrite
001f1290 00000028 T realloc
001f12b8 000008e8 T qsort
001f1ba0 000001c4 T _ftello_r
001f1d64 000000fc T _putc_r
001f1e60 0000082c T _malloc_r
001f268c 000001c0 t quorem
001f2850 00001420 T _dtoa_r
001f3c70 00000124 T __swbuf_r
001f3d94 00000114 T _malloc_trim_r
001f3ea8 00000314 T _free_r
001f41bc 00000294 T setvbuf
001f4450 000000e4 T _sungetc_r
001f4534 0000006c T __ssrefill_r
001f45a0 000000b4 T _sfread_r
001f4654 0000001c t stdio_exit_handler
001f4670 0000005c t cleanup_stdio
001f46cc 00000154 t global_stdio_init.part.0
001f4820 00000138 T __sfp
001f4958 0000005c T __sinit
001f49b4 0000000c T __sfp_lock_acquire
001f49c0 0000000c T __sfp_lock_release
001f49cc 0000000c T atoi
001f49d8 00000384 t _strtol_l.part.0
001f4d5c 0000006c T _strtol_r
001f4dc8 00000074 T strtol
001f4e3c 00000084 T __libc_init_array
001f4ec0 000000d4 T strncpy
001f4f94 0000001c T _fseek_r
001f4fb0 00000034 T fseek
001f4fe4 00000040 T malloc
001f5024 00000020 T free
001f5044 000000e8 T memchr
001f512c 00000028 T _wcsrtombs_r
001f5154 00000048 T strrchr
001f519c 00000140 T __swsetup_r
001f52dc 000000e0 T _puts_r
001f53bc 00000020 T puts
001f53dc 00000070 T stpcpy
001f544c 00000024 T _localeconv_r
001f5470 00000044 T __sread
001f54b4 00000008 T __seofread
001f54bc 00000068 T __swrite
001f5524 00000040 T __sseek
001f5564 00000008 T __sclose
001f556c 000001a8 T memmove
001f5714 000000d8 T fgetc
001f57ec 000004f0 T _realloc_r
001f5cdc 0000000c T __malloc_lock
001f5ce8 0000000c T __malloc_unlock
001f5cf4 00000588 T _fseeko_r
001f627c 00000148 T _fclose_r
001f63c4 00000020 T fclose
001f63e4 00000048 T time
001f642c 0000003c T fprintf
001f6468 00000004 W __call_exitprocs
001f646c 00000030 T exit
001f649c 00000030 T strtok
001f64cc 000005e0 t get_arg
001f6ab0 0000345c T _svfprintf_r
001f9f0c 000000b8 T __sflags
001f9fc4 0000012c T __ssputs_r
001fa0f0 000000f8 T __utf8_wctomb
001fa1e8 0000003c T __libc_fini_array
001fa224 0000003c T strnlen
001fa260 000000d8 T strncmp
001fa338 0000015c T _wcsnrtombs_l
001fa494 00000064 T _wcsnrtombs_r
001fa4f8 00000070 T __match
001fa568 000002a8 T __hexnan
001fa810 00000068 T sprintf
001fa878 000000bc T __strtok_r
001fa934 00000038 t lflush
001fa96c 000001a8 T __srefill_r
001fab18 00000010 T nan
001fab28 0000000c T nanf
001fab38 00000088 T frexp
001fabc0 000000dc T stpncpy
001fac9c 0000005c T __assert_func
001facf8 00000008 T iswspace
001fad00 00000088 T _Balloc
001fad88 0000001c T _Bfree
001fada4 000000f4 T __multadd
001fae98 0000010c T __s2b
001fafa4 00000080 T __hi0bits
001fb024 000000f0 T __lo0bits
001fb114 000000a4 T __i2b
001fb1b8 00000230 T __multiply
001fb3e8 00000130 T __pow5mult
001fb518 00000138 T __lshift
001fb650 00000058 T __mcmp
001fb6a8 00000218 T __mdiff
001fb8c0 00000068 T __ulp
001fb928 000000d4 T __b2d
001fb9fc 00000120 T __d2b
001fbb1c 00000078 T __ratio
001fbb94 0000008c T __copybits
001fbc20 0000005c T __any_on
001fbc7c 00000070 T _fwalk_sglue
001fbcec 00000068 T __srget_r
001fbd54 000000b8 T __submore
001fbe0c 00000340 T __utf8_mbtowc
001fc14c 0000003c T fiprintf
001fc188 000004a4 T __sfvwrite_r
001fc62c 00000014 T abort
001fc640 00000038 T iswspace_l
001fc678 000005e0 t get_arg
001fcc58 000022f8 T _vfiprintf_r
001fef50 000000b4 t __sbprintf
001ff004 0000009c T _raise_r
001ff0a0 00000020 T raise
001ff0c0 00000090 T category
001ff150 00000020 T _exit
001ff170 00000140 T chdir
001ff2b0 000001c8 T _concatenate_path
001ff478 0000009c T _fstat_r
001ff514 00000014 T _getpid_r
001ff528 0000002c T __getreent
001ff554 00000030 T _gettimeofday_r
001ff584 000000a0 T __release_handle
001ff624 000000b0 T __alloc_handle
001ff6d4 00000058 T __get_handle
001ff72c 00000110 T _close_r
001ff83c 00000008 t null_write
001ff844 00000018 T setDefaultDevice
001ff85c 00000098 T FindDevice
001ff8f4 00000024 T RemoveDevice
001ff918 00000088 T AddDevice
001ff9a0 00000020 T GetDeviceOpTab
001ff9c0 00000008 T _isatty_r
001ff9c8 00000014 T _kill_r
001ff9dc 00000094 T _lseek_r
001ffa70 000000c0 T _open_r
001ffb30 00000094 T _read_r
001ffbc4 00000078 W _sbrk_r
001ffc3c 0000001c T __libc_lock_acquire
001ffc58 0000001c T __libc_lock_release
001ffc74 0000001c T __libc_lock_acquire_recursive
001ffc90 0000001c T __libc_lock_release_recursive
001ffcac 00000094 T _write_r
001ffd40 T _fini
00200000 00000358 r HIRAGANA_TABLE
00200358 00000358 r KATAKANA_TABLE
002006b0 00000068 r themes
00200718 0000000c r CSWTCH.82
00200780 00000068 r themes
00200820 0000000c r CSWTCH.51
00200854 00000068 r themes
00200908 00000014 r _kanji_20b9f_paths
0020091c 00000044 r _kanji_09fa0_paths
00200960 00000054 r _kanji_09f9d_paths
002009b4 00000040 r _kanji_09f9c_paths
002009f4 00000058 r _kanji_09f95_paths
00200a4c 00000040 r _kanji_09f8d_paths
00200a8c 00000060 r _kanji_09f77_paths
00200aec 00000060 r _kanji_09f76_paths
00200b4c 00000060 r _kanji_09f72_paths
00200bac 00000058 r _kanji_09f6c_paths
00200c04 00000058 r _kanji_09f6a_paths
00200c5c 00000054 r _kanji_09f67_paths
00200cb0 00000054 r _kanji_09f66_paths
00200d04 00000050 r _kanji_09f63_paths
00200d54 00000044 r _kanji_09f62_paths
00200d98 00000050 r _kanji_09f61_paths
00200de8 00000050 r _kanji_09f60_paths
00200e38 00000050 r _kanji_09f5f_paths
00200e88 0000003c r _kanji_09f52_paths
00200ec4 0000005c r _kanji_09f4f_paths
00200f20 00000054 r _kanji_09f4e_paths
00200f74 00000044 r _kanji_09f4b_paths
00200fb8 00000038 r _kanji_09f4a_paths
00200ff0 00000044 r _kanji_09f3e_paths
00201034 00000038 r _kanji_09f3b_paths
0020106c 00000048 r _kanji_09f2c_paths
002010b4 00000034 r _kanji_09f20_paths
002010e8 00000048 r _kanji_09f15_paths
00201130 00000034 r _kanji_09f13_paths
00201164 00000034 r _kanji_09f0e_paths
00201198 00000064 r _kanji_09f08_paths
002011fc 00000060 r _kanji_09f07_paths
0020125c 00000034 r _kanji_09efd_paths
00201290 0000004c r _kanji_09efc_paths
002012dc 00000044 r _kanji_09efb_paths
00201320 00000030 r _kanji_09ef9_paths
00201350 0000006c r _kanji_09ef7_paths
002013bc 00000068 r _kanji_09ef6_paths
00201424 0000005c r _kanji_09ef4_paths
00201480 00000054 r _kanji_09eef_paths
002014d4 00000050 r _kanji_09ee8_paths
00201524 00000050 r _kanji_09ee5_paths
00201574 00000048 r _kanji_09ee0_paths
002015bc 00000044 r _kanji_09ede_paths
00201600 00000044 r _kanji_09edd_paths
00201644 00000044 r _kanji_09edc_paths
00201688 00000040 r _kanji_09edb_paths
002016c8 0000003c r _kanji_09ed9_paths
00201704 00000040 r _kanji_09ed8_paths
00201744 00000040 r _kanji_09ed4_paths
00201784 0000002c r _kanji_09ed2_paths
002017b0 00000030 r _kanji_09ed1_paths
002017e0 0000005c r _kanji_09ed0_paths
0020183c 0000003c r _kanji_09ece_paths
00201878 00000030 r _kanji_09ecd_paths
002018a8 00000064 r _kanji_09ecc_paths
0020190c 0000002c r _kanji_09ec4_paths
00201938 00000030 r _kanji_09ec3_paths
00201968 00000048 r _kanji_09ebf_paths
002019b0 0000003c r _kanji_09ebe_paths
002019ec 00000038 r _kanji_09ebc_paths
00201a24 0000002c r _kanji_09ebb_paths
00201a50 00000040 r _kanji_09eba_paths
00201a90 00000040 r _kanji_09ead_paths
00201ad0 0000003c r _kanji_09ea9_paths
00201b0c 0000001c r _kanji_09ea6_paths
00201b28 0000002c r _kanji_09ea5_paths
00201b54 00000060 r _kanji_09e9f_paths
00201bb4 00000054 r _kanji_09e9d_paths
00201c08 0000004c r _kanji_09e97_paths
00201c54 0000004c r _kanji_09e95_paths
00201ca0 0000004c r _kanji_09e93_paths
00201cec 0000004c r _kanji_09e92_paths
00201d38 0000004c r _kanji_09e91_paths
00201d84 00000048 r _kanji_09e8c_paths
00201dcc 00000044 r _kanji_09e8b_paths
00201e10 00000040 r _kanji_09e88_paths
00201e50 0000002c r _kanji_09e7f_paths
00201e7c 00000064 r _kanji_09e7d_paths
00201ee0 00000050 r _kanji_09e79_paths
00201f30 0000002c r _kanji_09e75_paths
00201f5c 00000078 r _kanji_09e1e_paths
00201fd4 00000070 r _kanji_09e1b_paths
00202044 00000070 r _kanji_09e1a_paths
002020b4 00000060 r _kanji_09dfd_paths
00202114 00000060 r _kanji_09dfa_paths
00202174 00000060 r _kanji_09df9_paths
002021d4 0000005c r _kanji_09df8_paths
00202230 0000005c r _kanji_09df2_paths
0020228c 0000005c r _kanji_09def_paths
002022e8 0000005c r _kanji_09ded_paths
00202344 0000005c r _kanji_09de6_paths
002023a0 00000058 r _kanji_09dd9_paths
002023f8 00000058 r _kanji_09dd7_paths
00202450 00000058 r _kanji_09dd3_paths
002024a8 00000054 r _kanji_09dc6_paths
002024fc 00000054 r _kanji_09dc4_paths
00202550 00000054 r _kanji_09dc2_paths
002025a4 00000054 r _kanji_09dc1_paths
002025f8 00000054 r _kanji_09dbb_paths
0020264c 00000054 r _kanji_09dba_paths
002026a0 00000054 r _kanji_09db8_paths
002026f4 00000054 r _kanji_09db4_paths
00202748 00000054 r _kanji_09db2_paths
0020279c 00000054 r _kanji_09daf_paths
002027f0 00000050 r _kanji_09dab_paths
00202840 00000050 r _kanji_09da9_paths
00202890 00000050 r _kanji_09da4_paths
002028e0 00000050 r _kanji_09d9a_paths
00202930 0000004c r _kanji_09d8f_paths
0020297c 0000004c r _kanji_09d89_paths
002029c8 0000004c r _kanji_09d87_paths
00202a14 0000004c r _kanji_09d7a_paths
00202a60 0000004c r _kanji_09d72_paths
00202aac 0000004c r _kanji_09d6f_paths
00202af8 0000004c r _kanji_09d6c_paths
00202b44 00000048 r _kanji_09d64_paths
00202b8c 0000004c r _kanji_09d61_paths
00202bd8 00000048 r _kanji_09d60_paths
00202c20 00000048 r _kanji_09d5d_paths
00202c68 00000048 r _kanji_09d5c_paths
00202cb0 00000048 r _kanji_09d51_paths
00202cf8 00000044 r _kanji_09d46_paths
00202d3c 00000044 r _kanji_09d44_paths
00202d80 00000044 r _kanji_09d41_paths
00202dc4 00000044 r _kanji_09d3f_paths
00202e08 00000044 r _kanji_09d3e_paths
00202e4c 00000044 r _kanji_09d3b_paths
00202e90 00000040 r _kanji_09d2b_paths
00202ed0 00000040 r _kanji_09d28_paths
00202f10 00000040 r _kanji_09d26_paths
00202f50 00000040 r _kanji_09d23_paths
00202f90 00000040 r _kanji_09d1f_paths
00202fd0 00000040 r _kanji_09d1b_paths
00203010 00000040 r _kanji_09d15_paths
00203050 00000040 r _kanji_09d12_paths
00203090 0000003c r _kanji_09d09_paths
002030cc 0000003c r _kanji_09d07_paths
00203108 0000003c r _kanji_09d06_paths
00203144 0000003c r _kanji_09d03_paths
00203180 00000038 r _kanji_09cf6_paths
002031b8 00000038 r _kanji_09cf4_paths
002031f0 00000038 r _kanji_09cf3_paths
00203228 00000034 r _kanji_09cf0_paths
0020325c 00000034 r _kanji_09ce9_paths
00203290 00000034 r _kanji_09ce7_paths
002032c4 0000002c r _kanji_09ce5_paths
002032f0 0000006c r _kanji_09c78_paths
0020335c 00000068 r _kanji_09c76_paths
002033c4 00000060 r _kanji_09c67_paths
00203424 00000060 r _kanji_09c60_paths
00203484 0000005c r _kanji_09c5a_paths
002034e0 00000060 r _kanji_09c57_paths
00203540 0000005c r _kanji_09c52_paths
0020359c 00000058 r _kanji_09c47_paths
002035f4 00000058 r _kanji_09c46_paths
0020364c 00000058 r _kanji_09c3e_paths
002036a4 00000058 r _kanji_09c3b_paths
002036fc 00000058 r _kanji_09c3a_paths
00203754 0000005c r _kanji_09c39_paths
002037b0 00000054 r _kanji_09c30_paths
00203804 00000054 r _kanji_09c2f_paths
00203858 00000054 r _kanji_09c2e_paths
002038ac 00000054 r _kanji_09c2d_paths
00203900 00000054 r _kanji_09c25_paths
00203954 00000054 r _kanji_09c24_paths
002039a8 00000050 r _kanji_09c15_paths
002039f8 00000050 r _kanji_09c14_paths
00203a48 00000050 r _kanji_09c13_paths
00203a98 00000050 r _kanji_09c12_paths
00203ae8 00000050 r _kanji_09c10_paths
00203b38 00000050 r _kanji_09c0d_paths
00203b88 00000050 r _kanji_09c0c_paths
00203bd8 00000050 r _kanji_09c0a_paths
00203c28 00000050 r _kanji_09c09_paths
00203c78 00000050 r _kanji_09c08_paths
00203cc8 00000050 r _kanji_09c06_paths
00203d18 00000050 r _kanji_09c04_paths
00203d68 0000004c r _kanji_09bf1_paths
00203db4 0000004c r _kanji_09bf0_paths
00203e00 0000004c r _kanji_09be8_paths
00203e4c 0000004c r _kanji_09be4_paths
00203e98 0000004c r _kanji_09be3_paths
00203ee4 0000004c r _kanji_09be2_paths
00203f30 0000004c r _kanji_09be1_paths
00203f7c 0000004c r _kanji_09bdb_paths
00203fc8 0000004c r _kanji_09bd6_paths
00204014 0000004c r _kanji_09bd4_paths
00204060 00000048 r _kanji_09bd2_paths
002040a8 00000048 r _kanji_09bd1_paths
002040f0 00000048 r _kanji_09bcf_paths
00204138 00000048 r _kanji_09bca_paths
00204180 00000048 r _kanji_09bc9_paths
002041c8 00000048 r _kanji_09bc0_paths
00204210 00000048 r _kanji_09bb9_paths
00204258 00000044 r _kanji_09bb4_paths
0020429c 00000044 r _kanji_09bae_paths
002042e0 00000044 r _kanji_09bad_paths
00204324 00000044 r _kanji_09bab_paths
00204368 00000044 r _kanji_09baa_paths
002043ac 00000044 r _kanji_09ba8_paths
002043f0 00000044 r _kanji_09ba0_paths
00204434 00000044 r _kanji_09b9f_paths
00204478 00000040 r _kanji_09b96_paths
002044b8 00000040 r _kanji_09b93_paths
002044f8 00000040 r _kanji_09b92_paths
00204538 00000040 r _kanji_09b91_paths
00204578 00000040 r _kanji_09b8e_paths
002045b8 00000040 r _kanji_09b83_paths
002045f8 0000003c r _kanji_09b74_paths
00204634 0000003c r _kanji_09b6f_paths
00204670 0000002c r _kanji_09b5a_paths
0020469c 00000060 r _kanji_09b58_paths
002046fc 00000054 r _kanji_09b54_paths
00204750 00000054 r _kanji_09b51_paths
002047a4 00000048 r _kanji_09b4f_paths
002047ec 00000048 r _kanji_09b4e_paths
00204834 00000048 r _kanji_09b4d_paths
0020487c 0000003c r _kanji_09b45_paths
002048b8 0000003c r _kanji_09b44_paths
002048f4 0000003c r _kanji_09b43_paths
00204930 00000038 r _kanji_09b42_paths
00204968 00000038 r _kanji_09b41_paths
002049a0 00000028 r _kanji_09b3c_paths
002049c8 00000058 r _kanji_09b3b_paths
00204a20 00000074 r _kanji_09b31_paths
00204a94 00000028 r _kanji_09b2f_paths
00204abc 00000068 r _kanji_09b2e_paths
00204b24 00000050 r _kanji_09b2a_paths
00204b74 00000048 r _kanji_09b29_paths
00204bbc 00000040 r _kanji_09b28_paths
00204bfc 0000003c r _kanji_09b27_paths
00204c38 00000064 r _kanji_09b23_paths
00204c9c 00000060 r _kanji_09b22_paths
00204cfc 0000005c r _kanji_09b1f_paths
00204d58 00000058 r _kanji_09b1a_paths
00204db0 00000054 r _kanji_09b18_paths
00204e04 00000048 r _kanji_09b06_paths
00204e4c 00000040 r _kanji_09afb_paths
00204e8c 00000040 r _kanji_09af7_paths
00204ecc 0000003c r _kanji_09af4_paths
00204f08 0000003c r _kanji_09af1_paths
00204f44 0000003c r _kanji_09aee_paths
00204f80 00000040 r _kanji_09aed_paths
00204fc0 0000003c r _kanji_09aeb_paths
00204ffc 00000038 r _kanji_09aea_paths
00205034 00000038 r _kanji_09ae6_paths
0020506c 00000038 r _kanji_09ae3_paths
002050a4 00000034 r _kanji_09ae2_paths
002050d8 00000028 r _kanji_09ad8_paths
00205100 0000005c r _kanji_09ad4_paths
0020515c 0000005c r _kanji_09ad3_paths
002051b8 0000005c r _kanji_09ad1_paths
00205214 00000054 r _kanji_09acf_paths
00205268 0000004c r _kanji_09ac4_paths
002052b4 00000048 r _kanji_09ac0_paths
002052fc 00000040 r _kanji_09abc_paths
0020533c 00000040 r _kanji_09ab8_paths
0020537c 00000038 r _kanji_09ab0_paths
002053b4 00000034 r _kanji_09aad_paths
002053e8 00000028 r _kanji_09aa8_paths
00205410 00000074 r _kanji_09a6a_paths
00205484 0000006c r _kanji_09a69_paths
002054f0 00000068 r _kanji_09a65_paths
00205558 0000006c r _kanji_09a64_paths
002055c4 00000068 r _kanji_09a62_paths
0020562c 00000060 r _kanji_09a5f_paths
0020568c 0000005c r _kanji_09a5b_paths
002056e8 00000058 r _kanji_09a5a_paths
00205740 0000005c r _kanji_09a57_paths
0020579c 00000058 r _kanji_09a55_paths
002057f4 00000058 r _kanji_09a4d_paths
0020584c 00000054 r _kanji_09a45_paths
002058a0 00000054 r _kanji_09a43_paths
002058f4 00000054 r _kanji_09a42_paths
00205948 00000050 r _kanji_09a40_paths
00205998 00000054 r _kanji_09a3e_paths
002059ec 00000050 r _kanji_09a37_paths
00205a3c 00000050 r _kanji_09a30_paths
00205a8c 00000050 r _kanji_09a2b_paths
00205adc 0000004c r _kanji_09a19_paths
00205b28 00000048 r _kanji_09a13_paths
00205b70 00000048 r _kanji_09a12_paths
00205bb8 00000048 r _kanji_09a0f_paths
00205c00 00000048 r _kanji_09a0e_paths
00205c48 00000048 r _kanji_09a05_paths
00205c90 00000044 r _kanji_09a01_paths
00205cd4 00000044 r _kanji_099ff_paths
00205d18 00000044 r _kanji_099fb_paths
00205d5c 00000044 r _kanji_099f8_paths
00205da0 00000040 r _kanji_099f1_paths
00205de0 00000040 r _kanji_099ee_paths
00205e20 00000040 r _kanji_099ed_paths
00205e60 0000003c r _kanji_099df_paths
00205e9c 0000003c r _kanji_099dd_paths
00205ed8 0000003c r _kanji_099db_paths
00205f14 0000003c r _kanji_099d8_paths
00205f50 0000003c r _kanji_099d5_paths
00205f8c 0000003c r _kanji_099d2_paths
00205fc8 0000003c r _kanji_099d1_paths
00206004 0000003c r _kanji_099d0_paths
00206040 0000003c r _kanji_099c8_paths
0020607c 00000038 r _kanji_099c6_paths
002060b4 00000038 r _kanji_099c5_paths
002060ec 00000038 r _kanji_099c4_paths
00206124 00000038 r _kanji_099c1_paths
0020615c 00000034 r _kanji_099b4_paths
00206190 00000034 r _kanji_099b3_paths
002061c4 00000030 r _kanji_099ae_paths
002061f4 00000030 r _kanji_099ad_paths
00206224 00000028 r _kanji_099ac_paths
0020624c 00000050 r _kanji_099a8_paths
0020629c 00000048 r _kanji_099a5_paths
002062e4 00000024 r _kanji_09999_paths
00206308 00000044 r _kanji_09998_paths
0020634c 0000002c r _kanji_09997_paths
00206378 00000024 r _kanji_09996_paths
0020639c 00000058 r _kanji_09957_paths
002063f4 00000058 r _kanji_09955_paths
0020644c 00000054 r _kanji_09952_paths
002064a0 00000054 r _kanji_09951_paths
002064f4 00000054 r _kanji_09950_paths
00206548 00000054 r _kanji_0994c_paths
0020659c 00000054 r _kanji_0994b_paths
002065f0 00000050 r _kanji_09949_paths
00206640 00000050 r _kanji_09945_paths
00206690 0000004c r _kanji_09942_paths
002066dc 0000004c r _kanji_0993e_paths
00206728 0000004c r _kanji_0993d_paths
00206774 00000048 r _kanji_0992e_paths
002067bc 00000048 r _kanji_0992c_paths
00206804 00000040 r _kanji_09928_paths
00206844 00000044 r _kanji_09924_paths
00206888 00000044 r _kanji_09921_paths
002068cc 00000044 r _kanji_09920_paths
00206910 00000044 r _kanji_0991e_paths
00206954 00000040 r _kanji_09918_paths
00206994 00000040 r _kanji_09914_paths
002069d4 0000003c r _kanji_09913_paths
00206a10 00000040 r _kanji_09912_paths
00206a50 00000040 r _kanji_09910_paths
00206a90 0000003c r _kanji_0990c_paths
00206acc 0000003c r _kanji_0990a_paths
00206b08 0000003c r _kanji_09909_paths
00206b44 0000003c r _kanji_09905_paths
00206b80 0000003c r _kanji_09903_paths
00206bbc 00000034 r _kanji_098fe_paths
00206bf0 00000034 r _kanji_098fd_paths
00206c24 00000034 r _kanji_098fc_paths
00206c58 00000038 r _kanji_098f4_paths
00206c90 00000030 r _kanji_098f2_paths
00206cc0 00000030 r _kanji_098ef_paths
00206cf0 00000034 r _kanji_098ee_paths
00206d24 00000034 r _kanji_098ed_paths
00206d58 00000034 r _kanji_098eb_paths
00206d8c 00000034 r _kanji_098e9_paths
00206dc0 00000028 r _kanji_098e2_paths
00206de8 00000024 r _kanji_098df_paths
00206e0c 00000024 r _kanji_098db_paths
00206e30 00000054 r _kanji_098c6_paths
00206e84 00000050 r _kanji_098c4_paths
00206ed4 00000044 r _kanji_098b6_paths
00206f18 00000038 r _kanji_098b1_paths
00206f50 00000038 r _kanji_098af_paths
00206f88 00000030 r _kanji_098aa_paths
00206fb8 00000024 r _kanji_098a8_paths
00206fdc 00000068 r _kanji_09874_paths
00207044 0000006c r _kanji_09873_paths
002070b0 00000064 r _kanji_09871_paths
00207114 00000060 r _kanji_09870_paths
00207174 0000005c r _kanji_0986f_paths
002071d0 00000058 r _kanji_0986b_paths
00207228 00000054 r _kanji_09867_paths
0020727c 00000048 r _kanji_0985e_paths
002072c4 0000004c r _kanji_0985a_paths
00207310 0000004c r _kanji_09858_paths
0020735c 00000048 r _kanji_09855_paths
002073a4 00000048 r _kanji_09854_paths
002073ec 00000048 r _kanji_0984f_paths
00207434 00000048 r _kanji_0984e_paths
0020747c 00000048 r _kanji_0984d_paths
002074c4 00000048 r _kanji_0984c_paths
0020750c 00000048 r _kanji_0984b_paths
00207554 00000044 r _kanji_09846_paths
00207598 00000040 r _kanji_0983d_paths
002075d8 00000040 r _kanji_0983c_paths
00207618 00000044 r _kanji_0983b_paths
0020765c 00000040 r _kanji_09838_paths
0020769c 00000040 r _kanji_09837_paths
002076dc 00000040 r _kanji_09830_paths
0020771c 00000040 r _kanji_0982d_paths
0020775c 00000040 r _kanji_09824_paths
0020779c 0000003c r _kanji_09821_paths
002077d8 00000038 r _kanji_09818_paths
00207810 00000038 r _kanji_09817_paths
00207848 00000034 r _kanji_09813_paths
0020787c 00000034 r _kanji_09812_paths
002078b0 00000034 r _kanji_09811_paths
002078e4 00000034 r _kanji_09810_paths
00207918 00000034 r _kanji_0980f_paths
0020794c 00000034 r _kanji_0980c_paths
00207980 00000030 r _kanji_09808_paths
002079b0 00000030 r _kanji_09806_paths
002079e0 00000030 r _kanji_09805_paths
00207a10 0000002c r _kanji_09803_paths
00207a3c 0000002c r _kanji_09802_paths
00207a68 00000024 r _kanji_09801_paths
00207a8c 00000050 r _kanji_097ff_paths
00207adc 0000004c r _kanji_097fb_paths
00207b28 00000038 r _kanji_097f6_paths
00207b60 00000024 r _kanji_097f3_paths
00207b84 00000030 r _kanji_097ee_paths
00207bb4 00000048 r _kanji_097d3_paths
00207bfc 00000028 r _kanji_097cb_paths
00207c24 00000058 r _kanji_097c3_paths
00207c7c 0000004c r _kanji_097b4_paths
00207cc8 00000048 r _kanji_097b3_paths
00207d10 00000048 r _kanji_097ad_paths
00207d58 00000048 r _kanji_097ab_paths
00207da0 00000048 r _kanji_097a8_paths
00207de8 00000048 r _kanji_097a6_paths
00207e30 00000048 r _kanji_097a3_paths
00207e78 00000044 r _kanji_097a0_paths
00207ebc 00000044 r _kanji_0979c_paths
00207f00 00000040 r _kanji_09798_paths
00207f40 0000003c r _kanji_09790_paths
00207f7c 0000003c r _kanji_0978d_paths
00207fb8 0000003c r _kanji_0978b_paths
00207ff4 00000038 r _kanji_09785_paths
0020802c 00000038 r _kanji_09784_paths
00208064 00000038 r _kanji_09781_paths
0020809c 00000038 r _kanji_0977c_paths
002080d4 00000038 r _kanji_0977a_paths
0020810c 00000034 r _kanji_09774_paths
00208140 00000030 r _kanji_09771_paths
00208170 00000030 r _kanji_0976b_paths
002081a0 00000024 r _kanji_09769_paths
002081c4 0000005c r _kanji_09768_paths
00208220 00000040 r _kanji_09766_paths
00208260 00000038 r _kanji_09764_paths
00208298 00000024 r _kanji_09762_paths
002082bc 0000004c r _kanji_09761_paths
00208308 0000003c r _kanji_09760_paths
00208344 00000020 r _kanji_0975e_paths
00208364 00000040 r _kanji_0975c_paths
002083a4 00000038 r _kanji_09759_paths
002083dc 00000034 r _kanji_09756_paths
00208410 00000020 r _kanji_09752_paths
00208430 00000064 r _kanji_09749_paths
00208494 00000060 r _kanji_09748_paths
002084f4 00000060 r _kanji_09746_paths
00208554 00000060 r _kanji_09744_paths
002085b4 00000060 r _kanji_09742_paths
00208614 00000058 r _kanji_0973e_paths
0020866c 00000058 r _kanji_0973d_paths
002086c4 00000054 r _kanji_09739_paths
00208718 00000054 r _kanji_09732_paths
0020876c 00000050 r _kanji_09730_paths
002087bc 0000004c r _kanji_0972a_paths
00208808 0000004c r _kanji_09727_paths
00208854 00000048 r _kanji_09724_paths
0020889c 00000044 r _kanji_0971e_paths
002088e0 00000044 r _kanji_0971c_paths
00208924 00000040 r _kanji_09719_paths
00208964 00000040 r _kanji_09716_paths
002089a4 00000040 r _kanji_09713_paths
002089e4 00000040 r _kanji_09711_paths
00208a24 00000040 r _kanji_0970f_paths
00208a64 00000040 r _kanji_0970e_paths
00208aa4 00000040 r _kanji_0970d_paths
00208ae4 0000003c r _kanji_0970a_paths
00208b20 0000003c r _kanji_09708_paths
00208b5c 0000003c r _kanji_09707_paths
00208b98 0000003c r _kanji_09706_paths
00208bd4 0000003c r _kanji_09704_paths
00208c10 00000038 r _kanji_09700_paths
00208c48 00000034 r _kanji_096fb_paths
00208c7c 00000034 r _kanji_096f9_paths
00208cb0 00000034 r _kanji_096f7_paths
00208ce4 00000034 r _kanji_096f6_paths
00208d18 00000030 r _kanji_096f2_paths
00208d48 00000030 r _kanji_096f0_paths
00208d78 0000002c r _kanji_096eb_paths
00208da4 0000002c r _kanji_096ea_paths
00208dd0 00000020 r _kanji_096e8_paths
00208df0 00000048 r _kanji_096e3_paths
00208e38 0000004c r _kanji_096e2_paths
00208e84 00000048 r _kanji_096dc_paths
00208ecc 00000048 r _kanji_096db_paths
00208f14 00000048 r _kanji_096d9_paths
00208f5c 00000044 r _kanji_096d6_paths
00208fa0 00000040 r _kanji_096d5_paths
00208fe0 00000038 r _kanji_096d1_paths
00209018 00000034 r _kanji_096ce_paths
0020904c 00000034 r _kanji_096cd_paths
00209080 00000038 r _kanji_096cc_paths
002090b8 00000030 r _kanji_096cb_paths
002090e8 00000034 r _kanji_096c9_paths
0020911c 00000030 r _kanji_096c7_paths
0020914c 00000030 r _kanji_096c6_paths
0020917c 00000034 r _kanji_096c5_paths
002091b0 00000030 r _kanji_096c4_paths
002091e0 00000030 r _kanji_096c1_paths
00209210 0000002c r _kanji_096c0_paths
0020923c 00000028 r _kanji_096bc_paths
00209264 00000028 r _kanji_096bb_paths
0020928c 00000044 r _kanji_096b8_paths
002092d0 00000040 r _kanji_096b7_paths
00209310 0000004c r _kanji_096b4_paths
0020935c 00000044 r _kanji_096b1_paths
002093a0 00000044 r _kanji_096b0_paths
002093e4 00000040 r _kanji_096aa_paths
00209424 00000040 r _kanji_096a8_paths
00209464 00000040 r _kanji_096a7_paths
002094a4 00000040 r _kanji_096a3_paths
002094e4 00000038 r _kanji_096a0_paths
0020951c 00000038 r _kanji_0969c_paths
00209554 00000038 r _kanji_0969b_paths
0020958c 00000034 r _kanji_09699_paths
002095c0 00000034 r _kanji_09698_paths
002095f4 00000034 r _kanji_09697_paths
00209628 00000034 r _kanji_09695_paths
0020965c 00000034 r _kanji_09694_paths
00209690 00000030 r _kanji_0968f_paths
002096c0 00000030 r _kanji_0968e_paths
002096f0 00000030 r _kanji_0968d_paths
00209720 00000030 r _kanji_0968b_paths
00209750 00000030 r _kanji_0968a_paths
00209780 00000030 r _kanji_09688_paths
002097b0 0000002c r _kanji_09686_paths
002097dc 00000030 r _kanji_09685_paths
0020980c 00000030 r _kanji_0967d_paths
0020983c 0000002c r _kanji_0967a_paths
00209868 0000002c r _kanji_09678_paths
00209894 0000002c r _kanji_09677_paths
002098c0 0000002c r _kanji_09676_paths
002098ec 0000002c r _kanji_09675_paths
00209918 0000002c r _kanji_09673_paths
00209944 0000002c r _kanji_09672_paths
00209970 0000002c r _kanji_09670_paths
0020999c 0000002c r _kanji_0966c_paths
002099c8 0000002c r _kanji_0966a_paths
002099f4 00000028 r _kanji_09665_paths
00209a1c 00000028 r _kanji_09664_paths
00209a44 00000028 r _kanji_09663_paths
00209a6c 00000028 r _kanji_09662_paths
00209a94 00000028 r _kanji_0965f_paths
00209abc 00000028 r _kanji_0965e_paths
00209ae4 00000028 r _kanji_0965d_paths
00209b0c 00000028 r _kanji_0965c_paths
00209b34 00000028 r _kanji_0965b_paths
00209b5c 00000024 r _kanji_09650_paths
00209b80 00000028 r _kanji_0964d_paths
00209ba8 00000024 r _kanji_0964c_paths
00209bcc 00000020 r _kanji_09644_paths
00209bec 00000020 r _kanji_09642_paths
00209c0c 00000020 r _kanji_09640_paths
00209c2c 00000020 r _kanji_0963f_paths
00209c4c 00000020 r _kanji_0963b_paths
00209c6c 0000001c r _kanji_09632_paths
00209c88 0000001c r _kanji_0962f_paths
00209ca4 0000001c r _kanji_0962e_paths
00209cc0 0000001c r _kanji_0962a_paths
00209cdc 0000001c r _kanji_09628_paths
00209cf8 00000018 r _kanji_09621_paths
00209d10 00000020 r _kanji_0961c_paths
00209d30 00000054 r _kanji_095e5_paths
00209d84 00000054 r _kanji_095e2_paths
00209dd8 00000050 r _kanji_095e1_paths
00209e28 0000004c r _kanji_095dc_paths
00209e74 00000048 r _kanji_095d8_paths
00209ebc 00000048 r _kanji_095d6_paths
00209f04 00000048 r _kanji_095d5_paths
00209f4c 00000048 r _kanji_095d4_paths
00209f94 00000044 r _kanji_095cd_paths
00209fd8 00000044 r _kanji_095cc_paths
0020a01c 00000044 r _kanji_095ca_paths
0020a060 00000044 r _kanji_095c7_paths
0020a0a4 00000044 r _kanji_095c3_paths
0020a0e8 00000040 r _kanji_095be_paths
0020a128 00000040 r _kanji_095bb_paths
0020a168 00000040 r _kanji_095b9_paths
0020a1a8 0000003c r _kanji_095b2_paths
0020a1e4 0000003c r _kanji_095ad_paths
0020a220 00000038 r _kanji_095a8_paths
0020a258 00000038 r _kanji_095a7_paths
0020a290 00000038 r _kanji_095a5_paths
0020a2c8 00000038 r _kanji_095a4_paths
0020a300 00000038 r _kanji_095a3_paths
0020a338 00000038 r _kanji_095a2_paths
0020a370 00000034 r _kanji_09598_paths
0020a3a4 00000030 r _kanji_09594_paths
0020a3d4 00000030 r _kanji_09593_paths
0020a404 00000030 r _kanji_09591_paths
0020a434 00000030 r _kanji_0958f_paths
0020a464 00000030 r _kanji_0958b_paths
0020a494 0000002c r _kanji_0958a_paths
0020a4c0 0000002c r _kanji_09589_paths
0020a4ec 00000028 r _kanji_09583_paths
0020a514 00000024 r _kanji_09582_paths
0020a538 00000020 r _kanji_09580_paths
0020a558 00000020 r _kanji_09577_paths
0020a578 00000070 r _kanji_09481_paths
0020a5e8 00000070 r _kanji_0947f_paths
0020a658 0000006c r _kanji_0947e_paths
0020a6c4 0000006c r _kanji_0947d_paths
0020a730 0000006c r _kanji_0947c_paths
0020a79c 00000068 r _kanji_09477_paths
0020a804 00000064 r _kanji_09470_paths
0020a868 00000060 r _kanji_0946a_paths
0020a8c8 0000005c r _kanji_09462_paths
0020a924 0000005c r _kanji_09460_paths
0020a980 0000005c r _kanji_0945e_paths
0020a9dc 0000005c r _kanji_0945b_paths
0020aa38 00000058 r _kanji_09453_paths
0020aa90 0000005c r _kanji_09451_paths
0020aaec 00000058 r _kanji_09444_paths
0020ab44 00000054 r _kanji_0943a_paths
0020ab98 00000054 r _kanji_09438_paths
0020abec 00000054 r _kanji_09436_paths
0020ac40 00000054 r _kanji_09435_paths
0020ac94 00000050 r _kanji_0942b_paths
0020ace4 00000050 r _kanji_0941a_paths
0020ad34 00000050 r _kanji_09419_paths
0020ad84 00000050 r _kanji_09418_paths
0020add4 00000050 r _kanji_09413_paths
0020ae24 00000050 r _kanji_09410_paths
0020ae74 00000050 r _kanji_09403_paths
0020aec4 0000004c r _kanji_093e8_paths
0020af10 0000004c r _kanji_093e4_paths
0020af5c 0000004c r _kanji_093e1_paths
0020afa8 0000004c r _kanji_093dd_paths
0020aff4 0000004c r _kanji_093d8_paths
0020b040 00000050 r _kanji_093d7_paths
0020b090 0000004c r _kanji_093d6_paths
0020b0dc 0000004c r _kanji_093d1_paths
0020b128 0000004c r _kanji_093d0_paths
0020b174 0000004c r _kanji_093c8_paths
0020b1c0 0000004c r _kanji_093c3_paths
0020b20c 00000048 r _kanji_093b9_paths
0020b254 00000048 r _kanji_093b0_paths
0020b29c 00000048 r _kanji_093ae_paths
0020b2e4 00000048 r _kanji_093ad_paths
0020b32c 00000048 r _kanji_093ac_paths
0020b374 00000048 r _kanji_093a7_paths
0020b3bc 00000048 r _kanji_0939a_paths
0020b404 00000048 r _kanji_09397_paths
0020b44c 00000048 r _kanji_09396_paths
0020b494 00000048 r _kanji_0938c_paths
0020b4dc 00000044 r _kanji_0937e_paths
0020b520 00000044 r _kanji_0937c_paths
0020b564 00000044 r _kanji_09375_paths
0020b5a8 00000044 r _kanji_0936e_paths
0020b5ec 00000044 r _kanji_0936c_paths
0020b630 00000044 r _kanji_09360_paths
0020b674 00000044 r _kanji_0935b_paths
0020b6b8 00000044 r _kanji_09354_paths
0020b6fc 00000044 r _kanji_0934d_paths
0020b740 00000044 r _kanji_0934b_paths
0020b784 00000040 r _kanji_0933b_paths
0020b7c4 0000003c r _kanji_0933a_paths
0020b800 0000003c r _kanji_09335_paths
0020b83c 00000040 r _kanji_09332_paths
0020b87c 00000040 r _kanji_0932f_paths
0020b8bc 00000040 r _kanji_0932e_paths
0020b8fc 00000040 r _kanji_0932c_paths
0020b93c 00000040 r _kanji_0932b_paths
0020b97c 00000040 r _kanji_09328_paths
0020b9bc 00000040 r _kanji_09326_paths
0020b9fc 00000040 r _kanji_09323_paths
0020ba3c 00000040 r _kanji_09322_paths
0020ba7c 00000040 r _kanji_09320_paths
0020babc 00000040 r _kanji_0931a_paths
0020bafc 00000040 r _kanji_09319_paths
0020bb3c 00000040 r _kanji_09318_paths
0020bb7c 00000040 r _kanji_09310_paths
0020bbbc 00000040 r _kanji_0930f_paths
0020bbfc 00000040 r _kanji_09306_paths
0020bc3c 00000040 r _kanji_092fc_paths
0020bc7c 00000040 r _kanji_092fa_paths
0020bcbc 00000040 r _kanji_092f8_paths
0020bcfc 0000003c r _kanji_092f3_paths
0020bd38 0000003c r _kanji_092f2_paths
0020bd74 0000003c r _kanji_092ed_paths
0020bdb0 0000003c r _kanji_092ea_paths
0020bdec 0000003c r _kanji_092e4_paths
0020be28 0000003c r _kanji_092d2_paths
0020be64 0000003c r _kanji_092cf_paths
0020bea0 0000003c r _kanji_092b9_paths
0020bedc 0000003c r _kanji_092b7_paths
0020bf18 00000038 r _kanji_092ad_paths
0020bf50 00000038 r _kanji_0929c_paths
0020bf88 00000038 r _kanji_0929b_paths
0020bfc0 00000038 r _kanji_0929a_paths
0020bff8 00000038 r _kanji_09298_paths
0020c030 00000038 r _kanji_09296_paths
0020c068 00000038 r _kanji_09295_paths
0020c0a0 00000038 r _kanji_09293_paths
0020c0d8 00000038 r _kanji_09291_paths
0020c110 00000038 r _kanji_09285_paths
0020c148 00000038 r _kanji_09283_paths
0020c180 00000038 r _kanji_09280_paths
0020c1b8 00000038 r _kanji_0927e_paths
0020c1f0 00000034 r _kanji_09271_paths
0020c224 00000034 r _kanji_09266_paths
0020c258 00000034 r _kanji_09264_paths
0020c28c 00000034 r _kanji_09262_paths
0020c2c0 00000034 r _kanji_0925e_paths
0020c2f4 00000034 r _kanji_0925b_paths
0020c328 00000034 r _kanji_09257_paths
0020c35c 00000034 r _kanji_0924b_paths
0020c390 00000034 r _kanji_09249_paths
0020c3c4 00000034 r _kanji_09248_paths
0020c3f8 00000034 r _kanji_09245_paths
0020c42c 00000034 r _kanji_09244_paths
0020c460 00000034 r _kanji_0923f_paths
0020c494 00000034 r _kanji_09237_paths
0020c4c8 00000034 r _kanji_09234_paths
0020c4fc 00000030 r _kanji_0921e_paths
0020c52c 00000030 r _kanji_09215_paths
0020c55c 00000030 r _kanji_09214_paths
0020c58c 00000030 r _kanji_09211_paths
0020c5bc 00000030 r _kanji_0920d_paths
0020c5ec 00000030 r _kanji_091ff_paths
0020c61c 0000002c r _kanji_091f5_paths
0020c648 0000002c r _kanji_091e7_paths
0020c674 0000002c r _kanji_091e6_paths
0020c6a0 0000002c r _kanji_091e3_paths
0020c6cc 00000028 r _kanji_091dd_paths
0020c6f4 00000028 r _kanji_091dc_paths
0020c71c 00000028 r _kanji_091d8_paths
0020c744 00000020 r _kanji_091d1_paths
0020c764 00000048 r _kanji_091d0_paths
0020c7ac 00000030 r _kanji_091cf_paths
0020c7dc 0000002c r _kanji_091ce_paths
0020c808 00000024 r _kanji_091cd_paths
0020c82c 0000001c r _kanji_091cc_paths
0020c848 00000050 r _kanji_091cb_paths
0020c898 00000030 r _kanji_091c9_paths
0020c8c8 0000002c r _kanji_091c8_paths
0020c8f4 00000020 r _kanji_091c7_paths
0020c914 00000060 r _kanji_091c0_paths
0020c974 00000054 r _kanji_091ba_paths
0020c9c8 00000050 r _kanji_091b8_paths
0020ca18 00000050 r _kanji_091b5_paths
0020ca68 00000050 r _kanji_091b4_paths
0020cab8 00000048 r _kanji_091ac_paths
0020cb00 00000048 r _kanji_091ab_paths
0020cb48 00000048 r _kanji_091aa_paths
0020cb90 00000044 r _kanji_091a2_paths
0020cbd4 00000044 r _kanji_0919c_paths
0020cc18 00000040 r _kanji_09192_paths
0020cc58 00000040 r _kanji_09190_paths
0020cc98 00000040 r _kanji_0918d_paths
0020ccd8 0000003c r _kanji_0918b_paths
0020cd14 0000003c r _kanji_09189_paths
0020cd50 0000003c r _kanji_09187_paths
0020cd8c 0000003c r _kanji_09182_paths
0020cdc8 00000038 r _kanji_09178_paths
0020ce00 00000038 r _kanji_09177_paths
0020ce38 00000038 r _kanji_09175_paths
0020ce70 00000038 r _kanji_09173_paths
0020cea8 00000038 r _kanji_09172_paths
0020cee0 00000034 r _kanji_0916c_paths
0020cf14 00000034 r _kanji_0916a_paths
0020cf48 00000034 r _kanji_09169_paths
0020cf7c 00000030 r _kanji_09165_paths
0020cfac 00000030 r _kanji_09163_paths
0020cfdc 00000030 r _kanji_09162_paths
0020d00c 0000002c r _kanji_09156_paths
0020d038 0000002c r _kanji_09154_paths
0020d064 00000028 r _kanji_09152_paths
0020d08c 00000028 r _kanji_0914e_paths
0020d0b4 00000028 r _kanji_0914d_paths
0020d0dc 00000028 r _kanji_0914c_paths
0020d104 00000024 r _kanji_0914b_paths
0020d128 00000024 r _kanji_0914a_paths
0020d14c 0000001c r _kanji_09149_paths
0020d168 0000003c r _kanji_09132_paths
0020d1a4 0000003c r _kanji_09130_paths
0020d1e0 0000003c r _kanji_0912d_paths
0020d21c 00000038 r _kanji_09119_paths
0020d254 00000034 r _kanji_09112_paths
0020d288 00000030 r _kanji_09102_paths
0020d2b8 0000002c r _kanji_090fd_paths
0020d2e4 0000002c r _kanji_090f7_paths
0020d310 0000002c r _kanji_090f5_paths
0020d33c 0000002c r _kanji_090ed_paths
0020d368 0000002c r _kanji_090e8_paths
0020d394 00000028 r _kanji_090e4_paths
0020d3bc 00000028 r _kanji_090e2_paths
0020d3e4 00000028 r _kanji_090e1_paths
0020d40c 00000028 r _kanji_090db_paths
0020d434 00000024 r _kanji_090ce_paths
0020d458 00000024 r _kanji_090ca_paths
0020d47c 00000024 r _kanji_090c1_paths
0020d4a0 00000020 r _kanji_090b8_paths
0020d4c0 00000020 r _kanji_090b5_paths
0020d4e0 00000020 r _kanji_090b1_paths
0020d500 00000020 r _kanji_090af_paths
0020d520 00000020 r _kanji_090aa_paths
0020d540 0000001c r _kanji_090a8_paths
0020d55c 0000001c r _kanji_090a6_paths
0020d578 0000001c r _kanji_090a3_paths
0020d594 0000001c r _kanji_09091_paths
0020d5b0 0000005c r _kanji_0908f_paths
0020d60c 0000004c r _kanji_0908a_paths
0020d658 00000048 r _kanji_09087_paths
0020d6a0 00000040 r _kanji_09084_paths
0020d6e0 00000044 r _kanji_09082_paths
0020d724 00000040 r _kanji_09081_paths
0020d764 00000044 r _kanji_09080_paths
0020d7a8 00000040 r _kanji_0907f_paths
0020d7e8 00000044 r _kanji_0907d_paths
0020d82c 0000003c r _kanji_0907c_paths
0020d868 0000003c r _kanji_0907a_paths
0020d8a4 0000003c r _kanji_09078_paths
0020d8e0 0000003c r _kanji_09077_paths
0020d91c 00000040 r _kanji_09076_paths
0020d95c 0000003c r _kanji_09075_paths
0020d998 00000040 r _kanji_09072_paths
0020d9d8 0000003c r _kanji_0906f_paths
0020da14 00000038 r _kanji_0906e_paths
0020da4c 00000038 r _kanji_0906d_paths
0020da84 00000038 r _kanji_09069_paths
0020dabc 0000003c r _kanji_09068_paths
0020daf8 00000030 r _kanji_09065_paths
0020db28 00000034 r _kanji_09063_paths
0020db5c 00000038 r _kanji_09061_paths
0020db94 00000034 r _kanji_09060_paths
0020dbc8 00000038 r _kanji_0905e_paths
0020dc00 00000038 r _kanji_0905c_paths
0020dc38 00000038 r _kanji_09059_paths
0020dc70 00000034 r _kanji_09056_paths
0020dca4 00000034 r _kanji_09055_paths
0020dcd8 00000030 r _kanji_09054_paths
0020dd08 00000030 r _kanji_09053_paths
0020dd38 00000034 r _kanji_09052_paths
0020dd6c 00000034 r _kanji_09051_paths
0020dda0 00000034 r _kanji_09050_paths
0020ddd4 00000034 r _kanji_0904f_paths
0020de08 00000030 r _kanji_0904e_paths
0020de38 00000030 r _kanji_0904d_paths
0020de68 00000030 r _kanji_0904b_paths
0020de98 00000030 r _kanji_0904a_paths
0020dec8 00000034 r _kanji_09049_paths
0020defc 00000030 r _kanji_09047_paths
0020df2c 00000030 r _kanji_09045_paths
0020df5c 00000030 r _kanji_09042_paths
0020df8c 00000034 r _kanji_09041_paths
0020dfc0 00000034 r _kanji_0903e_paths
0020dff4 00000034 r _kanji_0903c_paths
0020e028 0000002c r _kanji_09038_paths
0020e054 00000030 r _kanji_09035_paths
0020e084 0000002c r _kanji_09032_paths
0020e0b0 0000002c r _kanji_09031_paths
0020e0dc 0000002c r _kanji_0902e_paths
0020e108 0000002c r _kanji_09027_paths
0020e134 00000028 r _kanji_09023_paths
0020e15c 0000002c r _kanji_09022_paths
0020e188 0000002c r _kanji_09021_paths
0020e1b4 00000028 r _kanji_09020_paths
0020e1dc 00000028 r _kanji_0901f_paths
0020e204 0000002c r _kanji_0901e_paths
0020e230 00000028 r _kanji_0901d_paths
0020e258 00000028 r _kanji_0901a_paths
0020e280 0000002c r _kanji_09019_paths
0020e2ac 0000002c r _kanji_09017_paths
0020e2d8 0000002c r _kanji_09016_paths
0020e304 0000002c r _kanji_09015_paths
0020e330 00000028 r _kanji_09014_paths
0020e358 00000028 r _kanji_09013_paths
0020e380 0000002c r _kanji_09011_paths
0020e3ac 00000028 r _kanji_09010_paths
0020e3d4 00000028 r _kanji_0900f_paths
0020e3fc 0000002c r _kanji_0900d_paths
0020e428 0000002c r _kanji_0900b_paths
0020e454 00000024 r _kanji_09006_paths
0020e478 00000028 r _kanji_09005_paths
0020e4a0 00000024 r _kanji_09003_paths
0020e4c4 00000024 r _kanji_09001_paths
0020e4e8 00000024 r _kanji_09000_paths
0020e50c 00000024 r _kanji_08ffd_paths
0020e530 00000028 r _kanji_08ffa_paths
0020e558 00000028 r _kanji_08ff9_paths
0020e580 00000024 r _kanji_08ff7_paths
0020e5a4 00000028 r _kanji_08ff4_paths
0020e5cc 00000020 r _kanji_08ff0_paths
0020e5ec 00000020 r _kanji_08fed_paths
0020e60c 00000020 r _kanji_08feb_paths
0020e62c 00000020 r _kanji_08fea_paths
0020e64c 00000024 r _kanji_08fe6_paths
0020e670 00000024 r _kanji_08fe5_paths
0020e694 00000024 r _kanji_08fe2_paths
0020e6b8 00000020 r _kanji_08fda_paths
0020e6d8 0000001c r _kanji_08fd4_paths
0020e6f4 0000001c r _kanji_08fd1_paths
0020e710 0000001c r _kanji_08fce_paths
0020e72c 00000018 r _kanji_08fc5_paths
0020e744 0000001c r _kanji_08fc4_paths
0020e760 0000001c r _kanji_08fc2_paths
0020e77c 0000001c r _kanji_08fbf_paths
0020e798 00000014 r _kanji_08fbc_paths
0020e7ac 00000018 r _kanji_08fbb_paths
0020e7c4 00000014 r _kanji_08fba_paths
0020e7d8 00000014 r _kanji_08fb7_paths
0020e7ec 00000034 r _kanji_08fb2_paths
0020e820 00000028 r _kanji_08fb1_paths
0020e848 0000001c r _kanji_08fb0_paths
0020e864 00000054 r _kanji_08faf_paths
0020e8b8 00000050 r _kanji_08fae_paths
0020e908 0000004c r _kanji_08fad_paths
0020e954 00000040 r _kanji_08fa8_paths
0020e994 00000038 r _kanji_08fa3_paths
0020e9cc 00000034 r _kanji_08f9f_paths
0020ea00 00000034 r _kanji_08f9e_paths
0020ea34 00000030 r _kanji_08f9c_paths
0020ea64 0000001c r _kanji_08f9b_paths
0020ea80 0000005c r _kanji_08f64_paths
0020eadc 00000058 r _kanji_08f62_paths
0020eb34 00000058 r _kanji_08f61_paths
0020eb8c 00000054 r _kanji_08f5f_paths
0020ebe0 00000050 r _kanji_08f57_paths
0020ec30 0000004c r _kanji_08f4e_paths
0020ec7c 0000004c r _kanji_08f4d_paths
0020ecc8 00000048 r _kanji_08f4c_paths
0020ed10 00000048 r _kanji_08f49_paths
0020ed58 00000048 r _kanji_08f46_paths
0020eda0 00000044 r _kanji_08f45_paths
0020ede4 00000044 r _kanji_08f44_paths
0020ee28 00000044 r _kanji_08f42_paths
0020ee6c 00000044 r _kanji_08f3f_paths
0020eeb0 00000044 r _kanji_08f3e_paths
0020eef4 00000040 r _kanji_08f3b_paths
0020ef34 00000040 r _kanji_08f39_paths
0020ef74 00000040 r _kanji_08f38_paths
0020efb4 00000040 r _kanji_08f33_paths
0020eff4 00000040 r _kanji_08f2f_paths
0020f034 0000003c r _kanji_08f2a_paths
0020f070 0000003c r _kanji_08f29_paths
0020f0ac 0000003c r _kanji_08f26_paths
0020f0e8 0000003c r _kanji_08f1f_paths
0020f124 0000003c r _kanji_08f1d_paths
0020f160 0000003c r _kanji_08f1c_paths
0020f19c 0000003c r _kanji_08f1b_paths
0020f1d8 00000038 r _kanji_08f15_paths
0020f210 00000038 r _kanji_08f14_paths
0020f248 00000038 r _kanji_08f13_paths
0020f280 00000038 r _kanji_08f12_paths
0020f2b8 00000034 r _kanji_08f0a_paths
0020f2ec 00000034 r _kanji_08f09_paths
0020f320 00000034 r _kanji_08f05_paths
0020f354 00000034 r _kanji_08f03_paths
0020f388 00000034 r _kanji_08efe_paths
0020f3bc 00000030 r _kanji_08efd_paths
0020f3ec 00000030 r _kanji_08efc_paths
0020f41c 00000030 r _kanji_08efb_paths
0020f44c 00000030 r _kanji_08ef8_paths
0020f47c 00000030 r _kanji_08eeb_paths
0020f4ac 0000002c r _kanji_08ee2_paths
0020f4d8 0000002c r _kanji_08edf_paths
0020f504 0000002c r _kanji_08edb_paths
0020f530 00000028 r _kanji_08ed2_paths
0020f558 00000024 r _kanji_08ecd_paths
0020f57c 00000024 r _kanji_08ecc_paths
0020f5a0 00000020 r _kanji_08ecb_paths
0020f5c0 0000001c r _kanji_08eca_paths
0020f5dc 00000060 r _kanji_08ec8_paths
0020f63c 00000040 r _kanji_08ebe_paths
0020f67c 00000034 r _kanji_08eb1_paths
0020f6b0 00000028 r _kanji_08eac_paths
0020f6d8 0000001c r _kanji_08eab_paths
0020f6f4 00000068 r _kanji_08eaa_paths
0020f75c 00000064 r _kanji_08ea1_paths
0020f7c0 00000058 r _kanji_08e94_paths
0020f818 00000058 r _kanji_08e93_paths
0020f870 00000058 r _kanji_08e91_paths
0020f8c8 00000054 r _kanji_08e8d_paths
0020f91c 00000054 r _kanji_08e8b_paths
0020f970 00000054 r _kanji_08e8a_paths
0020f9c4 0000004c r _kanji_08e87_paths
0020fa10 00000050 r _kanji_08e85_paths
0020fa60 00000050 r _kanji_08e84_paths
0020fab0 00000050 r _kanji_08e81_paths
0020fb00 0000004c r _kanji_08e7c_paths
0020fb4c 0000004c r _kanji_08e76_paths
0020fb98 0000004c r _kanji_08e74_paths
0020fbe4 0000004c r _kanji_08e72_paths
0020fc30 00000048 r _kanji_08e64_paths
0020fc78 00000048 r _kanji_08e63_paths
0020fcc0 00000048 r _kanji_08e60_paths
0020fd08 00000048 r _kanji_08e5f_paths
0020fd50 00000048 r _kanji_08e59_paths
0020fd98 00000044 r _kanji_08e50_paths
0020fddc 00000044 r _kanji_08e4c_paths
0020fe20 00000044 r _kanji_08e4a_paths
0020fe64 00000044 r _kanji_08e49_paths
0020fea8 00000044 r _kanji_08e48_paths
0020feec 00000044 r _kanji_08e47_paths
0020ff30 00000040 r _kanji_08e44_paths
0020ff70 00000040 r _kanji_08e42_paths
0020ffb0 00000040 r _kanji_08e35_paths
0020fff0 00000040 r _kanji_08e34_paths
00210030 00000040 r _kanji_08e30_paths
00210070 0000003c r _kanji_08e2a_paths
002100ac 0000003c r _kanji_08e1f_paths
002100e8 0000003c r _kanji_08e1e_paths
00210124 0000003c r _kanji_08e1d_paths
00210160 0000003c r _kanji_08e10_paths
0021019c 0000003c r _kanji_08e0f_paths
002101d8 00000038 r _kanji_08e0a_paths
00210210 00000038 r _kanji_08e09_paths
00210248 00000038 r _kanji_08dff_paths
00210280 00000038 r _kanji_08dfc_paths
002102b8 00000034 r _kanji_08df5_paths
002102ec 00000034 r _kanji_08df3_paths
00210320 00000034 r _kanji_08def_paths
00210354 00000034 r _kanji_08dea_paths
00210388 00000034 r _kanji_08de8_paths
002103bc 00000034 r _kanji_08de3_paths
002103f0 00000034 r _kanji_08de1_paths
00210424 00000034 r _kanji_08ddf_paths
00210458 00000030 r _kanji_08ddd_paths
00210488 00000030 r _kanji_08ddb_paths
002104b8 00000030 r _kanji_08dda_paths
002104e8 00000030 r _kanji_08dd6_paths
00210518 00000030 r _kanji_08dcf_paths
00210548 00000030 r _kanji_08dcc_paths
00210578 00000030 r _kanji_08dcb_paths
002105a8 0000002c r _kanji_08dc2_paths
002105d4 0000002c r _kanji_08dbe_paths
00210600 0000002c r _kanji_08dba_paths
0021062c 0000001c r _kanji_08db3_paths
00210648 00000044 r _kanji_08da8_paths
0021068c 0000003c r _kanji_08da3_paths
002106c8 00000038 r _kanji_08d99_paths
00210700 00000030 r _kanji_08d8a_paths
00210730 00000030 r _kanji_08d85_paths
00210760 00000030 r _kanji_08d81_paths
00210790 00000028 r _kanji_08d77_paths
002107b8 00000024 r _kanji_08d74_paths
002107dc 00000028 r _kanji_08d73_paths
00210804 0000001c r _kanji_08d70_paths
00210820 00000040 r _kanji_08d6d_paths
00210860 00000038 r _kanji_08d6b_paths
00210898 00000030 r _kanji_08d67_paths
002108c8 0000002c r _kanji_08d66_paths
002108f4 0000001c r _kanji_08d64_paths
00210910 00000058 r _kanji_08d16_paths
00210968 00000054 r _kanji_08d14_paths
002109bc 00000058 r _kanji_08d13_paths
00210a14 00000054 r _kanji_08d10_paths
00210a68 00000050 r _kanji_08d0d_paths
00210ab8 0000004c r _kanji_08d0b_paths
00210b04 0000004c r _kanji_08d0a_paths
00210b50 00000048 r _kanji_08d08_paths
00210b98 0000004c r _kanji_08d07_paths
00210be4 00000048 r _kanji_08d05_paths
00210c2c 00000048 r _kanji_08d04_paths
00210c74 00000044 r _kanji_08cfd_paths
00210cb8 00000044 r _kanji_08cfc_paths
00210cfc 00000044 r _kanji_08cfb_paths
00210d40 00000044 r _kanji_08cfa_paths
00210d84 00000040 r _kanji_08ced_paths
00210dc4 0000003c r _kanji_08cea_paths
00210e00 0000003c r _kanji_08ce6_paths
00210e3c 0000003c r _kanji_08ce4_paths
00210e78 0000003c r _kanji_08ce3_paths
00210eb4 00000040 r _kanji_08ce2_paths
00210ef4 0000003c r _kanji_08ce0_paths
00210f30 0000003c r _kanji_08cde_paths
00210f6c 0000003c r _kanji_08cdc_paths
00210fa8 0000003c r _kanji_08cdb_paths
00210fe4 0000003c r _kanji_08cda_paths
00211020 0000003c r _kanji_08cd3_paths
0021105c 00000038 r _kanji_08cd1_paths
00211094 00000034 r _kanji_08cca_paths
002110c8 00000034 r _kanji_08cc8_paths
002110fc 00000034 r _kanji_08cc7_paths
00211130 00000034 r _kanji_08cc4_paths
00211164 00000034 r _kanji_08cc3_paths
00211198 00000034 r _kanji_08cc2_paths
002111cc 00000030 r _kanji_08cc0_paths
002111fc 00000030 r _kanji_08cbf_paths
0021122c 00000030 r _kanji_08cbd_paths
0021125c 00000030 r _kanji_08cbc_paths
0021128c 00000030 r _kanji_08cbb_paths
002112bc 00000030 r _kanji_08cb8_paths
002112ec 00000030 r _kanji_08cb7_paths
0021131c 0000002c r _kanji_08cb6_paths
00211348 00000030 r _kanji_08cb4_paths
00211378 00000030 r _kanji_08cb3_paths
002113a8 00000034 r _kanji_08cb2_paths
002113dc 00000030 r _kanji_08cb0_paths
0021140c 00000030 r _kanji_08caf_paths
0021143c 0000002c r _kanji_08cac_paths
00211468 0000002c r _kanji_08cab_paths
00211494 0000002c r _kanji_08caa_paths
002114c0 0000002c r _kanji_08ca9_paths
002114ec 0000002c r _kanji_08ca8_paths
00211518 0000002c r _kanji_08ca7_paths
00211544 00000028 r _kanji_08ca2_paths
0021156c 00000028 r _kanji_08ca1_paths
00211594 00000024 r _kanji_08ca0_paths
002115b8 00000024 r _kanji_08c9e_paths
002115dc 0000001c r _kanji_08c9d_paths
002115f8 00000044 r _kanji_08c98_paths
0021163c 0000003c r _kanji_08c8e_paths
00211678 00000038 r _kanji_08c8c_paths
002116b0 00000034 r _kanji_08c8a_paths
002116e4 00000034 r _kanji_08c89_paths
00211718 00000030 r _kanji_08c82_paths
00211748 00000028 r _kanji_08c7a_paths
00211770 00000028 r _kanji_08c79_paths
00211798 00000040 r _kanji_08c6b_paths
002117d8 00000038 r _kanji_08c6a_paths
00211810 00000034 r _kanji_08c62_paths
00211844 00000030 r _kanji_08c61_paths
00211874 0000002c r _kanji_08c5a_paths
002118a0 0000001c r _kanji_08c55_paths
002118bc 00000048 r _kanji_08c50_paths
00211904 0000003c r _kanji_08c4c_paths
00211940 00000034 r _kanji_08c4a_paths
00211974 00000028 r _kanji_08c48_paths
0021199c 0000001c r _kanji_08c46_paths
002119b8 00000044 r _kanji_08c3f_paths
002119fc 0000001c r _kanji_08c37_paths
00211a18 00000060 r _kanji_08b99_paths
00211a78 00000060 r _kanji_08b96_paths
00211ad8 00000060 r _kanji_08b93_paths
00211b38 00000060 r _kanji_08b92_paths
00211b98 0000005c r _kanji_08b90_paths
00211bf4 0000005c r _kanji_08b8c_paths
00211c50 0000005c r _kanji_08b8a_paths
00211cac 00000058 r _kanji_08b83_paths
00211d04 00000058 r _kanji_08b80_paths
00211d5c 00000050 r _kanji_08b7d_paths
00211dac 00000050 r _kanji_08b77_paths
00211dfc 00000054 r _kanji_08b74_paths
00211e50 00000050 r _kanji_08b72_paths
00211ea0 00000050 r _kanji_08b70_paths
00211ef0 00000050 r _kanji_08b6f_paths
00211f40 00000050 r _kanji_08b6c_paths
00211f90 00000050 r _kanji_08b6b_paths
00211fe0 0000004c r _kanji_08b66_paths
0021202c 00000050 r _kanji_08b5f_paths
0021207c 0000004c r _kanji_08b5c_paths
002120c8 0000004c r _kanji_08b5a_paths
00212114 0000004c r _kanji_08b58_paths
00212160 0000004c r _kanji_08b56_paths
002121ac 0000004c r _kanji_08b4f_paths
002121f8 0000004c r _kanji_08b4e_paths
00212244 0000004c r _kanji_08b4c_paths
00212290 0000004c r _kanji_08b49_paths
002122dc 00000048 r _kanji_08b3e_paths
00212324 00000044 r _kanji_08b39_paths
00212368 00000048 r _kanji_08b33_paths
002123b0 00000048 r _kanji_08b2c_paths
002123f8 00000048 r _kanji_08b2b_paths
00212440 00000044 r _kanji_08b28_paths
00212484 00000048 r _kanji_08b26_paths
002124cc 00000040 r _kanji_08b21_paths
0021250c 00000044 r _kanji_08b20_paths
00212550 00000044 r _kanji_08b1d_paths
00212594 00000044 r _kanji_08b1b_paths
002125d8 00000044 r _kanji_08b19_paths
0021261c 00000044 r _kanji_08b17_paths
00212660 00000044 r _kanji_08b16_paths
002126a4 00000040 r _kanji_08b14_paths
002126e4 00000044 r _kanji_08b10_paths
00212728 00000044 r _kanji_08b0e_paths
0021276c 00000044 r _kanji_08b07_paths
002127b0 00000044 r _kanji_08b04_paths
002127f4 00000040 r _kanji_08b02_paths
00212834 0000003c r _kanji_08b01_paths
00212870 00000040 r _kanji_08b00_paths
002128b0 0000003c r _kanji_08afe_paths
002128ec 00000040 r _kanji_08afa_paths
0021292c 0000003c r _kanji_08af8_paths
00212968 00000040 r _kanji_08af7_paths
002129a8 00000040 r _kanji_08af3_paths
002129e8 00000044 r _kanji_08af1_paths
00212a2c 00000040 r _kanji_08aee_paths
00212a6c 00000040 r _kanji_08aed_paths
00212aac 00000040 r _kanji_08aeb_paths
00212aec 00000040 r _kanji_08ae7_paths
00212b2c 00000040 r _kanji_08ae6_paths
00212b6c 00000040 r _kanji_08ae4_paths
00212bac 00000040 r _kanji_08ae2_paths
00212bec 00000040 r _kanji_08ae1_paths
00212c2c 00000040 r _kanji_08ae0_paths
00212c6c 00000040 r _kanji_08adc_paths
00212cac 0000003c r _kanji_08ada_paths
00212ce8 0000003c r _kanji_08ad6_paths
00212d24 0000003c r _kanji_08ad2_paths
00212d60 0000003c r _kanji_08acf_paths
00212d9c 0000003c r _kanji_08acd_paths
00212dd8 0000003c r _kanji_08acb_paths
00212e14 0000003c r _kanji_08ac7_paths
00212e50 0000003c r _kanji_08ac4_paths
00212e8c 0000003c r _kanji_08ac2_paths
00212ec8 0000003c r _kanji_08abf_paths
00212f04 0000003c r _kanji_08abc_paths
00212f40 0000003c r _kanji_08ab9_paths
00212f7c 0000003c r _kanji_08ab2_paths
00212fb8 0000003c r _kanji_08ab0_paths
00212ff4 00000038 r _kanji_08aad_paths
0021302c 00000038 r _kanji_08aac_paths
00213064 00000038 r _kanji_08aa8_paths
0021309c 00000038 r _kanji_08aa6_paths
002130d4 00000038 r _kanji_08aa5_paths
0021310c 00000038 r _kanji_08aa4_paths
00213144 00000038 r _kanji_08aa3_paths
0021317c 00000038 r _kanji_08aa1_paths
002131b4 00000034 r _kanji_08aa0_paths
002131e8 00000038 r _kanji_08a9e_paths
00213220 00000038 r _kanji_08a9a_paths
00213258 00000038 r _kanji_08a98_paths
00213290 0000003c r _kanji_08a95_paths
002132cc 00000038 r _kanji_08a93_paths
00213304 00000038 r _kanji_08a91_paths
0021333c 00000038 r _kanji_08a8d_paths
00213374 00000038 r _kanji_08a8c_paths
002133ac 00000034 r _kanji_08a89_paths
002133e0 00000034 r _kanji_08a87_paths
00213414 00000034 r _kanji_08a85_paths
00213448 00000034 r _kanji_08a84_paths
0021347c 00000034 r _kanji_08a82_paths
002134b0 00000034 r _kanji_08a7c_paths
002134e4 00000034 r _kanji_08a73_paths
00213518 00000034 r _kanji_08a72_paths
0021354c 00000034 r _kanji_08a71_paths
00213580 00000034 r _kanji_08a70_paths
002135b4 00000034 r _kanji_08a6e_paths
002135e8 00000034 r _kanji_08a6d_paths
0021361c 00000034 r _kanji_08a6c_paths
00213650 00000034 r _kanji_08a6b_paths
00213684 00000034 r _kanji_08a69_paths
002136b8 00000034 r _kanji_08a66_paths
002136ec 00000034 r _kanji_08a63_paths
00213720 00000034 r _kanji_08a62_paths
00213754 00000030 r _kanji_08a60_paths
00213784 00000030 r _kanji_08a5e_paths
002137b4 00000030 r _kanji_08a5b_paths
002137e4 00000030 r _kanji_08a55_paths
00213814 00000030 r _kanji_08a54_paths
00213844 00000030 r _kanji_08a52_paths
00213874 00000030 r _kanji_08a51_paths
002138a4 00000030 r _kanji_08a50_paths
002138d4 00000030 r _kanji_08a48_paths
00213904 00000030 r _kanji_08a46_paths
00213934 00000030 r _kanji_08a41_paths
00213964 00000030 r _kanji_08a3c_paths
00213994 00000030 r _kanji_08a3b_paths
002139c4 00000030 r _kanji_08a3a_paths
002139f4 00000030 r _kanji_08a36_paths
00213a24 00000030 r _kanji_08a34_paths
00213a54 0000002c r _kanji_08a33_paths
00213a80 0000002c r _kanji_08a31_paths
00213aac 0000002c r _kanji_08a2d_paths
00213ad8 0000002c r _kanji_08a2a_paths
00213b04 0000002c r _kanji_08a25_paths
00213b30 0000002c r _kanji_08a23_paths
00213b5c 0000002c r _kanji_08a1f_paths
00213b88 0000002c r _kanji_08a1d_paths
00213bb4 0000002c r _kanji_08a1b_paths
00213be0 00000028 r _kanji_08a18_paths
00213c08 00000028 r _kanji_08a17_paths
00213c30 00000028 r _kanji_08a16_paths
00213c58 00000028 r _kanji_08a13_paths
00213c80 00000028 r _kanji_08a10_paths
00213ca8 00000028 r _kanji_08a0e_paths
00213cd0 00000028 r _kanji_08a0c_paths
00213cf8 00000028 r _kanji_08a0a_paths
00213d20 00000024 r _kanji_08a08_paths
00213d44 00000024 r _kanji_08a03_paths
00213d68 00000024 r _kanji_08a02_paths
00213d8c 0000001c r _kanji_08a00_paths
00213da8 00000050 r _kanji_089f8_paths
00213df8 00000048 r _kanji_089f4_paths
00213e40 00000034 r _kanji_089e6_paths
00213e74 00000034 r _kanji_089e3_paths
00213ea8 00000030 r _kanji_089dd_paths
00213ed8 00000034 r _kanji_089dc_paths
00213f0c 0000001c r _kanji_089d2_paths
00213f28 00000060 r _kanji_089c0_paths
00213f88 00000058 r _kanji_089bf_paths
00213fe0 00000058 r _kanji_089bd_paths
00214038 00000050 r _kanji_089ba_paths
00214088 00000048 r _kanji_089b3_paths
002140d0 00000048 r _kanji_089b2_paths
00214118 00000044 r _kanji_089ac_paths
0021415c 00000040 r _kanji_089aa_paths
0021419c 00000040 r _kanji_089a9_paths
002141dc 00000044 r _kanji_089a7_paths
00214220 00000040 r _kanji_089a6_paths
00214260 00000038 r _kanji_089a1_paths
00214298 00000030 r _kanji_0899a_paths
002142c8 00000030 r _kanji_08998_paths
002142f8 00000030 r _kanji_08997_paths
00214328 0000002c r _kanji_08996_paths
00214354 0000002c r _kanji_08993_paths
00214380 0000002c r _kanji_0898f_paths
002143ac 0000001c r _kanji_0898b_paths
002143c8 0000004c r _kanji_08988_paths
00214414 0000004c r _kanji_08987_paths
00214460 00000048 r _kanji_08986_paths
002144a8 00000030 r _kanji_08983_paths
002144d8 00000024 r _kanji_08981_paths
002144fc 00000018 r _kanji_0897f_paths
00214514 00000058 r _kanji_08977_paths
0021456c 00000058 r _kanji_08974_paths
002145c4 00000058 r _kanji_08972_paths
0021461c 00000054 r _kanji_0896f_paths
00214670 00000050 r _kanji_0896d_paths
002146c0 0000004c r _kanji_08966_paths
0021470c 00000050 r _kanji_08964_paths
0021475c 00000048 r _kanji_08960_paths
002147a4 00000048 r _kanji_0895f_paths
002147ec 0000004c r _kanji_0895e_paths
00214838 00000048 r _kanji_08956_paths
00214880 00000044 r _kanji_0894c_paths
002148c4 00000044 r _kanji_08944_paths
00214908 00000044 r _kanji_08943_paths
0021494c 00000040 r _kanji_08941_paths
0021498c 00000044 r _kanji_0893b_paths
002149d0 00000040 r _kanji_08938_paths
00214a10 00000040 r _kanji_08936_paths
00214a50 0000003c r _kanji_0892b_paths
00214a8c 0000003c r _kanji_0892a_paths
00214ac8 0000003c r _kanji_08925_paths
00214b04 0000003c r _kanji_0891e_paths
00214b40 00000038 r _kanji_08913_paths
00214b78 0000003c r _kanji_08912_paths
00214bb4 00000034 r _kanji_08910_paths
00214be8 00000038 r _kanji_0890c_paths
00214c20 00000038 r _kanji_08907_paths
00214c58 00000034 r _kanji_08904_paths
00214c8c 00000034 r _kanji_08902_paths
00214cc0 00000034 r _kanji_088fe_paths
00214cf4 00000038 r _kanji_088fd_paths
00214d2c 00000034 r _kanji_088fc_paths
00214d60 00000038 r _kanji_088f9_paths
00214d98 00000034 r _kanji_088f8_paths
00214dcc 00000038 r _kanji_088f4_paths
00214e04 00000038 r _kanji_088f3_paths
00214e3c 00000034 r _kanji_088f2_paths
00214e70 00000034 r _kanji_088e8_paths
00214ea4 00000030 r _kanji_088e1_paths
00214ed4 00000034 r _kanji_088df_paths
00214f08 00000034 r _kanji_088dd_paths
00214f3c 00000030 r _kanji_088dc_paths
00214f6c 00000030 r _kanji_088d9_paths
00214f9c 00000034 r _kanji_088d8_paths
00214fd0 00000030 r _kanji_088d5_paths
00215000 00000034 r _kanji_088d4_paths
00215034 00000034 r _kanji_088cf_paths
00215068 00000030 r _kanji_088c5_paths
00215098 0000002c r _kanji_088c4_paths
002150c4 0000002c r _kanji_088c3_paths
002150f0 00000030 r _kanji_088c2_paths
00215120 00000030 r _kanji_088c1_paths
00215150 0000002c r _kanji_088bf_paths
0021517c 0000002c r _kanji_088b7_paths
002151a8 0000002c r _kanji_088b5_paths
002151d4 0000002c r _kanji_088b4_paths
00215200 0000002c r _kanji_088b1_paths
0021522c 0000002c r _kanji_088b0_paths
00215258 00000028 r _kanji_088ab_paths
00215280 0000002c r _kanji_088a4_paths
002152ac 00000028 r _kanji_088a2_paths
002152d4 00000028 r _kanji_08899_paths
002152fc 00000028 r _kanji_08897_paths
00215324 00000028 r _kanji_08896_paths
0021534c 00000028 r _kanji_08892_paths
00215374 00000028 r _kanji_0888d_paths
0021539c 0000002c r _kanji_0888b_paths
002153c8 0000002c r _kanji_08888_paths
002153f4 00000024 r _kanji_08882_paths
00215418 00000024 r _kanji_0887f_paths
0021543c 00000028 r _kanji_0887e_paths
00215464 00000024 r _kanji_08877_paths
00215488 00000024 r _kanji_08875_paths
002154ac 00000024 r _kanji_08872_paths
002154d0 00000028 r _kanji_08870_paths
002154f8 00000020 r _kanji_0886b_paths
00215518 00000020 r _kanji_08868_paths
00215538 00000018 r _kanji_08863_paths
00215550 00000060 r _kanji_08862_paths
002155b0 00000040 r _kanji_08861_paths
002155f0 00000040 r _kanji_0885e_paths
00215630 0000003c r _kanji_0885d_paths
0021566c 00000040 r _kanji_0885b_paths
002156ac 00000034 r _kanji_08859_paths
002156e0 00000030 r _kanji_08857_paths
00215710 0000002c r _kanji_08853_paths
0021573c 0000002c r _kanji_08852_paths
00215768 00000024 r _kanji_0884d_paths
0021578c 00000018 r _kanji_0884c_paths
002157a4 00000030 r _kanji_08846_paths
002157d4 00000028 r _kanji_08844_paths
002157fc 00000018 r _kanji_08840_paths
00215814 00000064 r _kanji_0883b_paths
00215878 00000060 r _kanji_08839_paths
002158d8 00000068 r _kanji_08836_paths
00215940 0000005c r _kanji_08831_paths
0021599c 00000050 r _kanji_08823_paths
002159ec 00000054 r _kanji_08822_paths
00215a40 00000054 r _kanji_08821_paths
00215a94 0000004c r _kanji_08816_paths
00215ae0 00000050 r _kanji_08815_paths
00215b30 00000050 r _kanji_08811_paths
00215b80 0000004c r _kanji_0880d_paths
00215bcc 0000004c r _kanji_08805_paths
00215c18 0000004c r _kanji_087fe_paths
00215c64 0000004c r _kanji_087fb_paths
00215cb0 0000004c r _kanji_087f9_paths
00215cfc 0000004c r _kanji_087f7_paths
00215d48 0000004c r _kanji_087f6_paths
00215d94 00000048 r _kanji_087f2_paths
00215ddc 00000048 r _kanji_087ef_paths
00215e24 00000048 r _kanji_087ec_paths
00215e6c 00000048 r _kanji_087e0_paths
00215eb4 00000044 r _kanji_087cb_paths
00215ef8 00000040 r _kanji_087c7_paths
00215f38 00000044 r _kanji_087c4_paths
00215f7c 00000044 r _kanji_087c0_paths
00215fc0 00000044 r _kanji_087bb_paths
00216004 00000044 r _kanji_087ba_paths
00216048 00000044 r _kanji_087b3_paths
0021608c 00000044 r _kanji_087af_paths
002160d0 00000044 r _kanji_087ab_paths
00216114 00000040 r _kanji_087a2_paths
00216154 00000040 r _kanji_0879f_paths
00216194 00000040 r _kanji_0878d_paths
002161d4 00000040 r _kanji_08782_paths
00216214 0000003c r _kanji_08778_paths
00216250 0000003c r _kanji_08776_paths
0021628c 0000003c r _kanji_08774_paths
002162c8 0000003c r _kanji_0876e_paths
00216304 0000003c r _kanji_08768_paths
00216340 0000003c r _kanji_08766_paths
0021637c 0000003c r _kanji_08763_paths
002163b8 0000003c r _kanji_08760_paths
002163f4 0000003c r _kanji_0875f_paths
00216430 0000003c r _kanji_08757_paths
0021646c 0000003c r _kanji_08755_paths
002164a8 0000003c r _kanji_08753_paths
002164e4 0000003c r _kanji_0874e_paths
00216520 0000003c r _kanji_0874c_paths
0021655c 00000038 r _kanji_0873f_paths
00216594 00000038 r _kanji_0873b_paths
002165cc 00000038 r _kanji_08737_paths
00216604 00000038 r _kanji_08734_paths
0021663c 00000038 r _kanji_08729_paths
00216674 00000038 r _kanji_08725_paths
002166ac 00000038 r _kanji_0871c_paths
002166e4 00000038 r _kanji_0871a_paths
0021671c 00000038 r _kanji_08718_paths
00216754 00000034 r _kanji_08712_paths
00216788 00000034 r _kanji_08711_paths
002167bc 00000034 r _kanji_0870d_paths
002167f0 00000034 r _kanji_0870a_paths
00216824 00000034 r _kanji_08709_paths
00216858 00000034 r _kanji_08708_paths
0021688c 00000034 r _kanji_08706_paths
002168c0 00000034 r _kanji_08703_paths
002168f4 00000034 r _kanji_08702_paths
00216928 00000034 r _kanji_08700_paths
0021695c 00000034 r _kanji_086fe_paths
00216990 00000034 r _kanji_086fb_paths
002169c4 00000034 r _kanji_086f9_paths
002169f8 00000034 r _kanji_086f8_paths
00216a2c 00000030 r _kanji_086ef_paths
00216a5c 00000030 r _kanji_086ee_paths
00216a8c 00000030 r _kanji_086ed_paths
00216abc 00000030 r _kanji_086ec_paths
00216aec 00000030 r _kanji_086e4_paths
00216b1c 00000030 r _kanji_086df_paths
00216b4c 00000030 r _kanji_086de_paths
00216b7c 00000030 r _kanji_086db_paths
00216bac 00000030 r _kanji_086d9_paths
00216bdc 00000030 r _kanji_086d4_paths
00216c0c 0000002c r _kanji_086cd_paths
00216c38 0000002c r _kanji_086cb_paths
00216c64 0000002c r _kanji_086c9_paths
00216c90 0000002c r _kanji_086c7_paths
00216cbc 0000002c r _kanji_086c6_paths
00216ce8 0000002c r _kanji_086c4_paths
00216d14 0000002c r _kanji_086b6_paths
00216d40 0000002c r _kanji_086b0_paths
00216d6c 0000002c r _kanji_086af_paths
00216d98 0000002c r _kanji_086ab_paths
00216dc4 00000028 r _kanji_086aa_paths
00216dec 00000028 r _kanji_086a9_paths
00216e14 00000028 r _kanji_086a4_paths
00216e3c 00000028 r _kanji_086a3_paths
00216e64 00000028 r _kanji_08695_paths
00216e8c 00000028 r _kanji_08693_paths
00216eb4 00000028 r _kanji_0868c_paths
00216edc 00000028 r _kanji_0868a_paths
00216f04 00000024 r _kanji_0867b_paths
00216f28 00000024 r _kanji_08679_paths
00216f4c 00000018 r _kanji_0866b_paths
00216f64 00000044 r _kanji_08667_paths
00216fa8 00000034 r _kanji_0865f_paths
00216fdc 00000034 r _kanji_0865e_paths
00217010 00000034 r _kanji_0865c_paths
00217044 0000002c r _kanji_0865a_paths
00217070 0000002c r _kanji_08655_paths
0021709c 00000028 r _kanji_08654_paths
002170c4 00000024 r _kanji_08650_paths
002170e8 00000020 r _kanji_0864e_paths
00217108 00000058 r _kanji_0863f_paths
00217160 0000004c r _kanji_0862d_paths
002171ac 0000004c r _kanji_08622_paths
002171f8 00000050 r _kanji_0861a_paths
00217248 0000004c r _kanji_0860b_paths
00217294 0000004c r _kanji_0860a_paths
002172e0 0000004c r _kanji_08607_paths
0021732c 0000004c r _kanji_08606_paths
00217378 0000004c r _kanji_085fe_paths
002173c4 0000004c r _kanji_085fb_paths
00217410 0000004c r _kanji_085fa_paths
0021745c 0000004c r _kanji_085f9_paths
002174a8 0000004c r _kanji_085f7_paths
002174f4 00000048 r _kanji_085ea_paths
0021753c 00000048 r _kanji_085e9_paths
00217584 00000048 r _kanji_085e5_paths
002175cc 00000048 r _kanji_085e4_paths
00217614 00000048 r _kanji_085dd_paths
0021765c 00000048 r _kanji_085dc_paths
002176a4 00000048 r _kanji_085d5_paths
002176ec 00000044 r _kanji_085d0_paths
00217730 00000048 r _kanji_085cf_paths
00217778 00000048 r _kanji_085cd_paths
002177c0 00000044 r _kanji_085c9_paths
00217804 00000044 r _kanji_085c1_paths
00217848 00000044 r _kanji_085ba_paths
0021788c 00000044 r _kanji_085b9_paths
002178d0 00000044 r _kanji_085af_paths
00217914 00000040 r _kanji_085ac_paths
00217954 00000040 r _kanji_085ab_paths
00217994 00000040 r _kanji_085aa_paths
002179d4 00000044 r _kanji_085a9_paths
00217a18 00000040 r _kanji_085a8_paths
00217a58 00000040 r _kanji_085a6_paths
00217a98 00000040 r _kanji_085a4_paths
00217ad8 00000040 r _kanji_0859c_paths
00217b18 00000040 r _kanji_0859b_paths
00217b58 00000040 r _kanji_08599_paths
00217b98 00000040 r _kanji_08597_paths
00217bd8 00000040 r _kanji_08594_paths
00217c18 00000040 r _kanji_08591_paths
00217c58 00000040 r _kanji_08590_paths
00217c98 00000040 r _kanji_0858a_paths
00217cd8 00000040 r _kanji_08588_paths
00217d18 00000040 r _kanji_08587_paths
00217d58 00000040 r _kanji_08584_paths
00217d98 00000040 r _kanji_08580_paths
00217dd8 00000040 r _kanji_0857e_paths
00217e18 00000040 r _kanji_08577_paths
00217e58 00000040 r _kanji_0856d_paths
00217e98 0000003c r _kanji_0856a_paths
00217ed4 0000003c r _kanji_08569_paths
00217f10 0000003c r _kanji_08568_paths
00217f4c 0000003c r _kanji_08563_paths
00217f88 0000003c r _kanji_08558_paths
00217fc4 00000040 r _kanji_08557_paths
00218004 0000003c r _kanji_08555_paths
00218040 0000003c r _kanji_0854e_paths
0021807c 0000003c r _kanji_0854a_paths
002180b8 0000003c r _kanji_08549_paths
002180f4 0000003c r _kanji_08543_paths
00218130 0000003c r _kanji_08541_paths
0021816c 0000003c r _kanji_08540_paths
002181a8 0000003c r _kanji_0853d_paths
002181e4 0000003c r _kanji_08535_paths
00218220 00000038 r _kanji_0852d_paths
00218258 00000038 r _kanji_08526_paths
00218290 00000038 r _kanji_08523_paths
002182c8 00000038 r _kanji_08521_paths
00218300 00000038 r _kanji_0851f_paths
00218338 00000038 r _kanji_0851a_paths
00218370 00000038 r _kanji_08518_paths
002183a8 00000038 r _kanji_08517_paths
002183e0 00000038 r _kanji_08515_paths
00218418 00000038 r _kanji_08514_paths
00218450 00000038 r _kanji_08513_paths
00218488 00000038 r _kanji_08511_paths
002184c0 00000038 r _kanji_08500_paths
002184f8 00000038 r _kanji_084ff_paths
00218530 00000038 r _kanji_084fc_paths
00218568 00000034 r _kanji_084ee_paths
0021859c 00000038 r _kanji_084ec_paths
002185d4 00000034 r _kanji_084d9_paths
00218608 00000034 r _kanji_084d6_paths
0021863c 00000034 r _kanji_084d1_paths
00218670 00000034 r _kanji_084d0_paths
002186a4 00000034 r _kanji_084cd_paths
002186d8 00000034 r _kanji_084cb_paths
0021870c 00000034 r _kanji_084c9_paths
00218740 00000034 r _kanji_084c6_paths
00218774 00000034 r _kanji_084c4_paths
002187a8 00000034 r _kanji_084c1_paths
002187dc 00000034 r _kanji_084bf_paths
00218810 00000034 r _kanji_084bc_paths
00218844 00000034 r _kanji_084bb_paths
00218878 00000034 r _kanji_084b9_paths
002188ac 00000034 r _kanji_084b8_paths
002188e0 00000034 r _kanji_084b2_paths
00218914 00000034 r _kanji_084a1_paths
00218948 00000034 r _kanji_0849f_paths
0021897c 00000034 r _kanji_0849c_paths
002189b0 00000034 r _kanji_08499_paths
002189e4 00000034 r _kanji_08494_paths
00218a18 00000034 r _kanji_08490_paths
00218a4c 00000030 r _kanji_0847a_paths
00218a7c 00000030 r _kanji_08477_paths
00218aac 00000030 r _kanji_08475_paths
00218adc 00000030 r _kanji_08471_paths
00218b0c 00000030 r _kanji_0846d_paths
00218b3c 00000030 r _kanji_0846c_paths
00218b6c 00000030 r _kanji_08469_paths
00218b9c 00000034 r _kanji_08466_paths
00218bd0 00000030 r _kanji_08463_paths
00218c00 00000030 r _kanji_08461_paths
00218c30 00000030 r _kanji_0845b_paths
00218c60 0000002c r _kanji_08457_paths
00218c8c 00000030 r _kanji_0844e_paths
00218cbc 00000030 r _kanji_08449_paths
00218cec 00000030 r _kanji_08446_paths
00218d1c 00000030 r _kanji_0843d_paths
00218d4c 00000030 r _kanji_0843c_paths
00218d7c 00000030 r _kanji_08438_paths
00218dac 00000030 r _kanji_08435_paths
00218ddc 00000030 r _kanji_08431_paths
00218e0c 00000030 r _kanji_0842c_paths
00218e3c 00000030 r _kanji_08429_paths
00218e6c 0000002c r _kanji_0840e_paths
00218e98 0000002c r _kanji_0840d_paths
00218ec4 0000002c r _kanji_0840c_paths
00218ef0 0000002c r _kanji_0840a_paths
00218f1c 0000002c r _kanji_08404_paths
00218f48 0000002c r _kanji_08403_paths
00218f74 0000002c r _kanji_083fd_paths
00218fa0 0000002c r _kanji_083f4_paths
00218fcc 0000002c r _kanji_083f2_paths
00218ff8 0000002c r _kanji_083f1_paths
00219024 00000030 r _kanji_083f0_paths
00219054 00000028 r _kanji_083ef_paths
0021907c 0000002c r _kanji_083eb_paths
002190a8 0000002c r _kanji_083e9_paths
002190d4 0000002c r _kanji_083e0_paths
00219100 0000002c r _kanji_083dc_paths
0021912c 0000002c r _kanji_083d8_paths
00219158 0000002c r _kanji_083d6_paths
00219184 0000002c r _kanji_083d3_paths
002191b0 0000002c r _kanji_083ce_paths
002191dc 0000002c r _kanji_083cc_paths
00219208 0000002c r _kanji_083ca_paths
00219234 0000002c r _kanji_083c5_paths
00219260 0000002c r _kanji_083c1_paths
0021928c 00000028 r _kanji_083ab_paths
002192b4 00000028 r _kanji_083aa_paths
002192dc 00000028 r _kanji_083a8_paths
00219304 00000028 r _kanji_083a2_paths
0021932c 00000028 r _kanji_083a0_paths
00219354 00000028 r _kanji_0839f_paths
0021937c 00000028 r _kanji_0839e_paths
002193a4 00000028 r _kanji_0839a_paths
002193cc 00000028 r _kanji_08396_paths
002193f4 00000028 r _kanji_0838e_paths
0021941c 00000028 r _kanji_0838a_paths
00219444 00000028 r _kanji_08389_paths
0021946c 00000028 r _kanji_08385_paths
00219494 00000028 r _kanji_0837c_paths
002194bc 00000028 r _kanji_0837b_paths
002194e4 00000028 r _kanji_08377_paths
0021950c 00000028 r _kanji_08373_paths
00219534 00000024 r _kanji_08358_paths
00219558 00000024 r _kanji_08352_paths
0021957c 00000024 r _kanji_08350_paths
002195a0 00000024 r _kanji_0834f_paths
002195c4 00000024 r _kanji_0834a_paths
002195e8 00000024 r _kanji_08349_paths
0021960c 00000024 r _kanji_08345_paths
00219630 00000024 r _kanji_08340_paths
00219654 00000024 r _kanji_08339_paths
00219678 00000024 r _kanji_08338_paths
0021969c 00000024 r _kanji_08336_paths
002196c0 00000024 r _kanji_08335_paths
002196e4 00000024 r _kanji_08334_paths
00219708 00000024 r _kanji_08332_paths
0021972c 00000024 r _kanji_08331_paths
00219750 00000024 r _kanji_0832f_paths
00219774 00000024 r _kanji_0832b_paths
00219798 00000024 r _kanji_08328_paths
002197bc 00000028 r _kanji_08323_paths
002197e4 00000024 r _kanji_0831c_paths
00219808 00000024 r _kanji_08318_paths
0021982c 00000024 r _kanji_08317_paths
00219850 00000020 r _kanji_0830e_paths
00219870 00000020 r _kanji_08309_paths
00219890 00000020 r _kanji_08306_paths
002198b0 00000020 r _kanji_08305_paths
002198d0 00000020 r _kanji_08304_paths
002198f0 00000020 r _kanji_08303_paths
00219910 00000020 r _kanji_08302_paths
00219930 00000020 r _kanji_082fb_paths
00219950 00000020 r _kanji_082fa_paths
00219970 00000020 r _kanji_082f9_paths
00219990 00000020 r _kanji_082f4_paths
002199b0 00000020 r _kanji_082f3_paths
002199d0 00000020 r _kanji_082f1_paths
002199f0 00000020 r _kanji_082eb_paths
00219a10 00000020 r _kanji_082e7_paths
00219a30 00000020 r _kanji_082e6_paths
00219a50 00000020 r _kanji_082e5_paths
00219a70 00000020 r _kanji_082e1_paths
00219a90 00000020 r _kanji_082df_paths
00219ab0 00000020 r _kanji_082de_paths
00219ad0 00000020 r _kanji_082dc_paths
00219af0 00000020 r _kanji_082db_paths
00219b10 00000020 r _kanji_082d9_paths
00219b30 00000020 r _kanji_082d7_paths
00219b50 00000020 r _kanji_082d4_paths
00219b70 00000020 r _kanji_082d3_paths
00219b90 00000020 r _kanji_082d1_paths
00219bb0 0000001c r _kanji_082c5_paths
00219bcc 00000020 r _kanji_082bd_paths
00219bec 00000028 r _kanji_082bb_paths
00219c14 0000001c r _kanji_082b9_paths
00219c30 0000001c r _kanji_082b8_paths
00219c4c 0000001c r _kanji_082b3_paths
00219c68 0000001c r _kanji_082b1_paths
00219c84 0000001c r _kanji_082af_paths
00219ca0 0000001c r _kanji_082ad_paths
00219cbc 0000001c r _kanji_082ac_paths
00219cd8 0000001c r _kanji_082ab_paths
00219cf4 0000001c r _kanji_082a5_paths
00219d10 0000001c r _kanji_0829f_paths
00219d2c 00000018 r _kanji_0829d_paths
00219d44 0000001c r _kanji_08299_paths
00219d60 00000018 r _kanji_08292_paths
00219d78 00000018 r _kanji_0828b_paths
00219d90 00000014 r _kanji_0827e_paths
00219da4 00000018 r _kanji_08278_paths
00219dbc 00000060 r _kanji_08277_paths
00219e1c 0000004c r _kanji_08276_paths
00219e68 00000018 r _kanji_08272_paths
00219e80 00000044 r _kanji_08271_paths
00219ec4 0000001c r _kanji_0826f_paths
00219ee0 00000018 r _kanji_0826e_paths
00219ef8 00000058 r _kanji_0826b_paths
00219f50 00000054 r _kanji_0826a_paths
00219fa4 0000004c r _kanji_08268_paths
00219ff0 00000054 r _kanji_08266_paths
0021a044 0000004c r _kanji_08264_paths
0021a090 0000004c r _kanji_08262_paths
0021a0dc 00000048 r _kanji_0825f_paths
0021a124 00000044 r _kanji_0825d_paths
0021a168 00000044 r _kanji_0825a_paths
0021a1ac 00000040 r _kanji_08259_paths
0021a1ec 00000040 r _kanji_08258_paths
0021a22c 00000034 r _kanji_08247_paths
0021a260 00000034 r _kanji_08240_paths
0021a294 0000002c r _kanji_08239_paths
0021a2c0 0000002c r _kanji_08238_paths
0021a2ec 0000002c r _kanji_08237_paths
0021a318 0000002c r _kanji_08236_paths
0021a344 0000002c r _kanji_08235_paths
0021a370 0000002c r _kanji_08233_paths
0021a39c 00000028 r _kanji_0822c_paths
0021a3c4 00000028 r _kanji_0822b_paths
0021a3ec 00000028 r _kanji_0822a_paths
0021a414 00000018 r _kanji_0821f_paths
0021a42c 0000003c r _kanji_0821e_paths
0021a468 00000034 r _kanji_0821c_paths
0021a49c 00000018 r _kanji_0821b_paths
0021a4b4 00000040 r _kanji_08218_paths
0021a4f4 0000003c r _kanji_08217_paths
0021a530 0000003c r _kanji_08216_paths
0021a56c 00000030 r _kanji_08212_paths
0021a59c 00000028 r _kanji_08210_paths
0021a5c4 00000020 r _kanji_0820e_paths
0021a5e4 00000020 r _kanji_0820d_paths
0021a604 00000018 r _kanji_0820c_paths
0021a61c 00000044 r _kanji_0820a_paths
0021a660 00000040 r _kanji_08208_paths
0021a6a0 00000034 r _kanji_08207_paths
0021a6d4 00000034 r _kanji_08205_paths
0021a708 0000002c r _kanji_08202_paths
0021a734 00000024 r _kanji_081fe_paths
0021a758 00000018 r _kanji_081fc_paths
0021a770 00000040 r _kanji_081fb_paths
0021a7b0 00000038 r _kanji_081fa_paths
0021a7e8 00000028 r _kanji_081f4_paths
0021a810 00000018 r _kanji_081f3_paths
0021a828 00000024 r _kanji_081ed_paths
0021a84c 00000018 r _kanji_081ea_paths
0021a864 00000048 r _kanji_081e8_paths
0021a8ac 0000003c r _kanji_081e7_paths
0021a8e8 00000024 r _kanji_081e5_paths
0021a90c 0000001c r _kanji_081e3_paths
0021a928 00000064 r _kanji_081e0_paths
0021a98c 00000058 r _kanji_081df_paths
0021a9e4 00000050 r _kanji_081da_paths
0021aa34 00000050 r _kanji_081d9_paths
0021aa84 0000004c r _kanji_081d8_paths
0021aad0 0000004c r _kanji_081d3_paths
0021ab1c 00000048 r _kanji_081d1_paths
0021ab64 00000048 r _kanji_081cd_paths
0021abac 00000044 r _kanji_081c9_paths
0021abf0 00000044 r _kanji_081c6_paths
0021ac34 00000044 r _kanji_081c2_paths
0021ac78 00000044 r _kanji_081c0_paths
0021acbc 00000044 r _kanji_081bf_paths
0021ad00 00000044 r _kanji_081be_paths
0021ad44 00000044 r _kanji_081bd_paths
0021ad88 00000044 r _kanji_081ba_paths
0021adcc 0000003c r _kanji_081b5_paths
0021ae08 00000040 r _kanji_081b3_paths
0021ae48 00000040 r _kanji_081b0_paths
0021ae88 00000040 r _kanji_081a9_paths
0021aec8 00000040 r _kanji_081a8_paths
0021af08 0000003c r _kanji_081a3_paths
0021af44 0000003c r _kanji_081a0_paths
0021af80 0000003c r _kanji_0819d_paths
0021afbc 00000038 r _kanji_0819c_paths
0021aff4 0000003c r _kanji_0819a_paths
0021b030 00000038 r _kanji_0818f_paths
0021b068 00000038 r _kanji_0818a_paths
0021b0a0 00000038 r _kanji_08188_paths
0021b0d8 00000038 r _kanji_08183_paths
0021b110 00000038 r _kanji_08182_paths
0021b148 00000038 r _kanji_08180_paths
0021b180 00000038 r _kanji_0817f_paths
0021b1b8 00000034 r _kanji_0817a_paths
0021b1ec 00000034 r _kanji_08179_paths
0021b220 00000034 r _kanji_08178_paths
0021b254 00000034 r _kanji_08174_paths
0021b288 00000034 r _kanji_08171_paths
0021b2bc 00000034 r _kanji_08170_paths
0021b2f0 00000034 r _kanji_0816e_paths
0021b324 00000034 r _kanji_0816b_paths
0021b358 00000034 r _kanji_08166_paths
0021b38c 00000034 r _kanji_08165_paths
0021b3c0 00000030 r _kanji_08155_paths
0021b3f0 00000030 r _kanji_08154_paths
0021b420 00000030 r _kanji_08153_paths
0021b450 00000030 r _kanji_08151_paths
0021b480 00000038 r _kanji_08150_paths
0021b4b8 00000034 r _kanji_0814e_paths
0021b4ec 00000030 r _kanji_0814b_paths
0021b51c 00000030 r _kanji_08146_paths
0021b54c 00000030 r _kanji_0813e_paths
0021b57c 00000030 r _kanji_08139_paths
0021b5ac 0000002c r _kanji_08133_paths
0021b5d8 0000002c r _kanji_08131_paths
0021b604 0000002c r _kanji_0812f_paths
0021b630 0000002c r _kanji_08129_paths
0021b65c 0000002c r _kanji_08123_paths
0021b688 0000002c r _kanji_0811b_paths
0021b6b4 0000002c r _kanji_0811a_paths
0021b6e0 00000028 r _kanji_0810a_paths
0021b708 00000028 r _kanji_08108_paths
0021b730 00000028 r _kanji_08107_paths
0021b758 00000028 r _kanji_08106_paths
0021b780 00000028 r _kanji_08105_paths
0021b7a8 00000028 r _kanji_08102_paths
0021b7d0 00000028 r _kanji_080fd_paths
0021b7f8 00000028 r _kanji_080f8_paths
0021b820 00000028 r _kanji_080f4_paths
0021b848 00000028 r _kanji_080f1_paths
0021b870 00000028 r _kanji_080ef_paths
0021b898 00000024 r _kanji_080e5_paths
0021b8bc 00000024 r _kanji_080e4_paths
0021b8e0 00000024 r _kanji_080e1_paths
0021b904 00000024 r _kanji_080de_paths
0021b928 00000024 r _kanji_080dd_paths
0021b94c 00000024 r _kanji_080db_paths
0021b970 00000024 r _kanji_080da_paths
0021b994 00000024 r _kanji_080d9_paths
0021b9b8 00000024 r _kanji_080d6_paths
0021b9dc 00000024 r _kanji_080ce_paths
0021ba00 00000024 r _kanji_080cc_paths
0021ba24 00000024 r _kanji_080c6_paths
0021ba48 00000024 r _kanji_080c4_paths
0021ba6c 00000024 r _kanji_080c3_paths
0021ba90 00000024 r _kanji_080ba_paths
0021bab4 00000020 r _kanji_080b4_paths
0021bad4 00000020 r _kanji_080b2_paths
0021baf4 00000020 r _kanji_080b1_paths
0021bb14 00000020 r _kanji_080af_paths
0021bb34 00000020 r _kanji_080ad_paths
0021bb54 00000020 r _kanji_080ac_paths
0021bb74 00000020 r _kanji_080aa_paths
0021bb94 00000020 r _kanji_080a9_paths
0021bbb4 00000020 r _kanji_080a5_paths
0021bbd4 00000020 r _kanji_080a2_paths
0021bbf4 00000020 r _kanji_080a1_paths
0021bc14 0000001c r _kanji_0809d_paths
0021bc30 0000001c r _kanji_0809b_paths
0021bc4c 0000001c r _kanji_0809a_paths
0021bc68 0000001c r _kanji_08098_paths
0021bc84 0000001c r _kanji_08096_paths
0021bca0 00000018 r _kanji_0808c_paths
0021bcb8 00000018 r _kanji_0808b_paths
0021bcd0 00000018 r _kanji_08089_paths
0021bce8 00000038 r _kanji_08087_paths
0021bd20 00000034 r _kanji_08086_paths
0021bd54 00000034 r _kanji_08085_paths
0021bd88 00000034 r _kanji_08084_paths
0021bdbc 00000018 r _kanji_0807f_paths
0021bdd4 00000058 r _kanji_0807e_paths
0021be2c 00000058 r _kanji_0807d_paths
0021be84 00000048 r _kanji_08077_paths
0021becc 00000048 r _kanji_08076_paths
0021bf14 00000044 r _kanji_08074_paths
0021bf58 00000044 r _kanji_08073_paths
0021bf9c 00000044 r _kanji_08072_paths
0021bfe0 00000044 r _kanji_08070_paths
0021c024 00000044 r _kanji_0806f_paths
0021c068 00000038 r _kanji_08062_paths
0021c0a0 00000038 r _kanji_08061_paths
0021c0d8 00000038 r _kanji_0805e_paths
0021c110 00000038 r _kanji_0805a_paths
0021c148 00000034 r _kanji_08058_paths
0021c17c 00000034 r _kanji_08056_paths
0021c1b0 00000030 r _kanji_08052_paths
0021c1e0 0000002c r _kanji_0804a_paths
0021c20c 0000002c r _kanji_08046_paths
0021c238 00000028 r _kanji_0803f_paths
0021c260 00000028 r _kanji_0803d_paths
0021c288 00000024 r _kanji_08036_paths
0021c2ac 00000018 r _kanji_08033_paths
0021c2c4 00000040 r _kanji_08028_paths
0021c304 00000034 r _kanji_08021_paths
0021c338 00000028 r _kanji_08019_paths
0021c360 00000028 r _kanji_08018_paths
0021c388 00000028 r _kanji_08017_paths
0021c3b0 00000028 r _kanji_08015_paths
0021c3d8 00000024 r _kanji_08010_paths
0021c3fc 00000018 r _kanji_0800c_paths
0021c414 00000030 r _kanji_0800b_paths
0021c444 00000028 r _kanji_08006_paths
0021c46c 00000020 r _kanji_08005_paths
0021c48c 00000028 r _kanji_08004_paths
0021c4b4 00000018 r _kanji_08003_paths
0021c4cc 00000018 r _kanji_08001_paths
0021c4e4 00000050 r _kanji_08000_paths
0021c534 00000044 r _kanji_07ffc_paths
0021c578 00000048 r _kanji_07ffb_paths
0021c5c0 00000048 r _kanji_07ff9_paths
0021c608 00000044 r _kanji_07ff3_paths
0021c64c 00000040 r _kanji_07ff0_paths
0021c68c 0000003c r _kanji_07feb_paths
0021c6c8 0000003c r _kanji_07fe6_paths
0021c704 00000038 r _kanji_07fe1_paths
0021c73c 00000038 r _kanji_07fe0_paths
0021c774 00000030 r _kanji_07fd5_paths
0021c7a4 00000030 r _kanji_07fd4_paths
0021c7d4 0000002c r _kanji_07fd2_paths
0021c800 0000002c r _kanji_07fcc_paths
0021c82c 0000002c r _kanji_07fca_paths
0021c858 00000028 r _kanji_07fc5_paths
0021c880 00000028 r _kanji_07fc1_paths
0021c8a8 00000018 r _kanji_07fbd_paths
0021c8c0 0000004c r _kanji_07fb9_paths
0021c90c 0000004c r _kanji_07fb8_paths
0021c958 0000004c r _kanji_07fb6_paths
0021c9a4 00000040 r _kanji_07fb2_paths
0021c9e4 0000003c r _kanji_07faf_paths
0021ca20 00000034 r _kanji_07fa9_paths
0021ca54 00000034 r _kanji_07fa8_paths
0021ca88 00000034 r _kanji_07fa4_paths
0021cabc 0000002c r _kanji_07f9e_paths
0021cae8 0000002c r _kanji_07f9d_paths
0021cb14 0000002c r _kanji_07f9a_paths
0021cb40 00000028 r _kanji_07f94_paths
0021cb68 00000024 r _kanji_07f8e_paths
0021cb8c 00000020 r _kanji_07f8c_paths
0021cbac 00000018 r _kanji_07f8a_paths
0021cbc4 00000060 r _kanji_07f88_paths
0021cc24 00000058 r _kanji_07f87_paths
0021cc7c 0000004c r _kanji_07f86_paths
0021ccc8 0000004c r _kanji_07f85_paths
0021cd14 00000048 r _kanji_07f83_paths
0021cd5c 00000048 r _kanji_07f82_paths
0021cda4 00000040 r _kanji_07f79_paths
0021cde4 0000003c r _kanji_07f77_paths
0021ce20 0000003c r _kanji_07f75_paths
0021ce5c 00000034 r _kanji_07f72_paths
0021ce90 00000038 r _kanji_07f70_paths
0021cec8 00000034 r _kanji_07f6e_paths
0021cefc 00000034 r _kanji_07f6b_paths
0021cf30 00000034 r _kanji_07f6a_paths
0021cf64 00000034 r _kanji_07f69_paths
0021cf98 00000034 r _kanji_07f68_paths
0021cfcc 00000034 r _kanji_07f67_paths
0021d000 00000028 r _kanji_07f60_paths
0021d028 00000028 r _kanji_07f5f_paths
0021d050 00000024 r _kanji_07f58_paths
0021d074 0000001c r _kanji_07f55_paths
0021d090 00000020 r _kanji_07f54_paths
0021d0b0 0000005c r _kanji_07f50_paths
0021d10c 00000058 r _kanji_07f4e_paths
0021d164 00000054 r _kanji_07f4d_paths
0021d1b8 00000050 r _kanji_07f4c_paths
0021d208 00000044 r _kanji_07f45_paths
0021d24c 00000028 r _kanji_07f3a_paths
0021d274 00000024 r _kanji_07f38_paths
0021d298 00000018 r _kanji_07f36_paths
0021d2b0 00000070 r _kanji_07e9c_paths
0021d320 00000060 r _kanji_07e9b_paths
0021d380 0000005c r _kanji_07e96_paths
0021d3dc 0000005c r _kanji_07e94_paths
0021d438 0000005c r _kanji_07e93_paths
0021d494 00000054 r _kanji_07e90_paths
0021d4e8 00000054 r _kanji_07e8f_paths
0021d53c 00000054 r _kanji_07e8c_paths
0021d590 00000054 r _kanji_07e88_paths
0021d5e4 00000050 r _kanji_07e83_paths
0021d634 00000050 r _kanji_07e82_paths
0021d684 00000050 r _kanji_07e7d_paths
0021d6d4 00000050 r _kanji_07e7c_paths
0021d724 00000050 r _kanji_07e7b_paths
0021d774 0000004c r _kanji_07e79_paths
0021d7c0 0000004c r _kanji_07e70_paths
0021d80c 00000048 r _kanji_07e6d_paths
0021d854 0000004c r _kanji_07e6b_paths
0021d8a0 0000004c r _kanji_07e6a_paths
0021d8ec 0000004c r _kanji_07e69_paths
0021d938 00000048 r _kanji_07e67_paths
0021d980 0000004c r _kanji_07e61_paths
0021d9cc 00000048 r _kanji_07e5e_paths
0021da14 00000048 r _kanji_07e5d_paths
0021da5c 00000048 r _kanji_07e5a_paths
0021daa4 00000048 r _kanji_07e59_paths
0021daec 00000048 r _kanji_07e56_paths
0021db34 00000048 r _kanji_07e55_paths
0021db7c 00000048 r _kanji_07e54_paths
0021dbc4 00000044 r _kanji_07e4a_paths
0021dc08 00000044 r _kanji_07e46_paths
0021dc4c 00000040 r _kanji_07e41_paths
0021dc8c 00000044 r _kanji_07e3e_paths
0021dcd0 00000044 r _kanji_07e3d_paths
0021dd14 00000044 r _kanji_07e3b_paths
0021dd58 00000044 r _kanji_07e3a_paths
0021dd9c 00000044 r _kanji_07e39_paths
0021dde0 00000044 r _kanji_07e37_paths
0021de24 00000044 r _kanji_07e35_paths
0021de68 00000044 r _kanji_07e32_paths
0021deac 00000044 r _kanji_07e31_paths
0021def0 00000044 r _kanji_07e2e_paths
0021df34 00000040 r _kanji_07e2b_paths
0021df74 00000040 r _kanji_07e26_paths
0021dfb4 00000040 r _kanji_07e23_paths
0021dff4 00000040 r _kanji_07e21_paths
0021e034 00000040 r _kanji_07e1f_paths
0021e074 00000040 r _kanji_07e1e_paths
0021e0b4 00000040 r _kanji_07e1b_paths
0021e0f4 00000040 r _kanji_07e12_paths
0021e134 00000040 r _kanji_07e0b_paths
0021e174 00000040 r _kanji_07e0a_paths
0021e1b4 00000040 r _kanji_07e09_paths
0021e1f4 0000003c r _kanji_07e05_paths
0021e230 0000003c r _kanji_07e04_paths
0021e26c 0000003c r _kanji_07e01_paths
0021e2a8 00000040 r _kanji_07dfb_paths
0021e2e8 00000038 r _kanji_07df4_paths
0021e320 0000003c r _kanji_07df2_paths
0021e35c 00000040 r _kanji_07def_paths
0021e39c 0000003c r _kanji_07dec_paths
0021e3d8 0000003c r _kanji_07de9_paths
0021e414 0000003c r _kanji_07de8_paths
0021e450 0000003c r _kanji_07de4_paths
0021e48c 0000003c r _kanji_07de1_paths
0021e4c8 0000003c r _kanji_07de0_paths
0021e504 0000003c r _kanji_07dde_paths
0021e540 0000003c r _kanji_07ddd_paths
0021e57c 0000003c r _kanji_07dda_paths
0021e5b8 0000003c r _kanji_07dd8_paths
0021e5f4 00000038 r _kanji_07dd2_paths
0021e62c 00000038 r _kanji_07dd1_paths
0021e664 00000038 r _kanji_07dcf_paths
0021e69c 00000038 r _kanji_07dcb_paths
0021e6d4 0000003c r _kanji_07dca_paths
0021e710 00000038 r _kanji_07dc7_paths
0021e748 00000038 r _kanji_07dbf_paths
0021e780 00000038 r _kanji_07dbe_paths
0021e7b8 00000038 r _kanji_07dbd_paths
0021e7f0 00000038 r _kanji_07dbb_paths
0021e828 00000038 r _kanji_07dba_paths
0021e860 00000038 r _kanji_07db8_paths
0021e898 00000038 r _kanji_07db5_paths
0021e8d0 00000038 r _kanji_07db4_paths
0021e908 00000038 r _kanji_07db2_paths
0021e940 00000038 r _kanji_07db1_paths
0021e978 00000038 r _kanji_07db0_paths
0021e9b0 00000038 r _kanji_07daf_paths
0021e9e8 00000038 r _kanji_07dad_paths
0021ea20 00000038 r _kanji_07dac_paths
0021ea58 00000038 r _kanji_07dab_paths
0021ea90 00000038 r _kanji_07da3_paths
0021eac8 00000038 r _kanji_07da2_paths
0021eb00 00000038 r _kanji_07d9c_paths
0021eb38 00000034 r _kanji_07d9a_paths
0021eb6c 00000034 r _kanji_07d99_paths
0021eba0 00000034 r _kanji_07d93_paths
0021ebd4 00000034 r _kanji_07d8f_paths
0021ec08 00000034 r _kanji_07d89_paths
0021ec3c 00000034 r _kanji_07d7d_paths
0021ec70 00000034 r _kanji_07d79_paths
0021eca4 00000030 r _kanji_07d76_paths
0021ecd4 00000030 r _kanji_07d75_paths
0021ed04 00000030 r _kanji_07d73_paths
0021ed34 00000030 r _kanji_07d72_paths
0021ed64 00000030 r _kanji_07d71_paths
0021ed94 00000030 r _kanji_07d6e_paths
0021edc4 00000030 r _kanji_07d68_paths
0021edf4 00000030 r _kanji_07d66_paths
0021ee24 00000030 r _kanji_07d63_paths
0021ee54 00000030 r _kanji_07d62_paths
0021ee84 00000030 r _kanji_07d61_paths
0021eeb4 00000030 r _kanji_07d5e_paths
0021eee4 00000034 r _kanji_07d5b_paths
0021ef18 00000030 r _kanji_07d56_paths
0021ef48 00000030 r _kanji_07d50_paths
0021ef78 00000030 r _kanji_07d4f_paths
0021efa8 00000030 r _kanji_07d4e_paths
0021efd8 0000002c r _kanji_07d4c_paths
0021f004 0000002c r _kanji_07d46_paths
0021f030 0000002c r _kanji_07d45_paths
0021f05c 0000002c r _kanji_07d44_paths
0021f088 0000002c r _kanji_07d43_paths
0021f0b4 0000002c r _kanji_07d42_paths
0021f0e0 0000002c r _kanji_07d3f_paths
0021f10c 0000002c r _kanji_07d3a_paths
0021f138 0000002c r _kanji_07d39_paths
0021f164 0000002c r _kanji_07d35_paths
0021f190 0000002c r _kanji_07d33_paths
0021f1bc 0000002c r _kanji_07d32_paths
0021f1e8 0000002c r _kanji_07d30_paths
0021f214 0000002c r _kanji_07d2f_paths
0021f240 0000002c r _kanji_07d2e_paths
0021f26c 0000002c r _kanji_07d2c_paths
0021f298 00000030 r _kanji_07d2b_paths
0021f2c8 00000028 r _kanji_07d22_paths
0021f2f0 00000028 r _kanji_07d21_paths
0021f318 00000028 r _kanji_07d20_paths
0021f340 00000028 r _kanji_07d1c_paths
0021f368 00000028 r _kanji_07d1b_paths
0021f390 00000024 r _kanji_07d1a_paths
0021f3b4 00000028 r _kanji_07d19_paths
0021f3dc 00000028 r _kanji_07d18_paths
0021f404 00000028 r _kanji_07d17_paths
0021f42c 00000028 r _kanji_07d15_paths
0021f454 00000028 r _kanji_07d14_paths
0021f47c 00000028 r _kanji_07d10_paths
0021f4a4 00000028 r _kanji_07d0d_paths
0021f4cc 00000028 r _kanji_07d0b_paths
0021f4f4 00000028 r _kanji_07d0a_paths
0021f51c 00000024 r _kanji_07d06_paths
0021f540 00000024 r _kanji_07d05_paths
0021f564 00000024 r _kanji_07d04_paths
0021f588 00000024 r _kanji_07d02_paths
0021f5ac 00000024 r _kanji_07d00_paths
0021f5d0 00000024 r _kanji_07cfe_paths
0021f5f4 0000001c r _kanji_07cfb_paths
0021f610 0000001c r _kanji_07cfa_paths
0021f62c 00000018 r _kanji_07cf8_paths
0021f644 00000064 r _kanji_07cf6_paths
0021f6a8 00000058 r _kanji_07cf4_paths
0021f700 00000050 r _kanji_07cf2_paths
0021f750 00000050 r _kanji_07cef_paths
0021f7a0 00000048 r _kanji_07ce7_paths
0021f7e8 00000044 r _kanji_07ce0_paths
0021f82c 00000044 r _kanji_07cdf_paths
0021f870 00000044 r _kanji_07cde_paths
0021f8b4 00000044 r _kanji_07cdc_paths
0021f8f8 00000040 r _kanji_07cd6_paths
0021f938 00000040 r _kanji_07cd2_paths
0021f978 0000003c r _kanji_07cce_paths
0021f9b4 0000003c r _kanji_07cca_paths
0021f9f0 0000003c r _kanji_07cc5_paths
0021fa2c 0000003c r _kanji_07cc2_paths
0021fa68 00000034 r _kanji_07cc0_paths
0021fa9c 00000038 r _kanji_07cbe_paths
0021fad4 00000038 r _kanji_07cbd_paths
0021fb0c 00000038 r _kanji_07cb9_paths
0021fb44 00000034 r _kanji_07cb3_paths
0021fb78 00000034 r _kanji_07cb2_paths
0021fbac 00000034 r _kanji_07cb1_paths
0021fbe0 00000030 r _kanji_07ca8_paths
0021fc10 00000030 r _kanji_07ca7_paths
0021fc40 00000030 r _kanji_07ca5_paths
0021fc70 00000030 r _kanji_07ca4_paths
0021fca0 00000030 r _kanji_07ca2_paths
0021fcd0 00000030 r _kanji_07c9f_paths
0021fd00 0000002c r _kanji_07c9b_paths
0021fd2c 0000002c r _kanji_07c98_paths
0021fd58 0000002c r _kanji_07c97_paths
0021fd84 0000002c r _kanji_07c95_paths
0021fdb0 0000002c r _kanji_07c92_paths
0021fddc 00000028 r _kanji_07c8d_paths
0021fe04 00000028 r _kanji_07c8b_paths
0021fe2c 00000028 r _kanji_07c89_paths
0021fe54 00000024 r _kanji_07c82_paths
0021fe78 00000024 r _kanji_07c81_paths
0021fe9c 00000024 r _kanji_07c7e_paths
0021fec0 00000020 r _kanji_07c75_paths
0021fee0 00000018 r _kanji_07c73_paths
0021fef8 00000064 r _kanji_07c6c_paths
0021ff5c 0000005c r _kanji_07c65_paths
0021ffb8 0000005c r _kanji_07c64_paths
00220014 00000058 r _kanji_07c60_paths
0022006c 00000058 r _kanji_07c5f_paths
002200c4 00000054 r _kanji_07c54_paths
00220118 00000050 r _kanji_07c4d_paths
00220168 00000050 r _kanji_07c4c_paths
002201b8 00000054 r _kanji_07c43_paths
0022020c 0000004c r _kanji_07c3f_paths
00220258 0000004c r _kanji_07c3e_paths
002202a4 0000004c r _kanji_07c3d_paths
002202f0 0000004c r _kanji_07c38_paths
0022033c 0000004c r _kanji_07c37_paths
00220388 0000004c r _kanji_07c2b_paths
002203d4 00000048 r _kanji_07c27_paths
0022041c 00000048 r _kanji_07c23_paths
00220464 00000048 r _kanji_07c21_paths
002204ac 00000048 r _kanji_07c1e_paths
002204f4 00000044 r _kanji_07c17_paths
00220538 00000044 r _kanji_07c13_paths
0022057c 00000040 r _kanji_07c11_paths
002205bc 00000044 r _kanji_07c0d_paths
00220600 00000044 r _kanji_07c07_paths
00220644 00000044 r _kanji_07c00_paths
00220688 00000044 r _kanji_07bf7_paths
002206cc 00000040 r _kanji_07be9_paths
0022070c 00000040 r _kanji_07be6_paths
0022074c 00000040 r _kanji_07be5_paths
0022078c 00000040 r _kanji_07be4_paths
002207cc 00000044 r _kanji_07be0_paths
00220810 00000040 r _kanji_07bdd_paths
00220850 0000003c r _kanji_07bcc_paths
0022088c 0000003c r _kanji_07bcb_paths
002208c8 00000040 r _kanji_07bc9_paths
00220908 0000003c r _kanji_07bc7_paths
00220944 0000003c r _kanji_07bc6_paths
00220980 0000003c r _kanji_07bc4_paths
002209bc 0000003c r _kanji_07bc1_paths
002209f8 00000034 r _kanji_07bc0_paths
00220a2c 0000003c r _kanji_07bb8_paths
00220a68 0000003c r _kanji_07bb4_paths
00220aa4 0000003c r _kanji_07bb1_paths
00220ae0 0000003c r _kanji_07bad_paths
00220b1c 00000038 r _kanji_07ba1_paths
00220b54 00000038 r _kanji_07b9d_paths
00220b8c 00000038 r _kanji_07b9c_paths
00220bc4 00000038 r _kanji_07b9a_paths
00220bfc 00000038 r _kanji_07b98_paths
00220c34 00000038 r _kanji_07b97_paths
00220c6c 00000038 r _kanji_07b95_paths
00220ca4 00000038 r _kanji_07b94_paths
00220cdc 00000038 r _kanji_07b92_paths
00220d14 00000038 r _kanji_07b8f_paths
00220d4c 00000038 r _kanji_07b8d_paths
00220d84 00000038 r _kanji_07b8b_paths
00220dbc 00000038 r _kanji_07b87_paths
00220df4 00000034 r _kanji_07b75_paths
00220e28 00000034 r _kanji_07b74_paths
00220e5c 00000034 r _kanji_07b71_paths
00220e90 00000034 r _kanji_07b70_paths
00220ec4 00000034 r _kanji_07b6e_paths
00220ef8 00000034 r _kanji_07b67_paths
00220f2c 00000034 r _kanji_07b65_paths
00220f60 00000030 r _kanji_07b56_paths
00220f90 00000030 r _kanji_07b54_paths
00220fc0 00000030 r _kanji_07b52_paths
00220ff0 00000030 r _kanji_07b51_paths
00221020 00000030 r _kanji_07b50_paths
00221050 00000030 r _kanji_07b4f_paths
00221080 00000030 r _kanji_07b4d_paths
002210b0 00000030 r _kanji_07b4c_paths
002210e0 00000030 r _kanji_07b4b_paths
00221110 00000030 r _kanji_07b49_paths
00221140 00000030 r _kanji_07b48_paths
00221170 00000030 r _kanji_07b46_paths
002211a0 00000030 r _kanji_07b45_paths
002211d0 0000002c r _kanji_07b39_paths
002211fc 0000002c r _kanji_07b35_paths
00221228 0000002c r _kanji_07b33_paths
00221254 0000002c r _kanji_07b2c_paths
00221280 0000002c r _kanji_07b28_paths
002212ac 0000002c r _kanji_07b26_paths
002212d8 0000002c r _kanji_07b25_paths
00221304 0000002c r _kanji_07b20_paths
00221330 0000002c r _kanji_07b1e_paths
0022135c 0000002c r _kanji_07b1b_paths
00221388 0000002c r _kanji_07b19_paths
002213b4 0000002c r _kanji_07b18_paths
002213e0 00000028 r _kanji_07b11_paths
00221408 00000028 r _kanji_07b0f_paths
00221430 00000028 r _kanji_07b0a_paths
00221458 00000028 r _kanji_07b08_paths
00221480 00000028 r _kanji_07b06_paths
002214a8 00000024 r _kanji_07aff_paths
002214cc 00000020 r _kanji_07afa_paths
002214ec 00000018 r _kanji_07af9_paths
00221504 00000050 r _kanji_07af6_paths
00221554 00000038 r _kanji_07af0_paths
0022158c 00000038 r _kanji_07aef_paths
002215c4 00000038 r _kanji_07aed_paths
002215fc 00000038 r _kanji_07aea_paths
00221634 00000030 r _kanji_07ae6_paths
00221664 00000030 r _kanji_07ae5_paths
00221694 00000030 r _kanji_07ae3_paths
002216c4 00000030 r _kanji_07ae2_paths
002216f4 0000002c r _kanji_07ae1_paths
00221720 0000002c r _kanji_07ae0_paths
0022174c 0000002c r _kanji_07adf_paths
00221778 00000028 r _kanji_07add_paths
002217a0 00000028 r _kanji_07adc_paths
002217c8 00000028 r _kanji_07ada_paths
002217f0 00000028 r _kanji_07ad9_paths
00221818 00000024 r _kanji_07ad5_paths
0022183c 00000024 r _kanji_07ad3_paths
00221860 00000020 r _kanji_07acf_paths
00221880 0000001c r _kanji_07acd_paths
0022189c 00000014 r _kanji_07acb_paths
002218b0 00000058 r _kanji_07aca_paths
00221908 00000054 r _kanji_07ac8_paths
0022195c 00000048 r _kanji_07ac5_paths
002219a4 00000048 r _kanji_07ac4_paths
002219ec 00000044 r _kanji_07abf_paths
00221a30 00000040 r _kanji_07aba_paths
00221a70 00000040 r _kanji_07ab6_paths
00221ab0 0000003c r _kanji_07aaf_paths
00221aec 0000003c r _kanji_07aae_paths
00221b28 00000038 r _kanji_07aaa_paths
00221b60 00000038 r _kanji_07aa9_paths
00221b98 00000034 r _kanji_07a9f_paths
00221bcc 00000030 r _kanji_07a98_paths
00221bfc 00000030 r _kanji_07a97_paths
00221c2c 00000030 r _kanji_07a96_paths
00221c5c 0000002c r _kanji_07a95_paths
00221c88 0000002c r _kanji_07a93_paths
00221cb4 0000002c r _kanji_07a92_paths
00221ce0 00000028 r _kanji_07a88_paths
00221d08 00000028 r _kanji_07a84_paths
00221d30 00000024 r _kanji_07a83_paths
00221d54 00000020 r _kanji_07a81_paths
00221d74 00000024 r _kanji_07a7f_paths
00221d98 00000024 r _kanji_07a7d_paths
00221dbc 00000020 r _kanji_07a7a_paths
00221ddc 00000020 r _kanji_07a79_paths
00221dfc 0000001c r _kanji_07a76_paths
00221e18 00000014 r _kanji_07a74_paths
00221e2c 00000058 r _kanji_07a70_paths
00221e84 00000048 r _kanji_07a6b_paths
00221ecc 0000004c r _kanji_07a69_paths
00221f18 00000048 r _kanji_07a63_paths
00221f60 00000048 r _kanji_07a62_paths
00221fa8 00000048 r _kanji_07a61_paths
00221ff0 00000044 r _kanji_07a57_paths
00222034 00000040 r _kanji_07a4f_paths
00222074 00000040 r _kanji_07a4e_paths
002220b4 00000040 r _kanji_07a4d_paths
002220f4 00000040 r _kanji_07a46_paths
00222134 0000003c r _kanji_07a42_paths
00222170 00000038 r _kanji_07a40_paths
002221a8 0000003c r _kanji_07a3f_paths
002221e4 0000003c r _kanji_07a3d_paths
00222220 0000003c r _kanji_07a3c_paths
0022225c 0000003c r _kanji_07a3b_paths
00222298 0000003c r _kanji_07a37_paths
002222d4 00000038 r _kanji_07a32_paths
0022230c 00000038 r _kanji_07a2e_paths
00222344 00000034 r _kanji_07a20_paths
00222378 00000034 r _kanji_07a1f_paths
002223ac 00000034 r _kanji_07a1c_paths
002223e0 00000034 r _kanji_07a1a_paths
00222414 00000034 r _kanji_07a17_paths
00222448 00000034 r _kanji_07a14_paths
0022247c 00000030 r _kanji_07a0e_paths
002224ac 00000030 r _kanji_07a0d_paths
002224dc 00000030 r _kanji_07a0b_paths
0022250c 00000030 r _kanji_07a08_paths
0022253c 00000030 r _kanji_07a00_paths
0022256c 0000002c r _kanji_079fb_paths
00222598 00000028 r _kanji_079f0_paths
002225c0 00000028 r _kanji_079ec_paths
002225e8 00000028 r _kanji_079e9_paths
00222610 00000028 r _kanji_079e7_paths
00222638 00000028 r _kanji_079e6_paths
00222660 00000028 r _kanji_079e4_paths
00222688 00000028 r _kanji_079e3_paths
002226b0 00000028 r _kanji_079df_paths
002226d8 00000028 r _kanji_079d8_paths
00222700 00000024 r _kanji_079d5_paths
00222724 00000024 r _kanji_079d2_paths
00222748 00000024 r _kanji_079d1_paths
0022276c 00000024 r _kanji_079cb_paths
00222790 00000020 r _kanji_079c9_paths
002227b0 0000001c r _kanji_079c1_paths
002227cc 0000001c r _kanji_079c0_paths
002227e8 0000001c r _kanji_079bf_paths
00222804 00000014 r _kanji_079be_paths
00222818 00000034 r _kanji_079bd_paths
0022284c 00000024 r _kanji_079ba_paths
00222870 00000024 r _kanji_079b9_paths
00222894 00000058 r _kanji_079b3_paths
002228ec 0000004c r _kanji_079b1_paths
00222938 0000004c r _kanji_079b0_paths
00222984 00000048 r _kanji_079ae_paths
002229cc 00000044 r _kanji_079aa_paths
00222a10 00000044 r _kanji_079a7_paths
00222a54 00000044 r _kanji_079a6_paths
00222a98 0000003c r _kanji_0799d_paths
00222ad4 00000034 r _kanji_0798f_paths
00222b08 00000034 r _kanji_0798e_paths
00222b3c 00000034 r _kanji_0798d_paths
00222b70 00000038 r _kanji_0798a_paths
00222ba8 00000034 r _kanji_07985_paths
00222bdc 00000030 r _kanji_07984_paths
00222c0c 00000034 r _kanji_07981_paths
00222c40 00000034 r _kanji_0797f_paths
00222c74 00000034 r _kanji_0797a_paths
00222ca8 0000002c r _kanji_0796d_paths
00222cd4 0000002c r _kanji_07968_paths
00222d00 00000028 r _kanji_07965_paths
00222d28 00000028 r _kanji_07960_paths
00222d50 00000028 r _kanji_0795f_paths
00222d78 00000024 r _kanji_0795e_paths
00222d9c 00000024 r _kanji_0795d_paths
00222dc0 00000028 r _kanji_0795a_paths
00222de8 00000028 r _kanji_07957_paths
00222e10 00000024 r _kanji_07956_paths
00222e34 00000028 r _kanji_07955_paths
00222e5c 00000028 r _kanji_07953_paths
00222e84 00000024 r _kanji_07950_paths
00222ea8 00000020 r _kanji_07949_paths
00222ec8 00000020 r _kanji_07948_paths
00222ee8 00000024 r _kanji_07947_paths
00222f0c 00000020 r _kanji_07941_paths
00222f2c 00000020 r _kanji_07940_paths
00222f4c 0000001c r _kanji_0793e_paths
00222f68 00000014 r _kanji_0793c_paths
00222f7c 00000014 r _kanji_0793a_paths
00222f90 00000050 r _kanji_0792c_paths
00222fe0 00000050 r _kanji_0792b_paths
00223030 0000004c r _kanji_0792a_paths
0022307c 00000050 r _kanji_07926_paths
002230cc 0000004c r _kanji_07919_paths
00223118 00000048 r _kanji_07912_paths
00223160 00000048 r _kanji_07911_paths
002231a8 00000048 r _kanji_0790e_paths
002231f0 00000044 r _kanji_07901_paths
00223234 00000044 r _kanji_078fd_paths
00223278 00000044 r _kanji_078f4_paths
002232bc 00000044 r _kanji_078ef_paths
00223300 00000040 r _kanji_078ec_paths
00223340 00000040 r _kanji_078e8_paths
00223380 00000040 r _kanji_078e7_paths
002233c0 00000040 r _kanji_078da_paths
00223400 0000003c r _kanji_078d1_paths
0022343c 0000003c r _kanji_078d0_paths
00223478 0000003c r _kanji_078cb_paths
002234b4 0000003c r _kanji_078ca_paths
002234f0 0000003c r _kanji_078c5_paths
0022352c 00000038 r _kanji_078c1_paths
00223564 0000003c r _kanji_078be_paths
002235a0 0000003c r _kanji_078bc_paths
002235dc 0000003c r _kanji_078ba_paths
00223618 00000038 r _kanji_078aa_paths
00223650 00000038 r _kanji_078a9_paths
00223688 00000038 r _kanji_078a7_paths
002236c0 00000038 r _kanji_078a3_paths
002236f8 00000034 r _kanji_0789a_paths
0022372c 00000034 r _kanji_07897_paths
00223760 00000034 r _kanji_07893_paths
00223794 00000038 r _kanji_07891_paths
002237cc 00000034 r _kanji_0788e_paths
00223800 00000034 r _kanji_0788d_paths
00223834 00000034 r _kanji_0788c_paths
00223868 00000034 r _kanji_07887_paths
0022389c 00000034 r _kanji_07881_paths
002238d0 00000030 r _kanji_07872_paths
00223900 00000030 r _kanji_0786f_paths
00223930 00000030 r _kanji_0786c_paths
00223960 00000030 r _kanji_0786b_paths
00223990 00000030 r _kanji_0785d_paths
002239c0 0000002c r _kanji_07845_paths
002239ec 00000028 r _kanji_07834_paths
00223a14 00000028 r _kanji_07832_paths
00223a3c 00000028 r _kanji_07827_paths
00223a64 0000002c r _kanji_07826_paths
00223a90 00000028 r _kanji_07825_paths
00223ab8 00000028 r _kanji_07820_paths
00223ae0 00000024 r _kanji_07815_paths
00223b04 00000024 r _kanji_07814_paths
00223b28 00000024 r _kanji_07812_paths
00223b4c 00000024 r _kanji_0780c_paths
00223b70 00000024 r _kanji_07802_paths
00223b94 00000020 r _kanji_077fc_paths
00223bb4 00000014 r _kanji_077f3_paths
00223bc8 00000044 r _kanji_077ef_paths
00223c0c 00000034 r _kanji_077ee_paths
00223c40 00000030 r _kanji_077ed_paths
00223c70 00000028 r _kanji_077e9_paths
00223c98 00000024 r _kanji_077e7_paths
00223cbc 00000020 r _kanji_077e5_paths
00223cdc 0000001c r _kanji_077e3_paths
00223cf8 00000014 r _kanji_077e2_paths
00223d0c 00000024 r _kanji_077dc_paths
00223d30 00000014 r _kanji_077db_paths
00223d44 00000068 r _kanji_077da_paths
00223dac 00000050 r _kanji_077cd_paths
00223dfc 00000048 r _kanji_077c7_paths
00223e44 00000048 r _kanji_077bf_paths
00223e8c 00000048 r _kanji_077bd_paths
00223ed4 00000048 r _kanji_077bc_paths
00223f1c 00000048 r _kanji_077bb_paths
00223f64 00000044 r _kanji_077b3_paths
00223fa8 00000044 r _kanji_077b0_paths
00223fec 00000044 r _kanji_077ad_paths
00224030 00000048 r _kanji_077ac_paths
00224078 00000044 r _kanji_077a5_paths
002240bc 00000040 r _kanji_077a0_paths
002240fc 00000040 r _kanji_0779e_paths
0022413c 0000003c r _kanji_07791_paths
00224178 0000003c r _kanji_0778e_paths
002241b4 0000003c r _kanji_0778b_paths
002241f0 00000038 r _kanji_0777e_paths
00224228 00000038 r _kanji_07779_paths
00224260 00000034 r _kanji_0776b_paths
00224294 00000034 r _kanji_07768_paths
002242c8 00000034 r _kanji_07766_paths
002242fc 00000034 r _kanji_07765_paths
00224330 00000034 r _kanji_07763_paths
00224364 00000034 r _kanji_07761_paths
00224398 00000034 r _kanji_0775b_paths
002243cc 00000034 r _kanji_0775a_paths
00224400 00000030 r _kanji_07747_paths
00224430 00000030 r _kanji_07740_paths
00224460 0000002c r _kanji_0773c_paths
0022448c 0000002c r _kanji_0773a_paths
002244b8 0000002c r _kanji_07738_paths
002244e4 0000002c r _kanji_07737_paths
00224510 00000028 r _kanji_07729_paths
00224538 0000002c r _kanji_07725_paths
00224564 00000028 r _kanji_07720_paths
0022458c 00000028 r _kanji_0771f_paths
002245b4 00000028 r _kanji_0771e_paths
002245dc 00000028 r _kanji_0771b_paths
00224604 00000024 r _kanji_0770c_paths
00224628 00000024 r _kanji_0770b_paths
0022464c 00000024 r _kanji_07709_paths
00224670 00000024 r _kanji_07708_paths
00224694 00000024 r _kanji_07707_paths
002246b8 00000024 r _kanji_07704_paths
002246dc 00000024 r _kanji_07701_paths
00224700 00000024 r _kanji_076fe_paths
00224724 00000024 r _kanji_076fb_paths
00224748 00000024 r _kanji_076f8_paths
0022476c 00000020 r _kanji_076f4_paths
0022478c 00000020 r _kanji_076f2_paths
002247ac 00000014 r _kanji_076ee_paths
002247c0 00000044 r _kanji_076ea_paths
00224804 00000040 r _kanji_076e7_paths
00224844 00000040 r _kanji_076e5_paths
00224884 0000003c r _kanji_076e4_paths
002248c0 0000003c r _kanji_076e3_paths
002248fc 00000038 r _kanji_076e1_paths
00224934 00000034 r _kanji_076df_paths
00224968 00000034 r _kanji_076de_paths
0022499c 00000030 r _kanji_076dc_paths
002249cc 0000002c r _kanji_076db_paths
002249f8 0000002c r _kanji_076d7_paths
00224a24 0000002c r _kanji_076d2_paths
00224a50 00000028 r _kanji_076cd_paths
00224a78 00000028 r _kanji_076ca_paths
00224aa0 00000024 r _kanji_076c8_paths
00224ac4 00000024 r _kanji_076c6_paths
00224ae8 00000024 r _kanji_076c3_paths
00224b0c 00000020 r _kanji_076c2_paths
00224b2c 00000014 r _kanji_076bf_paths
00224b40 0000003c r _kanji_076ba_paths
00224b7c 00000038 r _kanji_076b9_paths
00224bb4 00000030 r _kanji_076b4_paths
00224be4 00000028 r _kanji_076b0_paths
00224c0c 00000014 r _kanji_076ae_paths
00224c20 0000003c r _kanji_0769a_paths
00224c5c 00000034 r _kanji_07699_paths
00224c90 00000030 r _kanji_07696_paths
00224cc0 00000030 r _kanji_07693_paths
00224cf0 0000002c r _kanji_07690_paths
00224d1c 0000002c r _kanji_0768e_paths
00224d48 00000024 r _kanji_07687_paths
00224d6c 00000024 r _kanji_07686_paths
00224d90 00000020 r _kanji_07684_paths
00224db0 00000018 r _kanji_0767e_paths
00224dc8 00000014 r _kanji_0767d_paths
00224ddc 00000030 r _kanji_0767c_paths
00224e0c 00000030 r _kanji_0767b_paths
00224e3c 00000024 r _kanji_0767a_paths
00224e60 00000024 r _kanji_07678_paths
00224e84 00000060 r _kanji_07672_paths
00224ee4 0000005c r _kanji_07670_paths
00224f40 00000058 r _kanji_0766c_paths
00224f98 00000054 r _kanji_0766a_paths
00224fec 00000054 r _kanji_07669_paths
00225040 00000054 r _kanji_07668_paths
00225094 00000054 r _kanji_07667_paths
002250e8 00000050 r _kanji_07662_paths
00225138 0000004c r _kanji_07661_paths
00225184 00000048 r _kanji_0765c_paths
002251cc 00000044 r _kanji_07658_paths
00225210 00000048 r _kanji_07656_paths
00225258 00000048 r _kanji_07652_paths
002252a0 00000044 r _kanji_0764c_paths
002252e4 00000044 r _kanji_07648_paths
00225328 00000044 r _kanji_07647_paths
0022536c 00000044 r _kanji_07646_paths
002253b0 00000044 r _kanji_07642_paths
002253f4 00000040 r _kanji_0763b_paths
00225434 00000040 r _kanji_07634_paths
00225474 00000040 r _kanji_07630_paths
002254b4 00000038 r _kanji_07627_paths
002254ec 0000003c r _kanji_07624_paths
00225528 0000003c r _kanji_07622_paths
00225564 0000003c r _kanji_07621_paths
002255a0 0000003c r _kanji_07620_paths
002255dc 0000003c r _kanji_0761f_paths
00225618 00000038 r _kanji_0760d_paths
00225650 00000038 r _kanji_0760b_paths
00225688 00000038 r _kanji_07609_paths
002256c0 00000034 r _kanji_07601_paths
002256f4 00000034 r _kanji_075ff_paths
00225728 00000034 r _kanji_075fe_paths
0022575c 00000034 r _kanji_075fc_paths
00225790 00000034 r _kanji_075fa_paths
002257c4 00000034 r _kanji_075f4_paths
002257f8 00000034 r _kanji_075f3_paths
0022582c 00000034 r _kanji_075f2_paths
00225860 00000034 r _kanji_075f0_paths
00225894 00000030 r _kanji_075e9_paths
002258c4 00000030 r _kanji_075e3_paths
002258f4 00000030 r _kanji_075e2_paths
00225924 00000030 r _kanji_075de_paths
00225954 00000030 r _kanji_075db_paths
00225984 00000030 r _kanji_075d9_paths
002259b4 00000030 r _kanji_075d8_paths
002259e4 0000002c r _kanji_075d5_paths
00225a10 0000002c r _kanji_075d4_paths
00225a3c 0000002c r _kanji_075d2_paths
00225a68 0000002c r _kanji_075cd_paths
00225a94 0000002c r _kanji_075ca_paths
00225ac0 00000028 r _kanji_075c7_paths
00225ae8 00000028 r _kanji_075c5_paths
00225b10 00000028 r _kanji_075c3_paths
00225b38 00000028 r _kanji_075c2_paths
00225b60 00000028 r _kanji_075be_paths
00225b88 00000028 r _kanji_075bd_paths
00225bb0 00000028 r _kanji_075bc_paths
00225bd8 00000028 r _kanji_075b9_paths
00225c00 00000028 r _kanji_075b8_paths
00225c28 0000002c r _kanji_075b5_paths
00225c54 00000028 r _kanji_075b3_paths
00225c7c 00000028 r _kanji_075b2_paths
00225ca4 00000028 r _kanji_075b1_paths
00225ccc 00000024 r _kanji_075ab_paths
00225cf0 00000024 r _kanji_075a5_paths
00225d14 00000024 r _kanji_075a3_paths
00225d38 00000020 r _kanji_0759d_paths
00225d58 00000020 r _kanji_0759a_paths
00225d78 0000001c r _kanji_07594_paths
00225d94 00000038 r _kanji_07591_paths
00225dcc 00000030 r _kanji_0758f_paths
00225dfc 00000030 r _kanji_0758e_paths
00225e2c 00000014 r _kanji_0758b_paths
00225e40 00000058 r _kanji_0758a_paths
00225e98 0000004c r _kanji_07587_paths
00225ee4 0000004c r _kanji_07586_paths
00225f30 0000003c r _kanji_0757f_paths
00225f6c 00000034 r _kanji_07578_paths
00225fa0 00000034 r _kanji_07577_paths
00225fd4 00000034 r _kanji_07576_paths
00226008 00000030 r _kanji_07573_paths
00226038 0000002c r _kanji_07570_paths
00226064 00000030 r _kanji_0756b_paths
00226094 00000030 r _kanji_0756a_paths
002260c4 0000002c r _kanji_07566_paths
002260f0 0000002c r _kanji_07565_paths
0022611c 0000002c r _kanji_07564_paths
00226148 0000002c r _kanji_07562_paths
00226174 00000028 r _kanji_07560_paths
0022619c 00000028 r _kanji_0755d_paths
002261c4 00000028 r _kanji_0755c_paths
002261ec 00000028 r _kanji_0755b_paths
00226214 00000028 r _kanji_0755a_paths
0022623c 00000028 r _kanji_07559_paths
00226264 00000028 r _kanji_07554_paths
0022628c 00000024 r _kanji_07551_paths
002262b0 00000024 r _kanji_0754f_paths
002262d4 00000024 r _kanji_0754c_paths
002262f8 00000024 r _kanji_0754b_paths
0022631c 00000020 r _kanji_0753b_paths
0022633c 0000001c r _kanji_0753a_paths
00226358 0000001c r _kanji_07538_paths
00226374 0000001c r _kanji_07537_paths
00226390 00000014 r _kanji_07533_paths
002263a4 00000014 r _kanji_07532_paths
002263b8 00000014 r _kanji_07531_paths
002263cc 00000014 r _kanji_07530_paths
002263e0 0000001c r _kanji_0752b_paths
002263fc 00000014 r _kanji_07528_paths
00226410 00000030 r _kanji_07526_paths
00226440 00000030 r _kanji_07525_paths
00226470 0000002c r _kanji_07523_paths
0022649c 00000014 r _kanji_0751f_paths
002264b0 0000002c r _kanji_0751c_paths
002264dc 00000024 r _kanji_0751a_paths
00226500 00000014 r _kanji_07518_paths
00226514 00000048 r _kanji_07515_paths
0022655c 00000048 r _kanji_07513_paths
002265a4 00000044 r _kanji_07511_paths
002265e8 00000040 r _kanji_0750e_paths
00226628 0000003c r _kanji_0750d_paths
00226664 00000040 r _kanji_0750c_paths
002266a4 00000038 r _kanji_07505_paths
002266dc 00000038 r _kanji_07503_paths
00226714 0000002c r _kanji_074f8_paths
00226740 0000002c r _kanji_074f7_paths
0022676c 0000002c r _kanji_074f6_paths
00226798 00000024 r _kanji_074f2_paths
002267bc 00000024 r _kanji_074f1_paths
002267e0 00000024 r _kanji_074f0_paths
00226804 00000024 r _kanji_074ee_paths
00226828 00000020 r _kanji_074e9_paths
00226848 0000001c r _kanji_074e7_paths
00226864 00000014 r _kanji_074e6_paths
00226878 00000044 r _kanji_074e2_paths
002268bc 00000018 r _kanji_074dc_paths
002268d4 00000054 r _kanji_074d4_paths
00226928 00000050 r _kanji_074cf_paths
00226978 0000004c r _kanji_074bd_paths
002269c4 00000044 r _kanji_074b0_paths
00226a08 00000048 r _kanji_074a7_paths
00226a50 00000040 r _kanji_0749e_paths
00226a90 0000003c r _kanji_0748b_paths
00226acc 0000003c r _kanji_07483_paths
00226b08 0000003c r _kanji_0747e_paths
00226b44 00000034 r _kanji_07476_paths
00226b78 00000038 r _kanji_07473_paths
00226bb0 00000038 r _kanji_07470_paths
00226be8 00000038 r _kanji_0746a_paths
00226c20 0000003c r _kanji_07469_paths
00226c5c 00000038 r _kanji_07464_paths
00226c94 00000038 r _kanji_07463_paths
00226ccc 00000038 r _kanji_07460_paths
00226d04 00000034 r _kanji_0745f_paths
00226d38 00000034 r _kanji_0745e_paths
00226d6c 00000034 r _kanji_0745c_paths
00226da0 00000030 r _kanji_0745b_paths
00226dd0 00000034 r _kanji_0745a_paths
00226e04 00000034 r _kanji_07459_paths
00226e38 00000034 r _kanji_07455_paths
00226e6c 00000034 r _kanji_07441_paths
00226ea0 00000030 r _kanji_0743a_paths
00226ed0 00000030 r _kanji_07436_paths
00226f00 00000030 r _kanji_07435_paths
00226f30 00000030 r _kanji_07434_paths
00226f60 00000030 r _kanji_07433_paths
00226f90 00000030 r _kanji_07432_paths
00226fc0 00000030 r _kanji_07425_paths
00226ff0 0000002c r _kanji_07422_paths
0022701c 0000002c r _kanji_07409_paths
00227048 0000002c r _kanji_07406_paths
00227074 0000002c r _kanji_07405_paths
002270a0 0000002c r _kanji_07403_paths
002270cc 0000002c r _kanji_073fe_paths
002270f8 00000028 r _kanji_073ee_paths
00227120 00000028 r _kanji_073ed_paths
00227148 00000028 r _kanji_073ea_paths
00227170 00000028 r _kanji_073e5_paths
00227198 00000028 r _kanji_073e0_paths
002271c0 00000028 r _kanji_073de_paths
002271e8 00000024 r _kanji_073cd_paths
0022720c 00000024 r _kanji_073ca_paths
00227230 00000024 r _kanji_073c8_paths
00227254 00000024 r _kanji_073c2_paths
00227278 00000024 r _kanji_073c0_paths
0022729c 00000024 r _kanji_073bb_paths
002272c0 00000024 r _kanji_073b2_paths
002272e4 00000020 r _kanji_073a9_paths
00227304 0000001c r _kanji_07396_paths
00227320 00000010 r _kanji_0738b_paths
00227330 00000014 r _kanji_07389_paths
00227344 0000002c r _kanji_07387_paths
00227370 00000014 r _kanji_07384_paths
00227384 00000050 r _kanji_0737b_paths
002273d4 0000004c r _kanji_0737a_paths
00227420 0000004c r _kanji_07378_paths
0022746c 00000048 r _kanji_07375_paths
002274b4 00000040 r _kanji_07372_paths
002274f4 00000044 r _kanji_07370_paths
00227538 00000040 r _kanji_0736a_paths
00227578 00000040 r _kanji_07368_paths
002275b8 00000040 r _kanji_07363_paths
002275f8 0000003c r _kanji_07357_paths
00227634 00000034 r _kanji_0734f_paths
00227668 00000034 r _kanji_07345_paths
0022769c 00000038 r _kanji_07344_paths
002276d4 00000034 r _kanji_0733f_paths
00227708 00000034 r _kanji_0733e_paths
0022773c 00000034 r _kanji_07337_paths
00227770 00000030 r _kanji_07336_paths
002277a0 00000030 r _kanji_07334_paths
002277d0 00000030 r _kanji_0732f_paths
00227800 00000034 r _kanji_0732e_paths
00227834 0000002c r _kanji_0732b_paths
00227860 0000002c r _kanji_0732a_paths
0022788c 00000030 r _kanji_07329_paths
002278bc 00000030 r _kanji_07325_paths
002278ec 0000002c r _kanji_0731f_paths
00227918 0000002c r _kanji_0731d_paths
00227944 0000002c r _kanji_0731c_paths
00227970 0000002c r _kanji_0731b_paths
0022799c 0000002c r _kanji_07317_paths
002279c8 0000002c r _kanji_07316_paths
002279f4 0000002c r _kanji_0730a_paths
00227a20 00000028 r _kanji_072fd_paths
00227a48 00000028 r _kanji_072fc_paths
00227a70 00000028 r _kanji_072f9_paths
00227a98 00000028 r _kanji_072f8_paths
00227ac0 00000028 r _kanji_072f7_paths
00227ae8 00000024 r _kanji_072ed_paths
00227b0c 00000024 r _kanji_072ec_paths
00227b30 00000024 r _kanji_072e9_paths
00227b54 00000024 r _kanji_072e2_paths
00227b78 00000024 r _kanji_072e1_paths
00227b9c 00000024 r _kanji_072e0_paths
00227bc0 00000020 r _kanji_072db_paths
00227be0 00000020 r _kanji_072d9_paths
00227c00 00000020 r _kanji_072d7_paths
00227c20 00000020 r _kanji_072d2_paths
00227c40 00000024 r _kanji_072d0_paths
00227c64 00000020 r _kanji_072ce_paths
00227c84 0000001c r _kanji_072c6_paths
00227ca0 0000001c r _kanji_072c4_paths
00227cbc 0000001c r _kanji_072c3_paths
00227cd8 0000001c r _kanji_072c2_paths
00227cf4 0000001c r _kanji_072b6_paths
00227d10 00000018 r _kanji_072b2_paths
00227d28 00000014 r _kanji_072af_paths
00227d3c 00000010 r _kanji_072ac_paths
00227d4c 00000050 r _kanji_072a7_paths
00227d9c 0000004c r _kanji_072a2_paths
00227de8 00000044 r _kanji_072a0_paths
00227e2c 00000038 r _kanji_07296_paths
00227e64 00000038 r _kanji_07292_paths
00227e9c 00000030 r _kanji_07287_paths
00227ecc 00000030 r _kanji_07282_paths
00227efc 00000030 r _kanji_07280_paths
00227f2c 0000002c r _kanji_0727e_paths
00227f58 0000002c r _kanji_0727d_paths
00227f84 00000028 r _kanji_07279_paths
00227fac 00000024 r _kanji_07274_paths
00227fd0 00000024 r _kanji_07272_paths
00227ff4 00000020 r _kanji_07269_paths
00228014 00000020 r _kanji_07267_paths
00228034 0000001c r _kanji_07262_paths
00228050 0000001c r _kanji_07261_paths
0022806c 00000018 r _kanji_0725f_paths
00228084 00000018 r _kanji_0725d_paths
0022809c 00000010 r _kanji_0725b_paths
002280ac 00000010 r _kanji_07259_paths
002280bc 0000004c r _kanji_07258_paths
00228108 00000034 r _kanji_07252_paths
0022813c 00000030 r _kanji_0724c_paths
0022816c 00000030 r _kanji_0724b_paths
0022819c 00000020 r _kanji_07248_paths
002281bc 00000010 r _kanji_07247_paths
002281cc 00000044 r _kanji_07246_paths
00228210 00000020 r _kanji_07240_paths
00228230 00000038 r _kanji_0723e_paths
00228268 0000002c r _kanji_0723d_paths
00228294 00000034 r _kanji_0723a_paths
002282c8 00000010 r _kanji_07236_paths
002282d8 00000044 r _kanji_07235_paths
0022831c 00000030 r _kanji_07232_paths
0022834c 00000024 r _kanji_07230_paths
00228370 00000020 r _kanji_0722d_paths
00228390 00000020 r _kanji_0722c_paths
002283b0 00000010 r _kanji_0722a_paths
002283c0 00000074 r _kanji_07228_paths
00228434 00000054 r _kanji_0721b_paths
00228488 00000050 r _kanji_07210_paths
002284d8 0000004c r _kanji_0720d_paths
00228524 0000004c r _kanji_07206_paths
00228570 00000048 r _kanji_071ff_paths
002285b8 00000048 r _kanji_071fc_paths
00228600 00000048 r _kanji_071fb_paths
00228648 00000048 r _kanji_071f9_paths
00228690 00000044 r _kanji_071f5_paths
002286d4 00000044 r _kanji_071ee_paths
00228718 00000044 r _kanji_071ed_paths
0022875c 00000044 r _kanji_071ec_paths
002287a0 00000044 r _kanji_071e7_paths
002287e4 00000044 r _kanji_071e6_paths
00228828 00000044 r _kanji_071e5_paths
0022886c 00000044 r _kanji_071e0_paths
002288b0 00000044 r _kanji_071df_paths
002288f4 00000040 r _kanji_071d7_paths
00228934 00000040 r _kanji_071d5_paths
00228974 00000040 r _kanji_071d4_paths
002289b4 00000040 r _kanji_071d2_paths
002289f4 00000044 r _kanji_071d0_paths
00228a38 00000040 r _kanji_071ce_paths
00228a78 00000040 r _kanji_071c9_paths
00228ab8 00000040 r _kanji_071c8_paths
00228af8 00000040 r _kanji_071c3_paths
00228b38 00000040 r _kanji_071be_paths
00228b78 00000040 r _kanji_071b9_paths
00228bb8 0000003c r _kanji_071b1_paths
00228bf4 0000003c r _kanji_071ac_paths
00228c30 0000003c r _kanji_071a8_paths
00228c6c 0000003c r _kanji_0719f_paths
00228ca8 0000003c r _kanji_07199_paths
00228ce4 00000038 r _kanji_07195_paths
00228d1c 00000038 r _kanji_07194_paths
00228d54 00000038 r _kanji_0718a_paths
00228d8c 00000038 r _kanji_07184_paths
00228dc4 00000038 r _kanji_0717d_paths
00228dfc 00000030 r _kanji_0716e_paths
00228e2c 00000034 r _kanji_0716c_paths
00228e60 00000034 r _kanji_07169_paths
00228e94 00000034 r _kanji_07167_paths
00228ec8 00000034 r _kanji_07166_paths
00228efc 00000034 r _kanji_07165_paths
00228f30 00000034 r _kanji_07164_paths
00228f64 00000034 r _kanji_07159_paths
00228f98 00000034 r _kanji_07156_paths
00228fcc 00000034 r _kanji_0714e_paths
00229000 00000034 r _kanji_0714c_paths
00229034 00000034 r _kanji_07149_paths
00229068 00000030 r _kanji_0713c_paths
00229098 00000030 r _kanji_07136_paths
002290c8 00000030 r _kanji_07130_paths
002290f8 00000030 r _kanji_07126_paths
00229128 00000030 r _kanji_07121_paths
00229158 00000030 r _kanji_0711c_paths
00229188 00000030 r _kanji_0711a_paths
002291b8 00000030 r _kanji_07119_paths
002291e8 0000002c r _kanji_07109_paths
00229214 0000002c r _kanji_070fd_paths
00229240 0000002c r _kanji_070f9_paths
0022926c 00000028 r _kanji_070dd_paths
00229294 00000028 r _kanji_070d9_paths
002292bc 00000028 r _kanji_070cf_paths
002292e4 00000028 r _kanji_070cb_paths
0022930c 00000028 r _kanji_070c8_paths
00229334 00000024 r _kanji_070ba_paths
00229358 00000024 r _kanji_070b9_paths
0022937c 00000024 r _kanji_070b8_paths
002293a0 00000024 r _kanji_070af_paths
002293c4 00000024 r _kanji_070ae_paths
002293e8 00000024 r _kanji_070ad_paths
0022940c 00000024 r _kanji_070ac_paths
00229430 00000020 r _kanji_07099_paths
00229450 00000020 r _kanji_07092_paths
00229470 00000020 r _kanji_0708e_paths
00229490 00000020 r _kanji_0708a_paths
002294b0 00000020 r _kanji_07089_paths
002294d0 0000001c r _kanji_0707d_paths
002294ec 0000001c r _kanji_0707c_paths
00229508 0000001c r _kanji_07078_paths
00229524 00000018 r _kanji_07070_paths
0022953c 00000018 r _kanji_0706f_paths
00229554 00000010 r _kanji_0706b_paths
00229564 00000064 r _kanji_07063_paths
002295c8 00000058 r _kanji_07058_paths
00229620 00000058 r _kanji_07051_paths
00229678 00000050 r _kanji_0704c_paths
002296c8 00000050 r _kanji_0703e_paths
00229718 00000050 r _kanji_07032_paths
00229768 00000050 r _kanji_07030_paths
002297b8 0000004c r _kanji_0702c_paths
00229804 0000004c r _kanji_07027_paths
00229850 0000004c r _kanji_07026_paths
0022989c 0000004c r _kanji_0701f_paths
002298e8 0000004c r _kanji_0701e_paths
00229934 0000004c r _kanji_0701d_paths
00229980 0000004c r _kanji_0701a_paths
002299cc 0000004c r _kanji_07015_paths
00229a18 00000048 r _kanji_07011_paths
00229a60 00000048 r _kanji_0700f_paths
00229aa8 00000048 r _kanji_0700b_paths
00229af0 00000048 r _kanji_07009_paths
00229b38 00000048 r _kanji_07006_paths
00229b80 00000048 r _kanji_07001_paths
00229bc8 00000048 r _kanji_06ffe_paths
00229c10 00000048 r _kanji_06ffa_paths
00229c58 00000044 r _kanji_06ff1_paths
00229c9c 00000044 r _kanji_06fef_paths
00229ce0 00000044 r _kanji_06fec_paths
00229d24 00000048 r _kanji_06feb_paths
00229d6c 00000044 r _kanji_06fe4_paths
00229db0 00000044 r _kanji_06fe1_paths
00229df4 00000044 r _kanji_06fe0_paths
00229e38 00000044 r _kanji_06fdf_paths
00229e7c 00000040 r _kanji_06fdb_paths
00229ebc 00000044 r _kanji_06fd8_paths
00229f00 00000044 r _kanji_06fd5_paths
00229f44 00000044 r _kanji_06fd4_paths
00229f88 00000040 r _kanji_06fc3_paths
00229fc8 00000040 r _kanji_06fc1_paths
0022a008 00000040 r _kanji_06fc0_paths
0022a048 00000040 r _kanji_06fb9_paths
0022a088 00000040 r _kanji_06fb3_paths
0022a0c8 00000040 r _kanji_06fb1_paths
0022a108 00000040 r _kanji_06faa_paths
0022a148 00000040 r _kanji_06fa4_paths
0022a188 00000040 r _kanji_06fa3_paths
0022a1c8 00000040 r _kanji_06fa1_paths
0022a208 0000003c r _kanji_06f97_paths
0022a244 0000003c r _kanji_06f8e_paths
0022a280 0000003c r _kanji_06f86_paths
0022a2bc 0000003c r _kanji_06f84_paths
0022a2f8 0000003c r _kanji_06f81_paths
0022a334 0000003c r _kanji_06f7a_paths
0022a370 0000003c r _kanji_06f78_paths
0022a3ac 0000003c r _kanji_06f70_paths
0022a3e8 0000003c r _kanji_06f6f_paths
0022a424 0000003c r _kanji_06f6e_paths
0022a460 0000003c r _kanji_06f66_paths
0022a49c 0000003c r _kanji_06f64_paths
0022a4d8 0000003c r _kanji_06f5f_paths
0022a514 0000003c r _kanji_06f5c_paths
0022a550 0000003c r _kanji_06f5b_paths
0022a58c 0000003c r _kanji_06f58_paths
0022a5c8 0000003c r _kanji_06f54_paths
0022a604 0000003c r _kanji_06f3f_paths
0022a640 00000038 r _kanji_06f3e_paths
0022a678 00000038 r _kanji_06f38_paths
0022a6b0 00000038 r _kanji_06f32_paths
0022a6e8 00000038 r _kanji_06f31_paths
0022a720 00000038 r _kanji_06f2c_paths
0022a758 00000038 r _kanji_06f2b_paths
0022a790 00000038 r _kanji_06f23_paths
0022a7c8 00000034 r _kanji_06f22_paths
0022a7fc 00000034 r _kanji_06f20_paths
0022a830 00000038 r _kanji_06f15_paths
0022a868 00000038 r _kanji_06f14_paths
0022a8a0 00000038 r _kanji_06f13_paths
0022a8d8 0000003c r _kanji_06f11_paths
0022a914 00000038 r _kanji_06f0f_paths
0022a94c 00000038 r _kanji_06f09_paths
0022a984 00000038 r _kanji_06f06_paths
0022a9bc 00000038 r _kanji_06f02_paths
0022a9f4 00000038 r _kanji_06f01_paths
0022aa2c 00000038 r _kanji_06eff_paths
0022aa64 00000038 r _kanji_06efe_paths
0022aa9c 00000038 r _kanji_06ef8_paths
0022aad4 00000038 r _kanji_06ef7_paths
0022ab0c 00000038 r _kanji_06ef4_paths
0022ab44 00000038 r _kanji_06ef2_paths
0022ab7c 00000038 r _kanji_06eef_paths
0022abb4 00000034 r _kanji_06ede_paths
0022abe8 00000034 r _kanji_06edd_paths
0022ac1c 00000034 r _kanji_06ed4_paths
0022ac50 00000034 r _kanji_06ed3_paths
0022ac84 00000034 r _kanji_06ed1_paths
0022acb8 00000038 r _kanji_06ecc_paths
0022acf0 00000030 r _kanji_06ecb_paths
0022ad20 00000034 r _kanji_06ec9_paths
0022ad54 00000034 r _kanji_06ec5_paths
0022ad88 00000034 r _kanji_06ec4_paths
0022adbc 00000034 r _kanji_06ec2_paths
0022adf0 00000034 r _kanji_06ebd_paths
0022ae24 00000034 r _kanji_06eba_paths
0022ae58 00000034 r _kanji_06eb7_paths
0022ae8c 00000034 r _kanji_06eb6_paths
0022aec0 00000034 r _kanji_06eb2_paths
0022aef4 00000034 r _kanji_06eaa_paths
0022af28 00000034 r _kanji_06ea5_paths
0022af5c 00000034 r _kanji_06ea2_paths
0022af90 00000034 r _kanji_06e9f_paths
0022afc4 00000034 r _kanji_06e9d_paths
0022aff8 00000034 r _kanji_06e9c_paths
0022b02c 00000034 r _kanji_06e98_paths
0022b060 00000034 r _kanji_06e96_paths
0022b094 00000034 r _kanji_06e90_paths
0022b0c8 00000034 r _kanji_06e8f_paths
0022b0fc 00000030 r _kanji_06e82_paths
0022b12c 00000030 r _kanji_06e80_paths
0022b15c 00000030 r _kanji_06e7f_paths
0022b18c 00000030 r _kanji_06e7e_paths
0022b1bc 00000030 r _kanji_06e72_paths
0022b1ec 00000030 r _kanji_06e6f_paths
0022b21c 00000030 r _kanji_06e6b_paths
0022b24c 00000030 r _kanji_06e67_paths
0022b27c 00000030 r _kanji_06e5b_paths
0022b2ac 00000030 r _kanji_06e58_paths
0022b2dc 00000030 r _kanji_06e56_paths
0022b30c 00000030 r _kanji_06e4e_paths
0022b33c 00000030 r _kanji_06e4d_paths
0022b36c 00000030 r _kanji_06e4a_paths
0022b39c 00000030 r _kanji_06e43_paths
0022b3cc 00000030 r _kanji_06e3e_paths
0022b3fc 00000030 r _kanji_06e3a_paths
0022b42c 00000030 r _kanji_06e38_paths
0022b45c 00000030 r _kanji_06e2f_paths
0022b48c 00000030 r _kanji_06e2d_paths
0022b4bc 00000030 r _kanji_06e2c_paths
0022b4ec 00000030 r _kanji_06e2b_paths
0022b51c 00000030 r _kanji_06e29_paths
0022b54c 00000030 r _kanji_06e26_paths
0022b57c 00000030 r _kanji_06e25_paths
0022b5ac 00000030 r _kanji_06e23_paths
0022b5dc 00000030 r _kanji_06e21_paths
0022b60c 00000030 r _kanji_06e20_paths
0022b63c 00000030 r _kanji_06e1f_paths
0022b66c 00000030 r _kanji_06e1d_paths
0022b69c 00000030 r _kanji_06e1b_paths
0022b6cc 0000002c r _kanji_06e1a_paths
0022b6f8 00000030 r _kanji_06e19_paths
0022b728 0000002c r _kanji_06e13_paths
0022b754 0000002c r _kanji_06e0b_paths
0022b780 0000002c r _kanji_06e09_paths
0022b7ac 0000002c r _kanji_06e08_paths
0022b7d8 0000002c r _kanji_06e07_paths
0022b804 0000002c r _kanji_06e05_paths
0022b830 0000002c r _kanji_06dfb_paths
0022b85c 0000002c r _kanji_06dfa_paths
0022b888 0000002c r _kanji_06df9_paths
0022b8b4 0000002c r _kanji_06df7_paths
0022b8e0 00000030 r _kanji_06df5_paths
0022b910 0000002c r _kanji_06df3_paths
0022b93c 0000002c r _kanji_06df1_paths
0022b968 0000002c r _kanji_06dec_paths
0022b994 0000002c r _kanji_06deb_paths
0022b9c0 0000002c r _kanji_06dea_paths
0022b9ec 0000002c r _kanji_06de8_paths
0022ba18 0000002c r _kanji_06de1_paths
0022ba44 0000002c r _kanji_06dd9_paths
0022ba70 0000002c r _kanji_06dd8_paths
0022ba9c 0000002c r _kanji_06dd2_paths
0022bac8 0000002c r _kanji_06dd1_paths
0022baf4 0000002c r _kanji_06dcc_paths
0022bb20 0000002c r _kanji_06dcb_paths
0022bb4c 0000002c r _kanji_06dc6_paths
0022bb78 0000002c r _kanji_06dc5_paths
0022bba4 0000002c r _kanji_06dc0_paths
0022bbd0 0000002c r _kanji_06dbc_paths
0022bbfc 0000002c r _kanji_06db8_paths
0022bc28 0000002c r _kanji_06db5_paths
0022bc54 0000002c r _kanji_06db2_paths
0022bc80 0000002c r _kanji_06daf_paths
0022bcac 00000028 r _kanji_06d99_paths
0022bcd4 00000028 r _kanji_06d95_paths
0022bcfc 00000028 r _kanji_06d93_paths
0022bd24 00000028 r _kanji_06d8e_paths
0022bd4c 00000028 r _kanji_06d8c_paths
0022bd74 00000028 r _kanji_06d88_paths
0022bd9c 00000028 r _kanji_06d85_paths
0022bdc4 00000028 r _kanji_06d79_paths
0022bdec 00000028 r _kanji_06d78_paths
0022be14 00000024 r _kanji_06d77_paths
0022be38 00000028 r _kanji_06d74_paths
0022be60 00000028 r _kanji_06d6e_paths
0022be88 00000028 r _kanji_06d6c_paths
0022beb0 00000028 r _kanji_06d6a_paths
0022bed8 00000028 r _kanji_06d69_paths
0022bf00 00000028 r _kanji_06d66_paths
0022bf28 00000028 r _kanji_06d63_paths
0022bf50 00000028 r _kanji_06d5c_paths
0022bf78 00000028 r _kanji_06d5a_paths
0022bfa0 00000028 r _kanji_06d59_paths
0022bfc8 00000024 r _kanji_06d45_paths
0022bfec 00000024 r _kanji_06d44_paths
0022c010 00000028 r _kanji_06d41_paths
0022c038 00000024 r _kanji_06d3e_paths
0022c05c 00000024 r _kanji_06d3d_paths
0022c080 00000024 r _kanji_06d3b_paths
0022c0a4 00000024 r _kanji_06d38_paths
0022c0c8 00000024 r _kanji_06d36_paths
0022c0ec 00000024 r _kanji_06d35_paths
0022c110 00000024 r _kanji_06d32_paths
0022c134 00000024 r _kanji_06d2b_paths
0022c158 00000024 r _kanji_06d2a_paths
0022c17c 00000024 r _kanji_06d29_paths
0022c1a0 00000024 r _kanji_06d25_paths
0022c1c4 00000024 r _kanji_06d1f_paths
0022c1e8 00000024 r _kanji_06d1e_paths
0022c20c 00000024 r _kanji_06d1b_paths
0022c230 00000024 r _kanji_06d17_paths
0022c254 00000024 r _kanji_06d12_paths
0022c278 00000024 r _kanji_06d0c_paths
0022c29c 00000024 r _kanji_06d0b_paths
0022c2c0 00000020 r _kanji_06cf3_paths
0022c2e0 00000028 r _kanji_06cf0_paths
0022c308 00000020 r _kanji_06cef_paths
0022c328 00000020 r _kanji_06cea_paths
0022c348 00000020 r _kanji_06ce8_paths
0022c368 00000020 r _kanji_06ce5_paths
0022c388 00000020 r _kanji_06ce3_paths
0022c3a8 00000020 r _kanji_06ce2_paths
0022c3c8 00000020 r _kanji_06ce1_paths
0022c3e8 00000020 r _kanji_06cdd_paths
0022c408 0000001c r _kanji_06cdb_paths
0022c424 00000020 r _kanji_06cd7_paths
0022c444 00000020 r _kanji_06cd5_paths
0022c464 00000020 r _kanji_06cd3_paths
0022c484 00000020 r _kanji_06ccc_paths
0022c4a4 00000020 r _kanji_06cca_paths
0022c4c4 00000024 r _kanji_06cc9_paths
0022c4e8 00000020 r _kanji_06cc5_paths
0022c508 00000020 r _kanji_06cc4_paths
0022c528 00000020 r _kanji_06cc1_paths
0022c548 00000020 r _kanji_06cbf_paths
0022c568 00000020 r _kanji_06cbe_paths
0022c588 00000020 r _kanji_06cbd_paths
0022c5a8 00000020 r _kanji_06cbc_paths
0022c5c8 00000020 r _kanji_06cbb_paths
0022c5e8 00000020 r _kanji_06cb9_paths
0022c608 00000020 r _kanji_06cb8_paths
0022c628 00000020 r _kanji_06cb3_paths
0022c648 00000020 r _kanji_06cb1_paths
0022c668 00000020 r _kanji_06cae_paths
0022c688 00000020 r _kanji_06cab_paths
0022c6a8 0000001c r _kanji_06ca2_paths
0022c6c4 0000001c r _kanji_06ca1_paths
0022c6e0 0000001c r _kanji_06c9b_paths
0022c6fc 0000001c r _kanji_06c9a_paths
0022c718 0000001c r _kanji_06c99_paths
0022c734 0000001c r _kanji_06c96_paths
0022c750 00000020 r _kanji_06c93_paths
0022c770 0000001c r _kanji_06c92_paths
0022c78c 0000001c r _kanji_06c90_paths
0022c7a8 0000001c r _kanji_06c8d_paths
0022c7c4 0000001c r _kanji_06c8c_paths
0022c7e0 0000001c r _kanji_06c88_paths
0022c7fc 0000001c r _kanji_06c83_paths
0022c818 0000001c r _kanji_06c82_paths
0022c834 0000001c r _kanji_06c81_paths
0022c850 0000001c r _kanji_06c7d_paths
0022c86c 0000001c r _kanji_06c7a_paths
0022c888 0000001c r _kanji_06c72_paths
0022c8a4 0000001c r _kanji_06c70_paths
0022c8c0 0000001c r _kanji_06c6a_paths
0022c8dc 0000001c r _kanji_06c68_paths
0022c8f8 00000018 r _kanji_06c60_paths
0022c910 00000018 r _kanji_06c5f_paths
0022c928 0000001c r _kanji_06c5e_paths
0022c944 00000018 r _kanji_06c5d_paths
0022c95c 00000018 r _kanji_06c5a_paths
0022c974 00000018 r _kanji_06c57_paths
0022c98c 00000018 r _kanji_06c55_paths
0022c9a4 00000018 r _kanji_06c50_paths
0022c9bc 00000018 r _kanji_06c4e_paths
0022c9d4 0000001c r _kanji_06c42_paths
0022c9f0 00000014 r _kanji_06c41_paths
0022ca04 00000014 r _kanji_06c40_paths
0022ca18 00000014 r _kanji_06c3e_paths
0022ca2c 00000014 r _kanji_06c38_paths
0022ca40 00000014 r _kanji_06c37_paths
0022ca54 00000010 r _kanji_06c34_paths
0022ca64 00000028 r _kanji_06c23_paths
0022ca8c 00000020 r _kanji_06c1b_paths
0022caac 00000018 r _kanji_06c17_paths
0022cac4 00000020 r _kanji_06c13_paths
0022cae4 00000014 r _kanji_06c11_paths
0022caf8 00000010 r _kanji_06c0f_paths
0022cb08 00000044 r _kanji_06c08_paths
0022cb4c 00000030 r _kanji_06bf3_paths
0022cb7c 00000030 r _kanji_06bef_paths
0022cbac 0000002c r _kanji_06bec_paths
0022cbd8 0000002c r _kanji_06beb_paths
0022cc04 00000020 r _kanji_06bdf_paths
0022cc24 00000010 r _kanji_06bdb_paths
0022cc34 00000024 r _kanji_06bd8_paths
0022cc58 00000010 r _kanji_06bd4_paths
0022cc68 00000020 r _kanji_06bd2_paths
0022cc88 00000018 r _kanji_06bce_paths
0022cca0 00000014 r _kanji_06bcd_paths
0022ccb4 00000010 r _kanji_06bcb_paths
0022ccc4 0000003c r _kanji_06bc6_paths
0022cd00 0000003c r _kanji_06bc5_paths
0022cd3c 00000034 r _kanji_06bc0_paths
0022cd70 00000034 r _kanji_06bbf_paths
0022cda4 00000030 r _kanji_06bbc_paths
0022cdd4 0000002c r _kanji_06bbb_paths
0022ce00 00000028 r _kanji_06bba_paths
0022ce28 00000028 r _kanji_06bb7_paths
0022ce50 00000024 r _kanji_06bb5_paths
0022ce74 00000020 r _kanji_06bb4_paths
0022ce94 00000054 r _kanji_06bb2_paths
0022cee8 00000048 r _kanji_06baf_paths
0022cf30 00000040 r _kanji_06bab_paths
0022cf70 00000040 r _kanji_06baa_paths
0022cfb0 0000003c r _kanji_06ba4_paths
0022cfec 00000038 r _kanji_06b9e_paths
0022d024 00000030 r _kanji_06b98_paths
0022d054 00000030 r _kanji_06b96_paths
0022d084 0000002c r _kanji_06b8d_paths
0022d0b0 00000028 r _kanji_06b8b_paths
0022d0d8 00000028 r _kanji_06b8a_paths
0022d100 00000028 r _kanji_06b89_paths
0022d128 00000024 r _kanji_06b86_paths
0022d14c 00000024 r _kanji_06b84_paths
0022d170 00000024 r _kanji_06b83_paths
0022d194 00000020 r _kanji_06b80_paths
0022d1b4 00000020 r _kanji_06b7f_paths
0022d1d4 00000018 r _kanji_06b7b_paths
0022d1ec 00000048 r _kanji_06b78_paths
0022d234 00000038 r _kanji_06b74_paths
0022d26c 00000034 r _kanji_06b73_paths
0022d2a0 00000030 r _kanji_06b6f_paths
0022d2d0 00000024 r _kanji_06b6a_paths
0022d2f4 00000020 r _kanji_06b69_paths
0022d314 00000020 r _kanji_06b66_paths
0022d334 00000018 r _kanji_06b64_paths
0022d34c 00000014 r _kanji_06b63_paths
0022d360 00000010 r _kanji_06b62_paths
0022d370 00000054 r _kanji_06b61_paths
0022d3c4 00000044 r _kanji_06b5f_paths
0022d408 00000044 r _kanji_06b5b_paths
0022d44c 00000040 r _kanji_06b59_paths
0022d48c 00000040 r _kanji_06b54_paths
0022d4cc 0000003c r _kanji_06b53_paths
0022d508 0000003c r _kanji_06b50_paths
0022d544 0000003c r _kanji_06b4e_paths
0022d580 00000038 r _kanji_06b4c_paths
0022d5b8 00000038 r _kanji_06b49_paths
0022d5f0 00000034 r _kanji_06b47_paths
0022d624 00000034 r _kanji_06b43_paths
0022d658 00000030 r _kanji_06b3e_paths
0022d688 00000030 r _kanji_06b3d_paths
0022d6b8 00000030 r _kanji_06b3a_paths
0022d6e8 00000030 r _kanji_06b39_paths
0022d718 0000002c r _kanji_06b38_paths
0022d744 0000002c r _kanji_06b37_paths
0022d770 0000002c r _kanji_06b32_paths
0022d79c 00000020 r _kanji_06b27_paths
0022d7bc 00000020 r _kanji_06b23_paths
0022d7dc 00000018 r _kanji_06b21_paths
0022d7f4 00000010 r _kanji_06b20_paths
0022d804 00000068 r _kanji_06b16_paths
0022d86c 0000005c r _kanji_06b12_paths
0022d8c8 00000054 r _kanji_06b0a_paths
0022d91c 00000054 r _kanji_06b05_paths
0022d970 00000050 r _kanji_06b04_paths
0022d9c0 00000054 r _kanji_06afb_paths
0022da14 00000054 r _kanji_06afa_paths
0022da68 00000050 r _kanji_06aea_paths
0022dab8 00000050 r _kanji_06ae8_paths
0022db08 0000004c r _kanji_06adf_paths
0022db54 0000004c r _kanji_06adb_paths
0022dba0 0000004c r _kanji_06ada_paths
0022dbec 0000004c r _kanji_06ad3_paths
0022dc38 00000048 r _kanji_06ac3_paths
0022dc80 00000048 r _kanji_06ac2_paths
0022dcc8 0000004c r _kanji_06abb_paths
0022dd14 00000048 r _kanji_06ab8_paths
0022dd5c 00000048 r _kanji_06ab3_paths
0022dda4 00000048 r _kanji_06aae_paths
0022ddec 00000044 r _kanji_06aac_paths
0022de30 00000044 r _kanji_06aa3_paths
0022de74 00000044 r _kanji_06aa2_paths
0022deb8 00000040 r _kanji_06aa0_paths
0022def8 00000044 r _kanji_06a9c_paths
0022df3c 00000044 r _kanji_06a97_paths
0022df80 00000044 r _kanji_06a90_paths
0022dfc4 00000044 r _kanji_06a8e_paths
0022e008 00000044 r _kanji_06a84_paths
0022e04c 00000044 r _kanji_06a80_paths
0022e090 00000044 r _kanji_06a7f_paths
0022e0d4 00000040 r _kanji_06a66_paths
0022e114 00000040 r _kanji_06a61_paths
0022e154 00000040 r _kanji_06a5f_paths
0022e194 00000040 r _kanji_06a59_paths
0022e1d4 00000040 r _kanji_06a58_paths
0022e214 00000040 r _kanji_06a4b_paths
0022e254 00000040 r _kanji_06a48_paths
0022e294 00000040 r _kanji_06a47_paths
0022e2d4 00000040 r _kanji_06a44_paths
0022e314 00000040 r _kanji_06a3d_paths
0022e354 00000038 r _kanji_06a3a_paths
0022e38c 00000040 r _kanji_06a39_paths
0022e3cc 00000040 r _kanji_06a38_paths
0022e40c 00000040 r _kanji_06a35_paths
0022e44c 00000040 r _kanji_06a2b_paths
0022e48c 0000003c r _kanji_06a2a_paths
0022e4c8 0000003c r _kanji_06a29_paths
0022e504 0000003c r _kanji_06a23_paths
0022e540 00000038 r _kanji_06a21_paths
0022e578 0000003c r _kanji_06a1f_paths
0022e5b4 0000003c r _kanji_06a1e_paths
0022e5f0 0000003c r _kanji_06a1b_paths
0022e62c 0000003c r _kanji_06a19_paths
0022e668 0000003c r _kanji_06a17_paths
0022e6a4 0000003c r _kanji_06a14_paths
0022e6e0 0000003c r _kanji_06a13_paths
0022e71c 0000003c r _kanji_06a12_paths
0022e758 0000003c r _kanji_06a0b_paths
0022e794 0000003c r _kanji_06a0a_paths
0022e7d0 0000003c r _kanji_06a05_paths
0022e80c 0000003c r _kanji_06a02_paths
0022e848 0000003c r _kanji_069ff_paths
0022e884 0000003c r _kanji_069fd_paths
0022e8c0 0000003c r _kanji_069fb_paths
0022e8fc 0000003c r _kanji_069f2_paths
0022e938 0000003c r _kanji_069ed_paths
0022e974 0000003c r _kanji_069e8_paths
0022e9b0 0000003c r _kanji_069e7_paths
0022e9ec 00000038 r _kanji_069d9_paths
0022ea24 00000038 r _kanji_069d8_paths
0022ea5c 00000038 r _kanji_069d3_paths
0022ea94 00000038 r _kanji_069d0_paths
0022eacc 00000038 r _kanji_069ce_paths
0022eb04 00000038 r _kanji_069cd_paths
0022eb3c 00000038 r _kanji_069cc_paths
0022eb74 00000038 r _kanji_069cb_paths
0022ebac 00000038 r _kanji_069ca_paths
0022ebe4 00000038 r _kanji_069c7_paths
0022ec1c 00000038 r _kanji_069c3_paths
0022ec54 00000038 r _kanji_069c1_paths
0022ec8c 00000038 r _kanji_069be_paths
0022ecc4 00000038 r _kanji_069bb_paths
0022ecfc 00000038 r _kanji_069b4_paths
0022ed34 00000038 r _kanji_069b1_paths
0022ed6c 00000038 r _kanji_069ae_paths
0022eda4 00000038 r _kanji_069a7_paths
0022eddc 00000038 r _kanji_0699c_paths
0022ee14 00000038 r _kanji_0699b_paths
0022ee4c 00000038 r _kanji_06995_paths
0022ee84 00000038 r _kanji_06994_paths
0022eebc 00000038 r _kanji_06991_paths
0022eef4 00000038 r _kanji_0698e_paths
0022ef2c 00000038 r _kanji_0698a_paths
0022ef64 00000038 r _kanji_06982_paths
0022ef9c 00000034 r _kanji_06981_paths
0022efd0 00000034 r _kanji_0697e_paths
0022f004 00000034 r _kanji_0697d_paths
0022f038 00000034 r _kanji_0697c_paths
0022f06c 00000034 r _kanji_06979_paths
0022f0a0 00000034 r _kanji_06978_paths
0022f0d4 00000034 r _kanji_06977_paths
0022f108 00000030 r _kanji_06975_paths
0022f138 00000034 r _kanji_06973_paths
0022f16c 00000034 r _kanji_0696f_paths
0022f1a0 00000034 r _kanji_0696e_paths
0022f1d4 00000034 r _kanji_0696d_paths
0022f208 00000034 r _kanji_0696b_paths
0022f23c 00000034 r _kanji_06962_paths
0022f270 00000034 r _kanji_06961_paths
0022f2a4 00000034 r _kanji_06960_paths
0022f2d8 00000034 r _kanji_0695d_paths
0022f30c 00000034 r _kanji_0695a_paths
0022f340 00000034 r _kanji_06955_paths
0022f374 00000034 r _kanji_06954_paths
0022f3a8 00000034 r _kanji_06953_paths
0022f3dc 00000034 r _kanji_0694a_paths
0022f410 00000034 r _kanji_0693f_paths
0022f444 00000034 r _kanji_0693d_paths
0022f478 00000034 r _kanji_06939_paths
0022f4ac 00000034 r _kanji_06934_paths
0022f4e0 00000034 r _kanji_06930_paths
0022f514 00000030 r _kanji_0691c_paths
0022f544 0000002c r _kanji_0691b_paths
0022f570 00000030 r _kanji_0691a_paths
0022f5a0 00000030 r _kanji_06919_paths
0022f5d0 00000030 r _kanji_06912_paths
0022f600 00000030 r _kanji_0690f_paths
0022f630 00000030 r _kanji_0690e_paths
0022f660 00000030 r _kanji_0690d_paths
0022f690 00000030 r _kanji_0690b_paths
0022f6c0 00000030 r _kanji_06908_paths
0022f6f0 00000030 r _kanji_06905_paths
0022f720 00000030 r _kanji_06904_paths
0022f750 00000030 r _kanji_06901_paths
0022f780 00000030 r _kanji_06900_paths
0022f7b0 00000030 r _kanji_068fa_paths
0022f7e0 00000030 r _kanji_068f9_paths
0022f810 00000030 r _kanji_068f2_paths
0022f840 00000030 r _kanji_068ee_paths
0022f870 00000030 r _kanji_068e7_paths
0022f8a0 00000030 r _kanji_068e3_paths
0022f8d0 00000030 r _kanji_068e0_paths
0022f900 00000030 r _kanji_068df_paths
0022f930 00000030 r _kanji_068da_paths
0022f960 00000030 r _kanji_068d8_paths
0022f990 00000030 r _kanji_068d7_paths
0022f9c0 00000030 r _kanji_068d5_paths
0022f9f0 00000030 r _kanji_068d2_paths
0022fa20 00000030 r _kanji_068cd_paths
0022fa50 00000030 r _kanji_068cb_paths
0022fa80 00000030 r _kanji_068c9_paths
0022fab0 00000034 r _kanji_068c4_paths
0022fae4 0000002c r _kanji_068ba_paths
0022fb10 0000002c r _kanji_068b6_paths
0022fb3c 0000002c r _kanji_068b5_paths
0022fb68 0000002c r _kanji_068b1_paths
0022fb94 0000002c r _kanji_068b0_paths
0022fbc0 0000002c r _kanji_068af_paths
0022fbec 0000002c r _kanji_068ad_paths
0022fc18 0000002c r _kanji_068a8_paths
0022fc44 0000002c r _kanji_068a7_paths
0022fc70 0000002c r _kanji_068a2_paths
0022fc9c 0000002c r _kanji_068a0_paths
0022fcc8 0000002c r _kanji_0689f_paths
0022fcf4 0000002c r _kanji_0689d_paths
0022fd20 0000002c r _kanji_06897_paths
0022fd4c 0000002c r _kanji_06894_paths
0022fd78 0000002c r _kanji_06893_paths
0022fda4 0000002c r _kanji_0688f_paths
0022fdd0 00000028 r _kanji_06885_paths
0022fdf8 0000002c r _kanji_06883_paths
0022fe24 0000002c r _kanji_06881_paths
0022fe50 0000002c r _kanji_06877_paths
0022fe7c 0000002c r _kanji_06876_paths
0022fea8 0000002c r _kanji_06874_paths
0022fed4 00000028 r _kanji_0685f_paths
0022fefc 00000028 r _kanji_0685c_paths
0022ff24 00000028 r _kanji_06859_paths
0022ff4c 00000028 r _kanji_06854_paths
0022ff74 00000028 r _kanji_06853_paths
0022ff9c 00000028 r _kanji_06851_paths
0022ffc4 00000028 r _kanji_06850_paths
0022ffec 00000028 r _kanji_0684e_paths
00230014 00000028 r _kanji_06848_paths
0023003c 00000028 r _kanji_06846_paths
00230064 00000028 r _kanji_06843_paths
0023008c 00000028 r _kanji_06842_paths
002300b4 00000028 r _kanji_06841_paths
002300dc 00000028 r _kanji_0683d_paths
00230104 00000028 r _kanji_0683c_paths
0023012c 00000028 r _kanji_06839_paths
00230154 00000028 r _kanji_06838_paths
0023017c 00000028 r _kanji_06834_paths
002301a4 00000028 r _kanji_06832_paths
002301cc 00000028 r _kanji_0682b_paths
002301f4 00000028 r _kanji_0682a_paths
0023021c 00000028 r _kanji_06829_paths
00230244 00000028 r _kanji_06821_paths
0023026c 00000028 r _kanji_0681e_paths
00230294 00000028 r _kanji_06817_paths
002302bc 00000028 r _kanji_06816_paths
002302e4 00000028 r _kanji_06813_paths
0023030c 00000024 r _kanji_06804_paths
00230330 00000024 r _kanji_06803_paths
00230354 00000024 r _kanji_06802_paths
00230378 00000024 r _kanji_067ff_paths
0023039c 00000024 r _kanji_067fe_paths
002303c0 00000024 r _kanji_067fb_paths
002303e4 00000024 r _kanji_067f5_paths
00230408 00000028 r _kanji_067f4_paths
00230430 00000024 r _kanji_067f3_paths
00230454 00000024 r _kanji_067f1_paths
00230478 00000024 r _kanji_067ef_paths
0023049c 00000024 r _kanji_067ee_paths
002304c0 00000024 r _kanji_067ec_paths
002304e4 00000024 r _kanji_067e9_paths
00230508 00000024 r _kanji_067e4_paths
0023052c 00000024 r _kanji_067e2_paths
00230550 00000024 r _kanji_067de_paths
00230574 00000024 r _kanji_067dd_paths
00230598 00000024 r _kanji_067da_paths
002305bc 00000024 r _kanji_067d8_paths
002305e0 00000024 r _kanji_067d4_paths
00230604 00000024 r _kanji_067d3_paths
00230628 00000024 r _kanji_067d1_paths
0023064c 00000024 r _kanji_067d0_paths
00230670 00000024 r _kanji_067cf_paths
00230694 00000024 r _kanji_067ce_paths
002306b8 00000024 r _kanji_067ca_paths
002306dc 00000024 r _kanji_067c4_paths
00230700 00000024 r _kanji_067c1_paths
00230724 00000024 r _kanji_067b9_paths
00230748 00000024 r _kanji_067b8_paths
0023076c 00000024 r _kanji_067b7_paths
00230790 00000024 r _kanji_067b6_paths
002307b4 00000024 r _kanji_067b4_paths
002307d8 00000024 r _kanji_067b3_paths
002307fc 00000024 r _kanji_067af_paths
00230820 00000020 r _kanji_067a2_paths
00230840 00000020 r _kanji_067a1_paths
00230860 00000020 r _kanji_067a0_paths
00230880 00000020 r _kanji_0679d_paths
002308a0 00000020 r _kanji_0679c_paths
002308c0 00000020 r _kanji_0679a_paths
002308e0 00000020 r _kanji_06797_paths
00230900 00000020 r _kanji_06795_paths
00230920 00000020 r _kanji_06790_paths
00230940 00000020 r _kanji_0678c_paths
00230960 00000020 r _kanji_0678b_paths
00230980 00000020 r _kanji_06789_paths
002309a0 00000020 r _kanji_06787_paths
002309c0 00000020 r _kanji_0677f_paths
002309e0 00000020 r _kanji_0677e_paths
00230a00 00000020 r _kanji_0677c_paths
00230a20 00000020 r _kanji_06777_paths
00230a40 00000020 r _kanji_06775_paths
00230a60 00000020 r _kanji_06773_paths
00230a80 00000020 r _kanji_06772_paths
00230aa0 00000020 r _kanji_06771_paths
00230ac0 00000020 r _kanji_0676f_paths
00230ae0 00000020 r _kanji_0676d_paths
00230b00 00000020 r _kanji_0676a_paths
00230b20 0000001c r _kanji_06765_paths
00230b3c 0000001c r _kanji_06763_paths
00230b58 0000001c r _kanji_06762_paths
00230b74 0000001c r _kanji_06761_paths
00230b90 0000001c r _kanji_06760_paths
00230bac 0000001c r _kanji_0675f_paths
00230bc8 0000001c r _kanji_0675e_paths
00230be4 0000001c r _kanji_0675c_paths
00230c00 0000001c r _kanji_06759_paths
00230c1c 0000001c r _kanji_06756_paths
00230c38 0000001c r _kanji_06753_paths
00230c54 0000001c r _kanji_06751_paths
00230c70 0000001c r _kanji_06750_paths
00230c8c 0000001c r _kanji_0674f_paths
00230ca8 0000001c r _kanji_0674e_paths
00230cc4 0000001c r _kanji_06749_paths
00230ce0 0000001c r _kanji_06746_paths
00230cfc 00000018 r _kanji_0673f_paths
00230d14 00000018 r _kanji_0673d_paths
00230d2c 00000018 r _kanji_0673a_paths
00230d44 00000018 r _kanji_06738_paths
00230d5c 00000018 r _kanji_06736_paths
00230d74 00000018 r _kanji_06734_paths
00230d8c 00000018 r _kanji_06731_paths
00230da4 00000014 r _kanji_0672e_paths
00230db8 00000014 r _kanji_0672d_paths
00230dcc 00000014 r _kanji_0672c_paths
00230de0 00000014 r _kanji_0672b_paths
00230df4 00000014 r _kanji_0672a_paths
00230e08 00000010 r _kanji_06728_paths
00230e18 00000050 r _kanji_06727_paths
00230e68 00000044 r _kanji_06726_paths
00230eac 00000030 r _kanji_0671f_paths
00230edc 00000030 r _kanji_0671e_paths
00230f0c 00000030 r _kanji_0671d_paths
00230f3c 0000002c r _kanji_0671b_paths
00230f68 00000028 r _kanji_06717_paths
00230f90 00000028 r _kanji_06715_paths
00230fb8 00000028 r _kanji_06714_paths
00230fe0 00000024 r _kanji_0670f_paths
00231004 00000020 r _kanji_0670d_paths
00231024 00000020 r _kanji_0670b_paths
00231044 00000018 r _kanji_06709_paths
0023105c 00000010 r _kanji_06708_paths
0023106c 00000034 r _kanji_06703_paths
002310a0 00000030 r _kanji_06700_paths
002310d0 00000030 r _kanji_066ff_paths
00231100 00000030 r _kanji_066fe_paths
00231130 0000002c r _kanji_066fd_paths
0023115c 0000002c r _kanji_066fc_paths
00231188 0000002c r _kanji_066f9_paths
002311b4 00000028 r _kanji_066f8_paths
002311dc 00000024 r _kanji_066f7_paths
00231200 0000001c r _kanji_066f4_paths
0023121c 00000018 r _kanji_066f3_paths
00231234 00000018 r _kanji_066f2_paths
0023124c 00000010 r _kanji_066f0_paths
0023125c 00000054 r _kanji_066e9_paths
002312b0 00000050 r _kanji_066e6_paths
00231300 0000004c r _kanji_066e0_paths
0023134c 0000004c r _kanji_066dd_paths
00231398 00000048 r _kanji_066dc_paths
002313e0 00000044 r _kanji_066da_paths
00231424 00000044 r _kanji_066d9_paths
00231468 00000044 r _kanji_066d6_paths
002314ac 00000040 r _kanji_066c9_paths
002314ec 00000040 r _kanji_066c7_paths
0023152c 00000040 r _kanji_066be_paths
0023156c 00000040 r _kanji_066b9_paths
002315ac 0000003c r _kanji_066b4_paths
002315e8 00000038 r _kanji_066ae_paths
00231620 0000003c r _kanji_066ab_paths
0023165c 00000038 r _kanji_066a6_paths
00231694 00000038 r _kanji_066a2_paths
002316cc 00000038 r _kanji_0669d_paths
00231704 00000034 r _kanji_06698_paths
00231738 00000034 r _kanji_06697_paths
0023176c 00000034 r _kanji_06696_paths
002317a0 00000030 r _kanji_06691_paths
002317d0 00000034 r _kanji_06689_paths
00231804 00000034 r _kanji_06688_paths
00231838 00000034 r _kanji_06687_paths
0023186c 00000034 r _kanji_06684_paths
002318a0 00000030 r _kanji_06681_paths
002318d0 00000030 r _kanji_0667a_paths
00231900 00000030 r _kanji_06676_paths
00231930 00000030 r _kanji_06674_paths
00231960 00000030 r _kanji_06670_paths
00231990 00000030 r _kanji_0666f_paths
002319c0 00000030 r _kanji_0666e_paths
002319f0 00000030 r _kanji_06669_paths
00231a20 0000002c r _kanji_06668_paths
00231a4c 0000002c r _kanji_06667_paths
00231a78 0000002c r _kanji_06666_paths
00231aa4 0000002c r _kanji_06664_paths
00231ad0 0000002c r _kanji_06662_paths
00231afc 00000028 r _kanji_0665f_paths
00231b24 0000002c r _kanji_0665e_paths
00231b50 0000002c r _kanji_0665d_paths
00231b7c 00000028 r _kanji_06652_paths
00231ba4 00000028 r _kanji_0664f_paths
00231bcc 00000028 r _kanji_0664b_paths
00231bf4 00000028 r _kanji_06649_paths
00231c1c 00000028 r _kanji_06643_paths
00231c44 00000028 r _kanji_06642_paths
00231c6c 00000028 r _kanji_06641_paths
00231c94 00000024 r _kanji_0663c_paths
00231cb8 00000024 r _kanji_06636_paths
00231cdc 00000024 r _kanji_06635_paths
00231d00 00000024 r _kanji_06634_paths
00231d24 00000024 r _kanji_0662f_paths
00231d48 00000024 r _kanji_0662d_paths
00231d6c 00000024 r _kanji_06628_paths
00231d90 00000024 r _kanji_06627_paths
00231db4 00000024 r _kanji_06625_paths
00231dd8 00000024 r _kanji_06620_paths
00231dfc 00000024 r _kanji_0661f_paths
00231e20 00000024 r _kanji_0661c_paths
00231e44 00000020 r _kanji_06614_paths
00231e64 00000020 r _kanji_06613_paths
00231e84 00000020 r _kanji_0660f_paths
00231ea4 00000020 r _kanji_0660e_paths
00231ec4 00000020 r _kanji_0660c_paths
00231ee4 00000020 r _kanji_0660a_paths
00231f04 00000020 r _kanji_06607_paths
00231f24 00000020 r _kanji_06606_paths
00231f44 00000020 r _kanji_06603_paths
00231f64 00000020 r _kanji_06602_paths
00231f84 00000020 r _kanji_065fb_paths
00231fa4 00000020 r _kanji_065fa_paths
00231fc4 0000001c r _kanji_065f1_paths
00231fe0 00000018 r _kanji_065ed_paths
00231ff8 00000018 r _kanji_065ec_paths
00232010 00000018 r _kanji_065e9_paths
00232028 00000018 r _kanji_065e8_paths
00232040 00000014 r _kanji_065e7_paths
00232054 00000014 r _kanji_065e6_paths
00232068 00000010 r _kanji_065e5_paths
00232078 00000028 r _kanji_065e2_paths
002320a0 00000048 r _kanji_065db_paths
002320e8 00000038 r _kanji_065d7_paths
00232120 0000002c r _kanji_065cf_paths
0023214c 0000002c r _kanji_065cc_paths
00232178 0000002c r _kanji_065cb_paths
002321a4 00000028 r _kanji_065c6_paths
002321cc 00000028 r _kanji_065c5_paths
002321f4 00000028 r _kanji_065c4_paths
0023221c 00000028 r _kanji_065c3_paths
00232244 00000028 r _kanji_065c1_paths
0023226c 00000024 r _kanji_065bd_paths
00232290 00000020 r _kanji_065bc_paths
002322b0 00000010 r _kanji_065b9_paths
002322c0 00000048 r _kanji_065b7_paths
00232308 00000034 r _kanji_065b0_paths
0023233c 00000030 r _kanji_065af_paths
0023236c 0000002c r _kanji_065ad_paths
00232398 0000002c r _kanji_065ac_paths
002323c4 00000024 r _kanji_065ab_paths
002323e8 00000020 r _kanji_065a7_paths
00232408 00000014 r _kanji_065a5_paths
0023241c 00000010 r _kanji_065a4_paths
0023242c 00000038 r _kanji_065a1_paths
00232464 00000034 r _kanji_0659f_paths
00232498 0000002c r _kanji_0659c_paths
002324c4 0000002c r _kanji_0659b_paths
002324f0 00000028 r _kanji_06599_paths
00232518 00000010 r _kanji_06597_paths
00232528 00000030 r _kanji_06591_paths
00232558 00000030 r _kanji_06590_paths
00232588 0000002c r _kanji_0658e_paths
002325b4 00000030 r _kanji_0658c_paths
002325e4 00000020 r _kanji_06589_paths
00232604 00000010 r _kanji_06587_paths
00232614 00000048 r _kanji_06583_paths
0023265c 00000044 r _kanji_06582_paths
002326a0 0000003c r _kanji_06578_paths
002326dc 0000003c r _kanji_06577_paths
00232718 0000003c r _kanji_06575_paths
00232754 00000040 r _kanji_06574_paths
00232794 00000038 r _kanji_06572_paths
002327cc 00000034 r _kanji_06570_paths
00232800 00000030 r _kanji_0656c_paths
00232830 00000030 r _kanji_06566_paths
00232860 00000030 r _kanji_06563_paths
00232890 00000030 r _kanji_06562_paths
002328c0 00000030 r _kanji_0655e_paths
002328f0 00000030 r _kanji_0655d_paths
00232920 0000002c r _kanji_06559_paths
0023294c 0000002c r _kanji_06557_paths
00232978 0000002c r _kanji_06556_paths
002329a4 0000002c r _kanji_06555_paths
002329d0 0000002c r _kanji_06551_paths
002329fc 00000028 r _kanji_0654f_paths
00232a24 0000002c r _kanji_0654d_paths
00232a50 00000028 r _kanji_06548_paths
00232a78 00000024 r _kanji_06545_paths
00232a9c 00000024 r _kanji_0653f_paths
00232ac0 00000020 r _kanji_0653e_paths
00232ae0 0000001c r _kanji_0653b_paths
00232afc 0000001c r _kanji_06539_paths
00232b18 00000018 r _kanji_06536_paths
00232b30 00000010 r _kanji_0652f_paths
00232b40 00000064 r _kanji_0652c_paths
00232ba4 0000005c r _kanji_0652b_paths
00232c00 0000005c r _kanji_0652a_paths
00232c5c 00000058 r _kanji_06524_paths
00232cb4 0000005c r _kanji_06523_paths
00232d10 00000054 r _kanji_0651d_paths
00232d64 00000050 r _kanji_06518_paths
00232db4 0000004c r _kanji_06500_paths
00232e00 00000048 r _kanji_064fe_paths
00232e48 00000048 r _kanji_064fd_paths
00232e90 00000048 r _kanji_064fa_paths
00232ed8 00000048 r _kanji_064f4_paths
00232f20 00000048 r _kanji_064f2_paths
00232f68 00000044 r _kanji_064f1_paths
00232fac 00000044 r _kanji_064ef_paths
00232ff0 00000044 r _kanji_064ec_paths
00233034 00000044 r _kanji_064e7_paths
00233078 00000044 r _kanji_064e6_paths
002330bc 00000044 r _kanji_064e3_paths
00233100 00000044 r _kanji_064e2_paths
00233144 00000044 r _kanji_064e1_paths
00233188 00000044 r _kanji_064e0_paths
002331cc 00000040 r _kanji_064da_paths
0023320c 00000044 r _kanji_064d8_paths
00233250 00000040 r _kanji_064d4_paths
00233290 00000040 r _kanji_064d2_paths
002332d0 00000040 r _kanji_064cd_paths
00233310 00000040 r _kanji_064c7_paths
00233350 00000040 r _kanji_064c5_paths
00233390 00000040 r _kanji_064c2_paths
002333d0 00000040 r _kanji_064c1_paths
00233410 00000040 r _kanji_064bc_paths
00233450 00000040 r _kanji_064bb_paths
00233490 0000003c r _kanji_064b2_paths
002334cc 0000003c r _kanji_064b0_paths
00233508 0000003c r _kanji_064ae_paths
00233544 0000003c r _kanji_064ad_paths
00233580 0000003c r _kanji_064ab_paths
002335bc 0000003c r _kanji_064a9_paths
002335f8 0000003c r _kanji_064a5_paths
00233634 0000003c r _kanji_064a4_paths
00233670 0000003c r _kanji_0649e_paths
002336ac 0000003c r _kanji_0649a_paths
002336e8 0000003c r _kanji_06495_paths
00233724 0000003c r _kanji_06493_paths
00233760 0000003c r _kanji_06492_paths
0023379c 0000003c r _kanji_06488_paths
002337d8 0000003c r _kanji_06483_paths
00233814 00000038 r _kanji_0647a_paths
0023384c 00000034 r _kanji_06478_paths
00233880 00000038 r _kanji_06476_paths
002338b8 0000003c r _kanji_0646f_paths
002338f4 0000003c r _kanji_06469_paths
00233930 00000038 r _kanji_06467_paths
00233968 00000038 r _kanji_06458_paths
002339a0 00000038 r _kanji_06451_paths
002339d8 00000038 r _kanji_0644e_paths
00233a10 00000034 r _kanji_06442_paths
00233a44 00000034 r _kanji_0643e_paths
00233a78 00000034 r _kanji_0643a_paths
00233aac 00000034 r _kanji_06436_paths
00233ae0 00000038 r _kanji_06434_paths
00233b18 00000030 r _kanji_0642d_paths
00233b48 00000034 r _kanji_0642c_paths
00233b7c 00000034 r _kanji_06428_paths
00233bb0 00000034 r _kanji_06426_paths
00233be4 00000030 r _kanji_0641c_paths
00233c14 00000034 r _kanji_06417_paths
00233c48 00000034 r _kanji_06416_paths
00233c7c 00000034 r _kanji_06413_paths
00233cb0 00000034 r _kanji_0640f_paths
00233ce4 00000034 r _kanji_0640d_paths
00233d18 00000030 r _kanji_063fa_paths
00233d48 00000030 r _kanji_063f6_paths
00233d78 00000030 r _kanji_063f4_paths
00233da8 00000030 r _kanji_063ee_paths
00233dd8 00000030 r _kanji_063e9_paths
00233e08 00000030 r _kanji_063e3_paths
00233e38 00000030 r _kanji_063e1_paths
00233e68 00000030 r _kanji_063db_paths
00233e98 00000030 r _kanji_063da_paths
00233ec8 00000030 r _kanji_063d6_paths
00233ef8 00000030 r _kanji_063d2_paths
00233f28 00000030 r _kanji_063d0_paths
00233f58 0000002c r _kanji_063cf_paths
00233f84 00000030 r _kanji_063c9_paths
00233fb4 00000030 r _kanji_063c6_paths
00233fe4 00000030 r _kanji_063c4_paths
00234014 00000030 r _kanji_063c3_paths
00234044 00000030 r _kanji_063c0_paths
00234074 00000030 r _kanji_063be_paths
002340a4 0000002c r _kanji_063b2_paths
002340d0 0000002c r _kanji_063ac_paths
002340fc 0000002c r _kanji_063ab_paths
00234128 0000002c r _kanji_063aa_paths
00234154 0000002c r _kanji_063a9_paths
00234180 0000002c r _kanji_063a8_paths
002341ac 0000002c r _kanji_063a7_paths
002341d8 0000002c r _kanji_063a5_paths
00234204 00000030 r _kanji_063a3_paths
00234234 0000002c r _kanji_063a2_paths
00234260 0000002c r _kanji_063a1_paths
0023428c 0000002c r _kanji_063a0_paths
002342b8 0000002c r _kanji_0639f_paths
002342e4 0000002c r _kanji_0639b_paths
00234310 0000002c r _kanji_06398_paths
0023433c 0000002c r _kanji_06396_paths
00234368 0000002c r _kanji_06392_paths
00234394 0000002c r _kanji_0638f_paths
002343c0 0000002c r _kanji_0638e_paths
002343ec 00000030 r _kanji_0638c_paths
0023441c 0000002c r _kanji_06389_paths
00234448 0000002c r _kanji_06388_paths
00234474 0000002c r _kanji_06383_paths
002344a0 0000002c r _kanji_06380_paths
002344cc 0000002c r _kanji_0637b_paths
002344f8 0000002c r _kanji_0637a_paths
00234524 0000002c r _kanji_06377_paths
00234550 0000002c r _kanji_06376_paths
0023457c 0000002c r _kanji_06372_paths
002345a8 0000002c r _kanji_0636e_paths
002345d4 0000002c r _kanji_0636b_paths
00234600 0000002c r _kanji_06368_paths
0023462c 0000002c r _kanji_06367_paths
00234658 00000028 r _kanji_0635c_paths
00234680 00000028 r _kanji_06357_paths
002346a8 00000028 r _kanji_06355_paths
002346d0 00000028 r _kanji_06350_paths
002346f8 00000028 r _kanji_0634f_paths
00234720 00000028 r _kanji_0634d_paths
00234748 00000028 r _kanji_0634c_paths
00234770 00000028 r _kanji_06349_paths
00234798 00000028 r _kanji_0633f_paths
002347c0 00000028 r _kanji_0633e_paths
002347e8 00000028 r _kanji_0633d_paths
00234810 00000028 r _kanji_0633a_paths
00234838 00000028 r _kanji_0632f_paths
00234860 00000028 r _kanji_0632b_paths
00234888 00000028 r _kanji_06328_paths
002348b0 00000024 r _kanji_0631f_paths
002348d4 00000028 r _kanji_06319_paths
002348fc 00000024 r _kanji_06311_paths
00234920 00000024 r _kanji_0630c_paths
00234944 00000024 r _kanji_06309_paths
00234968 00000028 r _kanji_06308_paths
00234990 00000024 r _kanji_06307_paths
002349b4 00000024 r _kanji_06302_paths
002349d8 00000024 r _kanji_06301_paths
002349fc 00000028 r _kanji_062ff_paths
00234a24 00000024 r _kanji_062fe_paths
00234a48 00000024 r _kanji_062f7_paths
00234a6c 00000024 r _kanji_062f6_paths
00234a90 00000024 r _kanji_062f5_paths
00234ab4 00000028 r _kanji_062f3_paths
00234adc 00000024 r _kanji_062f1_paths
00234b00 00000024 r _kanji_062ef_paths
00234b24 00000024 r _kanji_062ee_paths
00234b48 00000024 r _kanji_062ed_paths
00234b6c 00000024 r _kanji_062ec_paths
00234b90 00000020 r _kanji_062e1_paths
00234bb0 00000020 r _kanji_062e0_paths
00234bd0 00000020 r _kanji_062dd_paths
00234bf0 00000024 r _kanji_062dc_paths
00234c14 00000020 r _kanji_062db_paths
00234c34 00000020 r _kanji_062d9_paths
00234c54 00000020 r _kanji_062d8_paths
00234c74 00000020 r _kanji_062d7_paths
00234c94 00000020 r _kanji_062d4_paths
00234cb4 00000020 r _kanji_062d3_paths
00234cd4 00000020 r _kanji_062d2_paths
00234cf4 00000020 r _kanji_062d1_paths
00234d14 00000020 r _kanji_062d0_paths
00234d34 00000020 r _kanji_062cd_paths
00234d54 00000020 r _kanji_062cc_paths
00234d74 00000020 r _kanji_062ca_paths
00234d94 00000020 r _kanji_062c9_paths
00234db4 00000020 r _kanji_062c8_paths
00234dd4 00000020 r _kanji_062c7_paths
00234df4 00000020 r _kanji_062c6_paths
00234e14 00000020 r _kanji_062c5_paths
00234e34 00000020 r _kanji_062c2_paths
00234e54 00000020 r _kanji_062bd_paths
00234e74 00000020 r _kanji_062bc_paths
00234e94 00000020 r _kanji_062bb_paths
00234eb4 00000020 r _kanji_062b9_paths
00234ed4 00000020 r _kanji_062b5_paths
00234ef4 00000020 r _kanji_062b1_paths
00234f14 00000020 r _kanji_062ab_paths
00234f34 0000001c r _kanji_0629e_paths
00234f50 0000001c r _kanji_0629c_paths
00234f6c 0000001c r _kanji_06298_paths
00234f88 0000001c r _kanji_06297_paths
00234fa4 0000001c r _kanji_06296_paths
00234fc0 0000001c r _kanji_06295_paths
00234fdc 0000001c r _kanji_06294_paths
00234ff8 0000001c r _kanji_06293_paths
00235014 0000001c r _kanji_06292_paths
00235030 0000001c r _kanji_06291_paths
0023504c 0000001c r _kanji_0628a_paths
00235068 0000001c r _kanji_06289_paths
00235084 0000001c r _kanji_06284_paths
002350a0 0000001c r _kanji_06283_paths
002350bc 0000001c r _kanji_06280_paths
002350d8 00000020 r _kanji_0627f_paths
002350f8 0000001c r _kanji_0627e_paths
00235114 0000001c r _kanji_0627c_paths
00235130 0000001c r _kanji_06279_paths
0023514c 0000001c r _kanji_06276_paths
00235168 00000018 r _kanji_06271_paths
00235180 0000001c r _kanji_0626e_paths
0023519c 00000018 r _kanji_06268_paths
002351b4 00000018 r _kanji_06263_paths
002351cc 00000018 r _kanji_06260_paths
002351e4 00000018 r _kanji_0625e_paths
002351fc 00000018 r _kanji_0625b_paths
00235214 00000018 r _kanji_06258_paths
0023522c 00000014 r _kanji_06255_paths
00235240 00000014 r _kanji_06253_paths
00235254 00000010 r _kanji_0624e_paths
00235264 00000010 r _kanji_0624b_paths
00235274 00000030 r _kanji_06249_paths
002352a4 00000028 r _kanji_06247_paths
002352cc 00000024 r _kanji_06241_paths
002352f0 00000020 r _kanji_06240_paths
00235310 00000020 r _kanji_0623f_paths
00235330 0000001c r _kanji_0623b_paths
0023534c 00000010 r _kanji_06238_paths
0023535c 00000044 r _kanji_06234_paths
002353a0 00000048 r _kanji_06233_paths
002353e8 00000044 r _kanji_06232_paths
0023542c 00000040 r _kanji_06230_paths
0023546c 0000003c r _kanji_0622f_paths
002354a8 0000003c r _kanji_0622e_paths
002354e4 00000038 r _kanji_0622a_paths
0023551c 00000034 r _kanji_06226_paths
00235550 00000034 r _kanji_06221_paths
00235584 00000030 r _kanji_0621f_paths
002355b4 0000002c r _kanji_0621b_paths
002355e0 0000002c r _kanji_0621a_paths
0023560c 00000020 r _kanji_06216_paths
0023562c 00000020 r _kanji_06214_paths
0023564c 0000001c r _kanji_06212_paths
00235668 0000001c r _kanji_06211_paths
00235684 00000018 r _kanji_06210_paths
0023569c 00000018 r _kanji_0620e_paths
002356b4 00000018 r _kanji_0620d_paths
002356cc 00000018 r _kanji_0620c_paths
002356e4 00000014 r _kanji_0620a_paths
002356f8 00000014 r _kanji_06209_paths
0023570c 00000010 r _kanji_06208_paths
0023571c 0000005c r _kanji_06200_paths
00235778 00000058 r _kanji_061ff_paths
002357d0 00000054 r _kanji_061fe_paths
00235824 00000050 r _kanji_061fd_paths
00235874 00000054 r _kanji_061fc_paths
002358c8 00000050 r _kanji_061fa_paths
00235918 00000050 r _kanji_061f8_paths
00235968 0000004c r _kanji_061f7_paths
002359b4 0000004c r _kanji_061f6_paths
00235a00 00000048 r _kanji_061f2_paths
00235a48 00000044 r _kanji_061e6_paths
00235a8c 00000048 r _kanji_061e3_paths
00235ad4 00000040 r _kanji_061d0_paths
00235b14 00000040 r _kanji_061cd_paths
00235b54 00000040 r _kanji_061cc_paths
00235b94 00000044 r _kanji_061cb_paths
00235bd8 00000040 r _kanji_061ca_paths
00235c18 00000044 r _kanji_061c9_paths
00235c5c 00000040 r _kanji_061c8_paths
00235c9c 00000044 r _kanji_061c7_paths
00235ce0 00000040 r _kanji_061c6_paths
00235d20 00000044 r _kanji_061c3_paths
00235d64 00000040 r _kanji_061be_paths
00235da4 00000040 r _kanji_061ba_paths
00235de4 00000040 r _kanji_061b6_paths
00235e24 00000040 r _kanji_061b2_paths
00235e64 0000003c r _kanji_061ae_paths
00235ea0 0000003c r _kanji_061ac_paths
00235edc 0000003c r _kanji_061ab_paths
00235f18 00000040 r _kanji_061a9_paths
00235f58 0000003c r _kanji_061a7_paths
00235f94 0000003c r _kanji_061a4_paths
00235fd0 0000003c r _kanji_0619a_paths
0023600c 00000040 r _kanji_06196_paths
0023604c 0000003c r _kanji_06194_paths
00236088 00000040 r _kanji_06191_paths
002360c8 00000040 r _kanji_06190_paths
00236108 00000038 r _kanji_0618e_paths
00236140 00000040 r _kanji_0618a_paths
00236180 0000003c r _kanji_06182_paths
002361bc 0000003c r _kanji_0617e_paths
002361f8 00000038 r _kanji_06177_paths
00236230 0000003c r _kanji_06176_paths
0023626c 00000038 r _kanji_06175_paths
002362a4 00000038 r _kanji_06174_paths
002362dc 0000003c r _kanji_06173_paths
00236318 0000003c r _kanji_06170_paths
00236354 0000003c r _kanji_0616e_paths
00236390 0000003c r _kanji_0616b_paths
002363cc 00000034 r _kanji_06168_paths
00236400 0000003c r _kanji_06167_paths
0023643c 00000038 r _kanji_06165_paths
00236474 00000038 r _kanji_06163_paths
002364ac 00000038 r _kanji_06162_paths
002364e4 00000038 r _kanji_0615f_paths
0023651c 00000038 r _kanji_0615d_paths
00236554 0000003c r _kanji_06159_paths
00236590 00000038 r _kanji_06158_paths
002365c8 00000038 r _kanji_06155_paths
00236600 00000038 r _kanji_06153_paths
00236638 00000034 r _kanji_0614e_paths
0023666c 00000034 r _kanji_0614d_paths
002366a0 00000030 r _kanji_0614c_paths
002366d0 00000038 r _kanji_0614b_paths
00236708 00000034 r _kanji_0614a_paths
0023673c 00000034 r _kanji_06148_paths
00236770 00000038 r _kanji_06147_paths
002367a8 00000034 r _kanji_06144_paths
002367dc 00000038 r _kanji_06142_paths
00236814 00000038 r _kanji_0613f_paths
0023684c 00000034 r _kanji_0613e_paths
00236880 00000034 r _kanji_0613c_paths
002368b4 00000034 r _kanji_06134_paths
002368e8 00000038 r _kanji_0612c_paths
00236920 00000038 r _kanji_06128_paths
00236958 00000034 r _kanji_06127_paths
0023698c 00000034 r _kanji_0611f_paths
002369c0 00000034 r _kanji_0611b_paths
002369f4 00000034 r _kanji_0611a_paths
00236a28 00000030 r _kanji_06115_paths
00236a58 00000034 r _kanji_0610f_paths
00236a8c 00000030 r _kanji_0610e_paths
00236abc 00000034 r _kanji_0610d_paths
00236af0 00000030 r _kanji_06109_paths
00236b20 00000034 r _kanji_06108_paths
00236b54 00000034 r _kanji_06106_paths
00236b88 00000030 r _kanji_06103_paths
00236bb8 00000034 r _kanji_06101_paths
00236bec 00000030 r _kanji_06100_paths
00236c1c 00000030 r _kanji_060fb_paths
00236c4c 00000030 r _kanji_060fa_paths
00236c7c 00000030 r _kanji_060f9_paths
00236cac 00000034 r _kanji_060f7_paths
00236ce0 00000030 r _kanji_060f6_paths
00236d10 00000030 r _kanji_060f4_paths
00236d40 00000034 r _kanji_060f3_paths
00236d74 00000030 r _kanji_060f1_paths
00236da4 00000030 r _kanji_060f0_paths
00236dd4 0000002c r _kanji_060e8_paths
00236e00 0000002c r _kanji_060e7_paths
00236e2c 00000030 r _kanji_060e3_paths
00236e5c 00000030 r _kanji_060e1_paths
00236e8c 00000030 r _kanji_060e0_paths
00236ebc 0000002c r _kanji_060df_paths
00236ee8 0000002c r _kanji_060dc_paths
00236f14 0000002c r _kanji_060da_paths
00236f40 0000002c r _kanji_060d8_paths
00236f6c 0000002c r _kanji_060d3_paths
00236f98 00000030 r _kanji_060d1_paths
00236fc8 0000002c r _kanji_060c7_paths
00236ff4 0000002c r _kanji_060c6_paths
00237020 0000002c r _kanji_060c5_paths
0023704c 0000002c r _kanji_060bd_paths
00237078 0000002c r _kanji_060bc_paths
002370a4 0000002c r _kanji_060b8_paths
002370d0 00000030 r _kanji_060b6_paths
00237100 0000002c r _kanji_060b5_paths
0023712c 0000002c r _kanji_060b4_paths
00237158 00000030 r _kanji_060b2_paths
00237188 0000002c r _kanji_060aa_paths
002371b4 00000028 r _kanji_060a9_paths
002371dc 00000028 r _kanji_060a7_paths
00237204 00000028 r _kanji_060a6_paths
0023722c 0000002c r _kanji_060a3_paths
00237258 0000002c r _kanji_060a0_paths
00237284 00000028 r _kanji_0609f_paths
002372ac 00000028 r _kanji_0609b_paths
002372d4 00000028 r _kanji_0609a_paths
002372fc 00000028 r _kanji_06096_paths
00237324 00000024 r _kanji_06094_paths
00237348 00000028 r _kanji_06092_paths
00237370 00000028 r _kanji_0608d_paths
00237398 00000028 r _kanji_0608c_paths
002373c0 00000028 r _kanji_0608b_paths
002373e8 0000002c r _kanji_06089_paths
00237414 00000028 r _kanji_06084_paths
0023743c 00000028 r _kanji_06083_paths
00237464 00000028 r _kanji_06081_paths
0023748c 00000028 r _kanji_06075_paths
002374b4 00000024 r _kanji_06070_paths
002374d8 00000028 r _kanji_0606f_paths
00237500 00000028 r _kanji_0606d_paths
00237528 00000024 r _kanji_0606c_paths
0023754c 00000024 r _kanji_0606b_paths
00237570 00000024 r _kanji_0606a_paths
00237594 00000028 r _kanji_06069_paths
002375bc 00000024 r _kanji_06068_paths
002375e0 00000028 r _kanji_06065_paths
00237608 00000024 r _kanji_06064_paths
0023762c 00000028 r _kanji_06063_paths
00237654 00000024 r _kanji_06062_paths
00237678 00000024 r _kanji_0605f_paths
0023769c 00000028 r _kanji_0605a_paths
002376c4 00000028 r _kanji_06059_paths
002376ec 00000028 r _kanji_06055_paths
00237714 00000024 r _kanji_06052_paths
00237738 00000028 r _kanji_06050_paths
00237760 00000024 r _kanji_0604d_paths
00237784 00000028 r _kanji_0604b_paths
002377ac 00000024 r _kanji_0604a_paths
002377d0 00000024 r _kanji_06046_paths
002377f4 00000024 r _kanji_06043_paths
00237818 00000024 r _kanji_06042_paths
0023783c 00000028 r _kanji_06041_paths
00237864 00000020 r _kanji_0603a_paths
00237884 00000024 r _kanji_06031_paths
002378a8 00000020 r _kanji_0602f_paths
002378c8 00000020 r _kanji_0602b_paths
002378e8 00000020 r _kanji_0602a_paths
00237908 00000020 r _kanji_06029_paths
00237928 00000024 r _kanji_06028_paths
0023794c 00000020 r _kanji_06027_paths
0023796c 00000020 r _kanji_06026_paths
0023798c 00000024 r _kanji_06025_paths
002379b0 00000020 r _kanji_06021_paths
002379d0 00000024 r _kanji_06020_paths
002379f4 00000024 r _kanji_0601d_paths
00237a18 00000020 r _kanji_0601c_paths
00237a38 00000020 r _kanji_0601b_paths
00237a58 00000020 r _kanji_06019_paths
00237a78 00000020 r _kanji_06016_paths
00237a98 00000020 r _kanji_06015_paths
00237ab8 00000024 r _kanji_06012_paths
00237adc 00000020 r _kanji_0600f_paths
00237afc 00000024 r _kanji_0600e_paths
00237b20 00000020 r _kanji_05fff_paths
00237b40 00000020 r _kanji_05ffd_paths
00237b60 0000001c r _kanji_05ffb_paths
00237b7c 0000001c r _kanji_05ff8_paths
00237b98 00000020 r _kanji_05ff5_paths
00237bb8 0000001c r _kanji_05ff1_paths
00237bd4 0000001c r _kanji_05feb_paths
00237bf0 0000001c r _kanji_05fe4_paths
00237c0c 00000020 r _kanji_05fe0_paths
00237c2c 00000020 r _kanji_05fdd_paths
00237c4c 0000001c r _kanji_05fdc_paths
00237c68 00000018 r _kanji_05fd9_paths
00237c80 0000001c r _kanji_05fd8_paths
00237c9c 0000001c r _kanji_05fd7_paths
00237cb8 00000018 r _kanji_05fd6_paths
00237cd0 0000001c r _kanji_05fcd_paths
00237cec 0000001c r _kanji_05fcc_paths
00237d08 00000014 r _kanji_05fc5_paths
00237d1c 00000010 r _kanji_05fc3_paths
00237d2c 00000044 r _kanji_05fbd_paths
00237d70 00000040 r _kanji_05fbc_paths
00237db0 0000003c r _kanji_05fb9_paths
00237dec 00000038 r _kanji_05fb4_paths
00237e24 00000038 r _kanji_05fb3_paths
00237e5c 00000034 r _kanji_05fae_paths
00237e90 00000034 r _kanji_05fad_paths
00237ec4 00000030 r _kanji_05faa_paths
00237ef4 00000030 r _kanji_05fa9_paths
00237f24 00000030 r _kanji_05fa8_paths
00237f54 00000030 r _kanji_05fa1_paths
00237f84 0000002c r _kanji_05f9e_paths
00237fb0 0000002c r _kanji_05f99_paths
00237fdc 0000002c r _kanji_05f98_paths
00238008 0000002c r _kanji_05f97_paths
00238034 00000028 r _kanji_05f93_paths
0023805c 00000028 r _kanji_05f92_paths
00238084 00000028 r _kanji_05f91_paths
002380ac 00000028 r _kanji_05f90_paths
002380d4 00000024 r _kanji_05f8c_paths
002380f8 00000024 r _kanji_05f8b_paths
0023811c 00000024 r _kanji_05f8a_paths
00238140 00000024 r _kanji_05f88_paths
00238164 00000024 r _kanji_05f87_paths
00238188 00000024 r _kanji_05f85_paths
002381ac 00000020 r _kanji_05f84_paths
002381cc 00000020 r _kanji_05f82_paths
002381ec 00000020 r _kanji_05f81_paths
0023820c 00000020 r _kanji_05f80_paths
0023822c 00000020 r _kanji_05f7f_paths
0023824c 00000020 r _kanji_05f7c_paths
0023826c 0000001c r _kanji_05f79_paths
00238288 0000001c r _kanji_05f77_paths
002382a4 0000003c r _kanji_05f71_paths
002382e0 00000038 r _kanji_05f70_paths
00238318 00000030 r _kanji_05f6d_paths
00238348 0000002c r _kanji_05f6c_paths
00238374 0000002c r _kanji_05f6b_paths
002383a0 0000002c r _kanji_05f6a_paths
002383cc 0000002c r _kanji_05f69_paths
002383f8 00000024 r _kanji_05f66_paths
0023841c 0000001c r _kanji_05f62_paths
00238438 00000048 r _kanji_05f5d_paths
00238480 00000034 r _kanji_05f59_paths
002384b4 0000002c r _kanji_05f57_paths
002384e0 00000018 r _kanji_05f53_paths
002384f8 00000058 r _kanji_05f4e_paths
00238550 00000044 r _kanji_05f4c_paths
00238594 00000040 r _kanji_05f4a_paths
002385d4 0000003c r _kanji_05f48_paths
00238610 00000030 r _kanji_05f3e_paths
00238640 00000030 r _kanji_05f3c_paths
00238670 0000002c r _kanji_05f37_paths
0023869c 0000002c r _kanji_05f35_paths
002386c8 00000028 r _kanji_05f31_paths
002386f0 00000024 r _kanji_05f2d_paths
00238714 00000020 r _kanji_05f29_paths
00238734 00000024 r _kanji_05f27_paths
00238758 00000020 r _kanji_05f26_paths
00238778 00000020 r _kanji_05f25_paths
00238798 0000001c r _kanji_05f1f_paths
002387b4 00000018 r _kanji_05f1b_paths
002387cc 00000014 r _kanji_05f18_paths
002387e0 00000014 r _kanji_05f17_paths
002387f4 00000010 r _kanji_05f16_paths
00238804 00000010 r _kanji_05f15_paths
00238814 00000010 r _kanji_05f14_paths
00238824 00000030 r _kanji_05f11_paths
00238854 00000018 r _kanji_05f10_paths
0023886c 00000018 r _kanji_05f0f_paths
00238884 00000014 r _kanji_05f0d_paths
00238898 00000010 r _kanji_05f0c_paths
002388a8 0000003c r _kanji_05f0a_paths
002388e4 0000001c r _kanji_05f04_paths
00238900 00000014 r _kanji_05f01_paths
00238914 00000010 r _kanji_05eff_paths
00238924 00000024 r _kanji_05efb_paths
00238948 00000024 r _kanji_05efa_paths
0023896c 0000001c r _kanji_05ef7_paths
00238988 00000020 r _kanji_05ef6_paths
002389a8 00000064 r _kanji_05ef3_paths
00238a0c 00000054 r _kanji_05ef1_paths
00238a60 0000004c r _kanji_05eec_paths
00238aac 00000040 r _kanji_05ee9_paths
00238aec 00000040 r _kanji_05ee8_paths
00238b2c 0000003c r _kanji_05ee3_paths
00238b68 0000003c r _kanji_05ee2_paths
00238ba4 0000003c r _kanji_05ee1_paths
00238be0 0000003c r _kanji_05ee0_paths
00238c1c 0000003c r _kanji_05edf_paths
00238c58 0000003c r _kanji_05edd_paths
00238c94 0000003c r _kanji_05edb_paths
00238cd0 00000038 r _kanji_05ed6_paths
00238d08 00000038 r _kanji_05ed3_paths
00238d40 00000030 r _kanji_05eca_paths
00238d70 00000034 r _kanji_05ec9_paths
00238da4 00000034 r _kanji_05ec8_paths
00238dd8 00000030 r _kanji_05ec3_paths
00238e08 00000030 r _kanji_05ec2_paths
00238e38 00000030 r _kanji_05ec1_paths
00238e68 0000002c r _kanji_05eb8_paths
00238e94 0000002c r _kanji_05eb7_paths
00238ec0 0000002c r _kanji_05eb6_paths
00238eec 0000002c r _kanji_05eb5_paths
00238f18 00000028 r _kanji_05ead_paths
00238f40 00000028 r _kanji_05eab_paths
00238f68 00000028 r _kanji_05ea7_paths
00238f90 00000024 r _kanji_05ea6_paths
00238fb4 00000024 r _kanji_05ea0_paths
00238fd8 00000020 r _kanji_05e9c_paths
00238ff8 00000020 r _kanji_05e9a_paths
00239018 00000020 r _kanji_05e97_paths
00239038 00000020 r _kanji_05e96_paths
00239058 00000020 r _kanji_05e95_paths
00239078 0000001c r _kanji_05e8f_paths
00239094 0000001c r _kanji_05e8a_paths
002390b0 0000001c r _kanji_05e87_paths
002390cc 00000018 r _kanji_05e84_paths
002390e4 00000014 r _kanji_05e83_paths
002390f8 00000014 r _kanji_05e81_paths
0023910c 00000030 r _kanji_05e7e_paths
0023913c 00000024 r _kanji_05e7d_paths
00239160 00000014 r _kanji_05e7c_paths
00239174 00000010 r _kanji_05e7b_paths
00239184 00000034 r _kanji_05e79_paths
002391b8 00000020 r _kanji_05e78_paths
002391d8 00000018 r _kanji_05e75_paths
002391f0 00000018 r _kanji_05e74_paths
00239208 00000014 r _kanji_05e73_paths
0023921c 0000003c r _kanji_05e63_paths
00239258 0000003c r _kanji_05e62_paths
00239294 0000003c r _kanji_05e61_paths
002392d0 0000003c r _kanji_05e5f_paths
0023930c 00000038 r _kanji_05e57_paths
00239344 00000034 r _kanji_05e55_paths
00239378 00000038 r _kanji_05e54_paths
002393b0 00000034 r _kanji_05e4e_paths
002393e4 00000034 r _kanji_05e4c_paths
00239418 00000030 r _kanji_05e45_paths
00239448 00000030 r _kanji_05e44_paths
00239478 00000030 r _kanji_05e43_paths
002394a8 00000030 r _kanji_05e40_paths
002394d8 00000030 r _kanji_05e3d_paths
00239508 0000002c r _kanji_05e38_paths
00239534 0000002c r _kanji_05e37_paths
00239560 0000002c r _kanji_05e36_paths
0023958c 0000002c r _kanji_05e33_paths
002395b8 00000028 r _kanji_05e30_paths
002395e0 00000028 r _kanji_05e2f_paths
00239608 00000028 r _kanji_05e2d_paths
00239630 00000028 r _kanji_05e2b_paths
00239658 00000024 r _kanji_05e25_paths
0023967c 00000024 r _kanji_05e1d_paths
002396a0 00000020 r _kanji_05e1b_paths
002396c0 00000020 r _kanji_05e1a_paths
002396e0 00000020 r _kanji_05e19_paths
00239700 00000020 r _kanji_05e16_paths
00239720 00000020 r _kanji_05e11_paths
00239740 0000001c r _kanji_05e0c_paths
0023975c 00000018 r _kanji_05e06_paths
00239774 00000014 r _kanji_05e03_paths
00239788 00000014 r _kanji_05e02_paths
0023979c 00000030 r _kanji_05dfd_paths
002397cc 00000024 r _kanji_05dfb_paths
002397f0 00000024 r _kanji_05df7_paths
00239814 00000010 r _kanji_05df4_paths
00239824 00000028 r _kanji_05dee_paths
0023984c 0000001c r _kanji_05deb_paths
00239868 00000014 r _kanji_05de8_paths
0023987c 00000014 r _kanji_05de7_paths
00239890 00000014 r _kanji_05de6_paths
002398a4 0000002c r _kanji_05de3_paths
002398d0 00000018 r _kanji_05de1_paths
002398e8 00000018 r _kanji_05dde_paths
00239900 0000005c r _kanji_05dd6_paths
0023995c 00000058 r _kanji_05dd3_paths
002399b4 00000058 r _kanji_05dd2_paths
00239a0c 00000054 r _kanji_05dcd_paths
00239a60 00000050 r _kanji_05dcc_paths
00239ab0 00000050 r _kanji_05dc9_paths
00239b00 00000044 r _kanji_05dbd_paths
00239b44 00000040 r _kanji_05dbc_paths
00239b84 00000044 r _kanji_05dba_paths
00239bc8 00000044 r _kanji_05db7_paths
00239c0c 00000040 r _kanji_05dae_paths
00239c4c 00000040 r _kanji_05dac_paths
00239c8c 0000003c r _kanji_05da2_paths
00239cc8 0000003c r _kanji_05d9d_paths
00239d04 00000038 r _kanji_05d8b_paths
00239d3c 00000038 r _kanji_05d87_paths
00239d74 00000038 r _kanji_05d84_paths
00239dac 00000038 r _kanji_05d82_paths
00239de4 00000034 r _kanji_05d6f_paths
00239e18 00000034 r _kanji_05d6c_paths
00239e4c 00000034 r _kanji_05d69_paths
00239e80 00000030 r _kanji_05d52_paths
00239eb0 00000030 r _kanji_05d50_paths
00239ee0 00000030 r _kanji_05d4e_paths
00239f10 00000030 r _kanji_05d4c_paths
00239f40 00000030 r _kanji_05d4b_paths
00239f70 0000002c r _kanji_05d29_paths
00239f9c 0000002c r _kanji_05d22_paths
00239fc8 0000002c r _kanji_05d1f_paths
00239ff4 0000002c r _kanji_05d1b_paths
0023a020 0000002c r _kanji_05d1a_paths
0023a04c 0000002c r _kanji_05d19_paths
0023a078 0000002c r _kanji_05d16_paths
0023a0a4 0000002c r _kanji_05d14_paths
0023a0d0 0000002c r _kanji_05d11_paths
0023a0fc 0000002c r _kanji_05d0e_paths
0023a128 0000002c r _kanji_05d07_paths
0023a154 00000028 r _kanji_05cfd_paths
0023a17c 00000028 r _kanji_05cfb_paths
0023a1a4 00000028 r _kanji_05cf6_paths
0023a1cc 00000028 r _kanji_05cf0_paths
0023a1f4 00000020 r _kanji_05cef_paths
0023a214 00000028 r _kanji_05ced_paths
0023a23c 00000028 r _kanji_05cea_paths
0023a264 00000028 r _kanji_05ce8_paths
0023a28c 00000024 r _kanji_05ce1_paths
0023a2b0 00000024 r _kanji_05ce0_paths
0023a2d4 00000024 r _kanji_05cd9_paths
0023a2f8 00000020 r _kanji_05cb8_paths
0023a318 00000020 r _kanji_05cb3_paths
0023a338 00000020 r _kanji_05cb1_paths
0023a358 00000020 r _kanji_05cac_paths
0023a378 00000020 r _kanji_05cab_paths
0023a398 00000020 r _kanji_05ca9_paths
0023a3b8 00000020 r _kanji_05ca8_paths
0023a3d8 00000020 r _kanji_05ca1_paths
0023a3f8 0000001c r _kanji_05c94_paths
0023a414 0000001c r _kanji_05c91_paths
0023a430 0000001c r _kanji_05c90_paths
0023a44c 0000001c r _kanji_05c8c_paths
0023a468 00000018 r _kanji_05c79_paths
0023a480 00000014 r _kanji_05c76_paths
0023a494 00000010 r _kanji_05c6f_paths
0023a4a4 00000054 r _kanji_05c6c_paths
0023a4f8 0000003c r _kanji_05c65_paths
0023a534 00000038 r _kanji_05c64_paths
0023a56c 00000030 r _kanji_05c60_paths
0023a59c 00000030 r _kanji_05c5e_paths
0023a5cc 00000028 r _kanji_05c55_paths
0023a5f4 00000028 r _kanji_05c51_paths
0023a61c 00000024 r _kanji_05c4e_paths
0023a640 00000024 r _kanji_05c4d_paths
0023a664 00000024 r _kanji_05c4b_paths
0023a688 00000020 r _kanji_05c4a_paths
0023a6a8 00000020 r _kanji_05c48_paths
0023a6c8 00000020 r _kanji_05c46_paths
0023a6e8 00000020 r _kanji_05c45_paths
0023a708 0000001c r _kanji_05c41_paths
0023a724 0000001c r _kanji_05c40_paths
0023a740 0000001c r _kanji_05c3f_paths
0023a75c 0000001c r _kanji_05c3e_paths
0023a778 00000018 r _kanji_05c3d_paths
0023a790 00000014 r _kanji_05c3c_paths
0023a7a4 00000014 r _kanji_05c3b_paths
0023a7b8 00000010 r _kanji_05c3a_paths
0023a7c8 00000010 r _kanji_05c39_paths
0023a7d8 00000030 r _kanji_05c31_paths
0023a808 00000020 r _kanji_05c2d_paths
0023a828 0000001c r _kanji_05c28_paths
0023a844 00000010 r _kanji_05c24_paths
0023a854 00000034 r _kanji_05c20_paths
0023a888 00000020 r _kanji_05c1a_paths
0023a8a8 00000018 r _kanji_05c16_paths
0023a8c0 00000010 r _kanji_05c11_paths
0023a8d0 0000003c r _kanji_05c0e_paths
0023a90c 00000038 r _kanji_05c0d_paths
0023a944 00000030 r _kanji_05c0b_paths
0023a974 00000030 r _kanji_05c0a_paths
0023a9a4 0000002c r _kanji_05c09_paths
0023a9d0 0000002c r _kanji_05c08_paths
0023a9fc 0000002c r _kanji_05c07_paths
0023aa28 00000028 r _kanji_05c06_paths
0023aa50 00000028 r _kanji_05c04_paths
0023aa78 00000024 r _kanji_05c02_paths
0023aa9c 00000024 r _kanji_05c01_paths
0023aac0 0000001c r _kanji_05bff_paths
0023aadc 0000001c r _kanji_05bfe_paths
0023aaf8 00000018 r _kanji_05bfa_paths
0023ab10 00000050 r _kanji_05bf6_paths
0023ab60 0000004c r _kanji_05bf5_paths
0023abac 00000040 r _kanji_05bf0_paths
0023abec 0000003c r _kanji_05bee_paths
0023ac28 0000003c r _kanji_05beb_paths
0023ac64 0000003c r _kanji_05be9_paths
0023aca0 00000038 r _kanji_05be8_paths
0023acd8 00000038 r _kanji_05be7_paths
0023ad10 00000038 r _kanji_05be6_paths
0023ad48 00000038 r _kanji_05be5_paths
0023ad80 00000038 r _kanji_05be4_paths
0023adb8 00000038 r _kanji_05be2_paths
0023adf0 00000038 r _kanji_05be1_paths
0023ae28 00000038 r _kanji_05bdf_paths
0023ae60 00000034 r _kanji_05bde_paths
0023ae94 00000034 r _kanji_05bdd_paths
0023aec8 00000034 r _kanji_05bdb_paths
0023aefc 00000030 r _kanji_05bd4_paths
0023af2c 00000030 r _kanji_05bd3_paths
0023af5c 00000030 r _kanji_05bd2_paths
0023af8c 00000030 r _kanji_05bd0_paths
0023afbc 00000030 r _kanji_05bcc_paths
0023afec 0000002c r _kanji_05bc7_paths
0023b018 0000002c r _kanji_05bc6_paths
0023b044 0000002c r _kanji_05bc5_paths
0023b070 0000002c r _kanji_05bc4_paths
0023b09c 0000002c r _kanji_05bc2_paths
0023b0c8 0000002c r _kanji_05bbf_paths
0023b0f4 00000028 r _kanji_05bb9_paths
0023b11c 00000028 r _kanji_05bb8_paths
0023b144 00000028 r _kanji_05bb6_paths
0023b16c 00000028 r _kanji_05bb5_paths
0023b194 00000028 r _kanji_05bb4_paths
0023b1bc 00000028 r _kanji_05bb3_paths
0023b1e4 00000028 r _kanji_05bb0_paths
0023b20c 00000028 r _kanji_05bae_paths
0023b234 00000028 r _kanji_05ba6_paths
0023b25c 00000024 r _kanji_05ba5_paths
0023b280 00000024 r _kanji_05ba4_paths
0023b2a4 00000024 r _kanji_05ba3_paths
0023b2c8 00000024 r _kanji_05ba2_paths
0023b2ec 00000020 r _kanji_05b9f_paths
0023b30c 00000020 r _kanji_05b9d_paths
0023b32c 00000020 r _kanji_05b9c_paths
0023b34c 00000020 r _kanji_05b9b_paths
0023b36c 00000020 r _kanji_05b9a_paths
0023b38c 00000020 r _kanji_05b99_paths
0023b3ac 00000020 r _kanji_05b98_paths
0023b3cc 00000020 r _kanji_05b97_paths
0023b3ec 00000020 r _kanji_05b95_paths
0023b40c 0000001c r _kanji_05b8f_paths
0023b428 0000001c r _kanji_05b8d_paths
0023b444 0000001c r _kanji_05b8c_paths
0023b460 0000001c r _kanji_05b8b_paths
0023b47c 00000018 r _kanji_05b89_paths
0023b494 00000018 r _kanji_05b88_paths
0023b4ac 00000018 r _kanji_05b87_paths
0023b4c4 00000018 r _kanji_05b85_paths
0023b4dc 00000044 r _kanji_05b7a_paths
0023b520 00000040 r _kanji_05b78_paths
0023b560 00000038 r _kanji_05b75_paths
0023b598 00000030 r _kanji_05b71_paths
0023b5c8 0000002c r _kanji_05b70_paths
0023b5f4 00000028 r _kanji_05b6b_paths
0023b61c 00000024 r _kanji_05b69_paths
0023b640 00000020 r _kanji_05b66_paths
0023b660 00000020 r _kanji_05b65_paths
0023b680 00000024 r _kanji_05b64_paths
0023b6a4 00000020 r _kanji_05b63_paths
0023b6c4 00000020 r _kanji_05b5f_paths
0023b6e4 0000001c r _kanji_05b5d_paths
0023b700 0000001c r _kanji_05b5c_paths
0023b71c 0000001c r _kanji_05b5b_paths
0023b738 0000001c r _kanji_05b5a_paths
0023b754 00000018 r _kanji_05b58_paths
0023b76c 00000018 r _kanji_05b57_paths
0023b784 00000014 r _kanji_05b55_paths
0023b798 00000010 r _kanji_05b54_paths
0023b7a8 00000050 r _kanji_05b45_paths
0023b7f8 00000050 r _kanji_05b43_paths
0023b848 00000050 r _kanji_05b40_paths
0023b898 0000004c r _kanji_05b3e_paths
0023b8e4 00000044 r _kanji_05b36_paths
0023b928 00000044 r _kanji_05b32_paths
0023b96c 00000044 r _kanji_05b30_paths
0023b9b0 00000044 r _kanji_05b2c_paths
0023b9f4 00000044 r _kanji_05b2a_paths
0023ba38 00000040 r _kanji_05b22_paths
0023ba78 00000040 r _kanji_05b16_paths
0023bab8 0000003c r _kanji_05b0c_paths
0023baf4 0000003c r _kanji_05b0b_paths
0023bb30 0000003c r _kanji_05b09_paths
0023bb6c 0000003c r _kanji_05afb_paths
0023bba8 0000003c r _kanji_05afa_paths
0023bbe4 00000038 r _kanji_05ae9_paths
0023bc1c 00000038 r _kanji_05ae3_paths
0023bc54 00000038 r _kanji_05ae1_paths
0023bc8c 00000038 r _kanji_05ad7_paths
0023bcc4 00000038 r _kanji_05ad6_paths
0023bcfc 00000034 r _kanji_05acc_paths
0023bd30 00000034 r _kanji_05acb_paths
0023bd64 00000034 r _kanji_05ac9_paths
0023bd98 00000034 r _kanji_05ac1_paths
0023bdcc 00000034 r _kanji_05abd_paths
0023be00 00000034 r _kanji_05abc_paths
0023be34 00000030 r _kanji_05a9b_paths
0023be64 00000030 r _kanji_05a9a_paths
0023be94 00000030 r _kanji_05a92_paths
0023bec4 00000030 r _kanji_05a7f_paths
0023bef4 0000002c r _kanji_05a6c_paths
0023bf20 0000002c r _kanji_05a6a_paths
0023bf4c 0000002c r _kanji_05a66_paths
0023bf78 0000002c r _kanji_05a62_paths
0023bfa4 0000002c r _kanji_05a5a_paths
0023bfd0 0000002c r _kanji_05a49_paths
0023bffc 0000002c r _kanji_05a46_paths
0023c028 0000002c r _kanji_05a41_paths
0023c054 0000002c r _kanji_05a40_paths
0023c080 0000002c r _kanji_05a3c_paths
0023c0ac 0000002c r _kanji_05a36_paths
0023c0d8 0000002c r _kanji_05a35_paths
0023c104 00000028 r _kanji_05a2f_paths
0023c12c 00000028 r _kanji_05a29_paths
0023c154 00000028 r _kanji_05a25_paths
0023c17c 00000028 r _kanji_05a20_paths
0023c1a4 00000028 r _kanji_05a1f_paths
0023c1cc 00000028 r _kanji_05a18_paths
0023c1f4 00000028 r _kanji_05a11_paths
0023c21c 00000028 r _kanji_05a09_paths
0023c244 00000024 r _kanji_05a03_paths
0023c268 00000024 r _kanji_05a01_paths
0023c28c 00000024 r _kanji_059ff_paths
0023c2b0 00000024 r _kanji_059fb_paths
0023c2d4 00000024 r _kanji_059f6_paths
0023c2f8 00000028 r _kanji_059eb_paths
0023c320 00000024 r _kanji_059ea_paths
0023c344 00000024 r _kanji_059e8_paths
0023c368 00000024 r _kanji_059e6_paths
0023c38c 00000024 r _kanji_059e5_paths
0023c3b0 00000024 r _kanji_059dc_paths
0023c3d4 00000024 r _kanji_059da_paths
0023c3f8 00000024 r _kanji_059d9_paths
0023c41c 00000020 r _kanji_059d4_paths
0023c43c 00000020 r _kanji_059d3_paths
0023c45c 00000020 r _kanji_059d1_paths
0023c47c 00000020 r _kanji_059d0_paths
0023c49c 00000020 r _kanji_059cb_paths
0023c4bc 00000020 r _kanji_059c9_paths
0023c4dc 00000020 r _kanji_059c6_paths
0023c4fc 00000020 r _kanji_059be_paths
0023c51c 00000020 r _kanji_059bb_paths
0023c53c 00000020 r _kanji_059b9_paths
0023c55c 00000020 r _kanji_059b2_paths
0023c57c 00000020 r _kanji_059ac_paths
0023c59c 0000001c r _kanji_059a8_paths
0023c5b8 0000001c r _kanji_059a5_paths
0023c5d4 0000001c r _kanji_059a3_paths
0023c5f0 0000001c r _kanji_0599d_paths
0023c60c 0000001c r _kanji_05999_paths
0023c628 0000001c r _kanji_05996_paths
0023c644 0000001c r _kanji_05993_paths
0023c660 0000001c r _kanji_0598a_paths
0023c67c 00000018 r _kanji_05984_paths
0023c694 00000018 r _kanji_05983_paths
0023c6ac 00000018 r _kanji_05982_paths
0023c6c4 00000018 r _kanji_0597d_paths
0023c6dc 00000018 r _kanji_05978_paths
0023c6f4 00000014 r _kanji_05974_paths
0023c708 00000040 r _kanji_0596e_paths
0023c748 00000038 r _kanji_0596c_paths
0023c780 00000038 r _kanji_0596a_paths
0023c7b8 00000034 r _kanji_05968_paths
0023c7ec 00000034 r _kanji_05967_paths
0023c820 00000030 r _kanji_05965_paths
0023c850 00000030 r _kanji_05962_paths
0023c880 00000030 r _kanji_05960_paths
0023c8b0 00000028 r _kanji_0595a_paths
0023c8d8 00000028 r _kanji_05958_paths
0023c900 00000028 r _kanji_05957_paths
0023c928 00000024 r _kanji_05955_paths
0023c94c 00000020 r _kanji_05954_paths
0023c96c 00000024 r _kanji_05951_paths
0023c990 00000024 r _kanji_05950_paths
0023c9b4 00000024 r _kanji_0594f_paths
0023c9d8 00000024 r _kanji_0594e_paths
0023c9fc 00000020 r _kanji_05949_paths
0023ca1c 00000020 r _kanji_05948_paths
0023ca3c 00000020 r _kanji_05947_paths
0023ca5c 00000020 r _kanji_05944_paths
0023ca7c 0000001c r _kanji_0593e_paths
0023ca98 00000018 r _kanji_05938_paths
0023cab0 00000018 r _kanji_05937_paths
0023cac8 00000014 r _kanji_05932_paths
0023cadc 00000014 r _kanji_05931_paths
0023caf0 00000014 r _kanji_0592e_paths
0023cb04 00000010 r _kanji_0592d_paths
0023cb14 00000010 r _kanji_0592c_paths
0023cb24 00000010 r _kanji_0592b_paths
0023cb34 00000010 r _kanji_0592a_paths
0023cb44 00000010 r _kanji_05929_paths
0023cb54 00000038 r _kanji_05925_paths
0023cb8c 00000034 r _kanji_05922_paths
0023cbc0 00000020 r _kanji_0591c_paths
0023cbe0 00000018 r _kanji_0591a_paths
0023cbf8 00000018 r _kanji_05919_paths
0023cc10 00000014 r _kanji_05916_paths
0023cc24 00000028 r _kanji_0590f_paths
0023cc4c 00000024 r _kanji_05909_paths
0023cc70 00000038 r _kanji_058fd_paths
0023cca8 00000034 r _kanji_058fc_paths
0023ccdc 00000030 r _kanji_058fb_paths
0023cd0c 00000030 r _kanji_058fa_paths
0023cd3c 00000030 r _kanji_058f9_paths
0023cd6c 0000001c r _kanji_058f2_paths
0023cd88 0000001c r _kanji_058f1_paths
0023cda4 0000001c r _kanji_058f0_paths
0023cdc0 0000001c r _kanji_058ef_paths
0023cddc 00000018 r _kanji_058ee_paths
0023cdf4 00000010 r _kanji_058ec_paths
0023ce04 00000050 r _kanji_058e4_paths
0023ce54 0000004c r _kanji_058df_paths
0023cea0 0000004c r _kanji_058de_paths
0023ceec 0000004c r _kanji_058dc_paths
0023cf38 00000048 r _kanji_058d9_paths
0023cf80 00000048 r _kanji_058d8_paths
0023cfc8 00000044 r _kanji_058d5_paths
0023d00c 00000044 r _kanji_058d3_paths
0023d050 00000044 r _kanji_058d1_paths
0023d094 00000040 r _kanji_058cc_paths
0023d0d4 00000040 r _kanji_058ca_paths
0023d114 00000040 r _kanji_058c7_paths
0023d154 00000040 r _kanji_058c5_paths
0023d194 00000040 r _kanji_058c1_paths
0023d1d4 00000040 r _kanji_058be_paths
0023d214 0000003c r _kanji_058b3_paths
0023d250 0000003c r _kanji_058ae_paths
0023d28c 00000038 r _kanji_058a8_paths
0023d2c4 0000003c r _kanji_0589f_paths
0023d300 0000003c r _kanji_0589c_paths
0023d33c 00000038 r _kanji_05897_paths
0023d374 00000034 r _kanji_05893_paths
0023d3a8 00000038 r _kanji_05885_paths
0023d3e0 00000038 r _kanji_05883_paths
0023d418 00000038 r _kanji_0587e_paths
0023d450 00000038 r _kanji_05879_paths
0023d488 00000038 r _kanji_05875_paths
0023d4c0 00000034 r _kanji_05869_paths
0023d4f4 00000034 r _kanji_05861_paths
0023d528 00000034 r _kanji_0585e_paths
0023d55c 00000030 r _kanji_0585a_paths
0023d58c 00000034 r _kanji_05859_paths
0023d5c0 00000034 r _kanji_05857_paths
0023d5f4 00000030 r _kanji_05854_paths
0023d624 00000034 r _kanji_05852_paths
0023d658 00000034 r _kanji_05851_paths
0023d68c 00000034 r _kanji_0584b_paths
0023d6c0 00000034 r _kanji_0584a_paths
0023d6f4 00000030 r _kanji_05841_paths
0023d724 00000030 r _kanji_05840_paths
0023d754 00000030 r _kanji_0583a_paths
0023d784 00000030 r _kanji_05835_paths
0023d7b4 00000030 r _kanji_05834_paths
0023d7e4 00000030 r _kanji_05831_paths
0023d814 00000030 r _kanji_05830_paths
0023d844 00000030 r _kanji_0582f_paths
0023d874 00000030 r _kanji_0582a_paths
0023d8a4 00000030 r _kanji_05824_paths
0023d8d4 00000030 r _kanji_05821_paths
0023d904 00000030 r _kanji_0581d_paths
0023d934 00000030 r _kanji_05815_paths
0023d964 0000002c r _kanji_0580a_paths
0023d990 0000002c r _kanji_05806_paths
0023d9bc 00000030 r _kanji_05805_paths
0023d9ec 0000002c r _kanji_05802_paths
0023da18 0000002c r _kanji_05800_paths
0023da44 0000002c r _kanji_057fc_paths
0023da70 0000002c r _kanji_057fa_paths
0023da9c 0000002c r _kanji_057f9_paths
0023dac8 0000002c r _kanji_057f7_paths
0023daf4 0000002c r _kanji_057f4_paths
0023db20 0000002c r _kanji_057e0_paths
0023db4c 0000002c r _kanji_057df_paths
0023db78 00000028 r _kanji_057d2_paths
0023dba0 00000024 r _kanji_057ce_paths
0023dbc4 00000028 r _kanji_057cb_paths
0023dbec 00000028 r _kanji_057c6_paths
0023dc14 00000028 r _kanji_057c3_paths
0023dc3c 00000024 r _kanji_057a4_paths
0023dc60 00000024 r _kanji_057a3_paths
0023dc84 00000024 r _kanji_057a2_paths
0023dca8 00000024 r _kanji_057a0_paths
0023dccc 00000024 r _kanji_05793_paths
0023dcf0 00000024 r _kanji_0578b_paths
0023dd14 00000020 r _kanji_05782_paths
0023dd34 00000020 r _kanji_0577f_paths
0023dd54 00000020 r _kanji_0576a_paths
0023dd74 00000020 r _kanji_05769_paths
0023dd94 00000020 r _kanji_05766_paths
0023ddb4 00000020 r _kanji_05764_paths
0023ddd4 00000020 r _kanji_05761_paths
0023ddf4 0000001c r _kanji_05751_paths
0023de10 0000001c r _kanji_05750_paths
0023de2c 0000001c r _kanji_0574f_paths
0023de48 0000001c r _kanji_0574e_paths
0023de64 0000001c r _kanji_0574a_paths
0023de80 0000001c r _kanji_05747_paths
0023de9c 0000001c r _kanji_05742_paths
0023deb8 0000001c r _kanji_05740_paths
0023ded4 0000001c r _kanji_0573b_paths
0023def0 00000018 r _kanji_05730_paths
0023df08 00000018 r _kanji_0572d_paths
0023df20 00000018 r _kanji_05728_paths
0023df38 00000014 r _kanji_05727_paths
0023df4c 00000014 r _kanji_05726_paths
0023df60 00000040 r _kanji_0571c_paths
0023dfa0 00000038 r _kanji_05718_paths
0023dfd8 00000038 r _kanji_05716_paths
0023e010 00000034 r _kanji_05713_paths
0023e044 00000034 r _kanji_05712_paths
0023e078 00000030 r _kanji_0570f_paths
0023e0a8 00000030 r _kanji_0570d_paths
0023e0d8 0000002c r _kanji_0570b_paths
0023e104 0000002c r _kanji_05709_paths
0023e130 0000002c r _kanji_05708_paths
0023e15c 00000028 r _kanji_05704_paths
0023e184 00000028 r _kanji_05703_paths
0023e1ac 00000024 r _kanji_056ff_paths
0023e1d0 00000020 r _kanji_056fd_paths
0023e1f0 00000020 r _kanji_056fa_paths
0023e210 00000020 r _kanji_056f9_paths
0023e230 0000001c r _kanji_056f3_paths
0023e24c 0000001c r _kanji_056f2_paths
0023e268 0000001c r _kanji_056f0_paths
0023e284 00000018 r _kanji_056e3_paths
0023e29c 00000018 r _kanji_056e0_paths
0023e2b4 00000018 r _kanji_056de_paths
0023e2cc 00000014 r _kanji_056db_paths
0023e2e0 00000014 r _kanji_056da_paths
0023e2f4 00000060 r _kanji_056d1_paths
0023e354 00000054 r _kanji_056c8_paths
0023e3a8 00000054 r _kanji_056c3_paths
0023e3fc 00000054 r _kanji_056c2_paths
0023e450 00000054 r _kanji_056c1_paths
0023e4a4 00000054 r _kanji_056c0_paths
0023e4f8 00000054 r _kanji_056bc_paths
0023e54c 00000050 r _kanji_056b6_paths
0023e59c 00000050 r _kanji_056b4_paths
0023e5ec 0000004c r _kanji_056ae_paths
0023e638 0000004c r _kanji_056a5_paths
0023e684 00000048 r _kanji_056a0_paths
0023e6cc 00000048 r _kanji_05694_paths
0023e714 00000044 r _kanji_0568a_paths
0023e758 00000044 r _kanji_05687_paths
0023e79c 00000040 r _kanji_05686_paths
0023e7dc 00000044 r _kanji_05680_paths
0023e820 00000040 r _kanji_0567a_paths
0023e860 00000040 r _kanji_05678_paths
0023e8a0 0000003c r _kanji_05674_paths
0023e8dc 00000040 r _kanji_0566c_paths
0023e91c 00000040 r _kanji_0566b_paths
0023e95c 00000040 r _kanji_0566a_paths
0023e99c 0000003c r _kanji_05668_paths
0023e9d8 00000040 r _kanji_05664_paths
0023ea18 0000003c r _kanji_05653_paths
0023ea54 0000003c r _kanji_0564e_paths
0023ea90 0000003c r _kanji_0564c_paths
0023eacc 0000003c r _kanji_05642_paths
0023eb08 0000003c r _kanji_05638_paths
0023eb44 0000003c r _kanji_05636_paths
0023eb80 00000040 r _kanji_05634_paths
0023ebc0 0000003c r _kanji_05632_paths
0023ebfc 0000003c r _kanji_05631_paths
0023ec38 00000040 r _kanji_0562f_paths
0023ec78 00000034 r _kanji_05629_paths
0023ecac 00000038 r _kanji_0561b_paths
0023ece4 00000038 r _kanji_05617_paths
0023ed1c 00000038 r _kanji_05616_paths
0023ed54 00000038 r _kanji_05614_paths
0023ed8c 00000038 r _kanji_05609_paths
0023edc4 00000034 r _kanji_05606_paths
0023edf8 00000038 r _kanji_055fe_paths
0023ee30 00000038 r _kanji_055fd_paths
0023ee68 00000038 r _kanji_055f7_paths
0023eea0 00000034 r _kanji_055e4_paths
0023eed4 00000034 r _kanji_055e3_paths
0023ef08 00000034 r _kanji_055df_paths
0023ef3c 00000034 r _kanji_055dc_paths
0023ef70 00000034 r _kanji_055da_paths
0023efa4 00000034 r _kanji_055d4_paths
0023efd8 00000034 r _kanji_055c7_paths
0023f00c 00000034 r _kanji_055c5_paths
0023f040 00000034 r _kanji_055c4_paths
0023f074 00000030 r _kanji_055b6_paths
0023f0a4 00000030 r _kanji_055b0_paths
0023f0d4 00000030 r _kanji_055ae_paths
0023f104 00000030 r _kanji_055ac_paths
0023f134 00000030 r _kanji_055ab_paths
0023f164 00000030 r _kanji_055aa_paths
0023f194 00000030 r _kanji_055a9_paths
0023f1c4 00000030 r _kanji_055a8_paths
0023f1f4 00000030 r _kanji_055a7_paths
0023f224 00000030 r _kanji_0559f_paths
0023f254 00000030 r _kanji_0559e_paths
0023f284 0000002c r _kanji_0559d_paths
0023f2b0 00000030 r _kanji_0559c_paths
0023f2e0 00000030 r _kanji_0559a_paths
0023f310 00000030 r _kanji_05599_paths
0023f340 00000030 r _kanji_05598_paths
0023f370 00000030 r _kanji_0558b_paths
0023f3a0 00000030 r _kanji_0558a_paths
0023f3d0 00000030 r _kanji_05589_paths
0023f400 00000030 r _kanji_05587_paths
0023f430 00000030 r _kanji_05584_paths
0023f460 00000030 r _kanji_05583_paths
0023f490 00000030 r _kanji_05580_paths
0023f4c0 00000030 r _kanji_0557e_paths
0023f4f0 00000030 r _kanji_0557c_paths
0023f520 00000030 r _kanji_0557b_paths
0023f550 00000030 r _kanji_05563_paths
0023f580 0000002c r _kanji_0555c_paths
0023f5ac 0000002c r _kanji_05556_paths
0023f5d8 0000002c r _kanji_05553_paths
0023f604 0000002c r _kanji_0554f_paths
0023f630 0000002c r _kanji_05546_paths
0023f65c 0000002c r _kanji_05545_paths
0023f688 00000028 r _kanji_05544_paths
0023f6b0 0000002c r _kanji_05540_paths
0023f6dc 0000002c r _kanji_0553e_paths
0023f708 0000002c r _kanji_05538_paths
0023f734 0000002c r _kanji_05531_paths
0023f760 0000002c r _kanji_0552f_paths
0023f78c 0000002c r _kanji_0552e_paths
0023f7b8 00000028 r _kanji_05514_paths
0023f7e0 00000028 r _kanji_05510_paths
0023f808 00000028 r _kanji_0550f_paths
0023f830 00000028 r _kanji_05507_paths
0023f858 00000028 r _kanji_05506_paths
0023f880 00000028 r _kanji_05504_paths
0023f8a8 00000028 r _kanji_054fd_paths
0023f8d0 00000028 r _kanji_054fa_paths
0023f8f8 00000028 r _kanji_054f2_paths
0023f920 00000028 r _kanji_054ee_paths
0023f948 00000028 r _kanji_054ed_paths
0023f970 00000028 r _kanji_054e9_paths
0023f998 00000028 r _kanji_054e8_paths
0023f9c0 00000028 r _kanji_054e6_paths
0023f9e8 00000028 r _kanji_054e5_paths
0023fa10 00000028 r _kanji_054e2_paths
0023fa38 00000028 r _kanji_054e1_paths
0023fa60 00000024 r _kanji_054c9_paths
0023fa84 00000024 r _kanji_054c8_paths
0023faa8 00000024 r _kanji_054c7_paths
0023facc 00000024 r _kanji_054c4_paths
0023faf0 00000024 r _kanji_054c2_paths
0023fb14 00000024 r _kanji_054c1_paths
0023fb38 00000024 r _kanji_054c0_paths
0023fb5c 00000024 r _kanji_054bd_paths
0023fb80 00000024 r _kanji_054b8_paths
0023fba4 00000024 r _kanji_054b3_paths
0023fbc8 00000024 r _kanji_054b2_paths
0023fbec 00000024 r _kanji_054ac_paths
0023fc10 00000024 r _kanji_054ab_paths
0023fc34 00000024 r _kanji_054a8_paths
0023fc58 00000024 r _kanji_054a5_paths
0023fc7c 00000024 r _kanji_054a4_paths
0023fca0 00000024 r _kanji_054a2_paths
0023fcc4 00000020 r _kanji_05490_paths
0023fce4 00000020 r _kanji_0548f_paths
0023fd04 00000020 r _kanji_0548e_paths
0023fd24 00000020 r _kanji_0548c_paths
0023fd44 00000020 r _kanji_05486_paths
0023fd64 00000020 r _kanji_05484_paths
0023fd84 00000020 r _kanji_05480_paths
0023fda4 00000020 r _kanji_0547d_paths
0023fdc4 00000020 r _kanji_0547c_paths
0023fde4 00000020 r _kanji_0547b_paths
0023fe04 00000020 r _kanji_05477_paths
0023fe24 00000020 r _kanji_05476_paths
0023fe44 00000020 r _kanji_05475_paths
0023fe64 00000020 r _kanji_05473_paths
0023fe84 00000020 r _kanji_05470_paths
0023fea4 00000020 r _kanji_0546a_paths
0023fec4 00000020 r _kanji_05468_paths
0023fee4 00000020 r _kanji_0545f_paths
0023ff04 0000001c r _kanji_0544e_paths
0023ff20 0000001c r _kanji_0544a_paths
0023ff3c 0000001c r _kanji_05449_paths
0023ff58 0000001c r _kanji_05448_paths
0023ff74 0000001c r _kanji_05446_paths
0023ff90 0000001c r _kanji_05442_paths
0023ffac 0000001c r _kanji_0543e_paths
0023ffc8 0000001c r _kanji_0543d_paths
0023ffe4 0000001c r _kanji_0543c_paths
00240000 0000001c r _kanji_0543b_paths
0024001c 0000001c r _kanji_05439_paths
00240038 00000018 r _kanji_05438_paths
00240050 0000001c r _kanji_05436_paths
0024006c 0000001c r _kanji_0542e_paths
00240088 0000001c r _kanji_0542d_paths
002400a4 0000001c r _kanji_0542c_paths
002400c0 0000001c r _kanji_0542b_paths
002400dc 0000001c r _kanji_05429_paths
002400f8 0000001c r _kanji_05426_paths
00240114 0000001c r _kanji_05420_paths
00240130 0000001c r _kanji_0541f_paths
0024014c 0000001c r _kanji_0541e_paths
00240168 0000001c r _kanji_0541d_paths
00240184 0000001c r _kanji_0541b_paths
002401a0 00000018 r _kanji_05411_paths
002401b8 00000018 r _kanji_05410_paths
002401d0 00000018 r _kanji_0540f_paths
002401e8 00000018 r _kanji_0540e_paths
00240200 00000018 r _kanji_0540d_paths
00240218 00000018 r _kanji_0540c_paths
00240230 00000018 r _kanji_0540b_paths
00240248 00000018 r _kanji_0540a_paths
00240260 00000018 r _kanji_05409_paths
00240278 00000018 r _kanji_05408_paths
00240290 00000018 r _kanji_05404_paths
002402a8 00000018 r _kanji_05403_paths
002402c0 00000018 r _kanji_05401_paths
002402d8 00000014 r _kanji_053fa_paths
002402ec 00000014 r _kanji_053f8_paths
00240300 00000014 r _kanji_053f7_paths
00240314 00000014 r _kanji_053f6_paths
00240328 00000014 r _kanji_053f3_paths
0024033c 00000014 r _kanji_053f2_paths
00240350 00000014 r _kanji_053f1_paths
00240364 00000014 r _kanji_053f0_paths
00240378 00000014 r _kanji_053ef_paths
0024038c 00000014 r _kanji_053ee_paths
002403a0 00000014 r _kanji_053ed_paths
002403b4 00000014 r _kanji_053ec_paths
002403c8 00000018 r _kanji_053eb_paths
002403e0 00000014 r _kanji_053ea_paths
002403f4 00000014 r _kanji_053e9_paths
00240408 00000014 r _kanji_053e8_paths
0024041c 00000014 r _kanji_053e5_paths
00240430 00000014 r _kanji_053e4_paths
00240444 00000048 r _kanji_053e2_paths
0024048c 00000040 r _kanji_053e1_paths
002404cc 00000028 r _kanji_053df_paths
002404f4 00000024 r _kanji_053db_paths
00240518 00000024 r _kanji_053d9_paths
0024053c 00000020 r _kanji_053d7_paths
0024055c 00000020 r _kanji_053d6_paths
0024057c 00000020 r _kanji_053d4_paths
0024059c 00000010 r _kanji_053ce_paths
002405ac 00000010 r _kanji_053cd_paths
002405bc 00000010 r _kanji_053cc_paths
002405cc 00000010 r _kanji_053cb_paths
002405dc 00000034 r _kanji_053c3_paths
00240610 00000020 r _kanji_053c2_paths
00240630 00000014 r _kanji_053bb_paths
00240644 00000044 r _kanji_053b3_paths
00240688 00000038 r _kanji_053ad_paths
002406c0 00000038 r _kanji_053a9_paths
002406f8 00000030 r _kanji_053a8_paths
00240728 00000030 r _kanji_053a5_paths
00240758 00000028 r _kanji_0539f_paths
00240780 00000024 r _kanji_0539a_paths
002407a4 00000024 r _kanji_05398_paths
002407c8 00000024 r _kanji_05396_paths
002407ec 00000010 r _kanji_05384_paths
002407fc 00000030 r _kanji_0537f_paths
0024082c 00000024 r _kanji_05378_paths
00240850 00000020 r _kanji_05377_paths
00240870 0000001c r _kanji_05375_paths
0024088c 0000001c r _kanji_05374_paths
002408a8 0000001c r _kanji_05373_paths
002408c4 00000018 r _kanji_05371_paths
002408dc 00000018 r _kanji_05370_paths
002408f4 00000014 r _kanji_0536f_paths
00240908 00000014 r _kanji_0536e_paths
0024091c 00000020 r _kanji_05366_paths
0024093c 00000014 r _kanji_05360_paths
00240950 00000030 r _kanji_0535a_paths
00240980 00000024 r _kanji_05358_paths
002409a4 00000024 r _kanji_05357_paths
002409c8 00000020 r _kanji_05354_paths
002409e8 00000020 r _kanji_05353_paths
00240a08 00000020 r _kanji_05352_paths
00240a28 00000024 r _kanji_05351_paths
00240a4c 00000018 r _kanji_0534d_paths
00240a64 00000014 r _kanji_0534a_paths
00240a78 00000014 r _kanji_05349_paths
00240a8c 00000010 r _kanji_05348_paths
00240a9c 00000010 r _kanji_05347_paths
00240aac 00000010 r _kanji_05345_paths
00240abc 0000002c r _kanji_05340_paths
00240ae8 00000028 r _kanji_0533f_paths
00240b10 0000001c r _kanji_0533b_paths
00240b2c 00000010 r _kanji_0533a_paths
00240b3c 00000010 r _kanji_05339_paths
00240b4c 0000003c r _kanji_05333_paths
00240b88 00000038 r _kanji_05331_paths
00240bc0 00000034 r _kanji_0532f_paths
00240bf4 00000028 r _kanji_0532a_paths
00240c1c 0000001c r _kanji_05323_paths
00240c38 00000018 r _kanji_05321_paths
00240c50 00000018 r _kanji_05320_paths
00240c68 00000014 r _kanji_0531d_paths
00240c7c 0000002c r _kanji_05319_paths
00240ca8 00000014 r _kanji_05317_paths
00240cbc 00000010 r _kanji_05316_paths
00240ccc 0000002c r _kanji_05310_paths
00240cf8 0000002c r _kanji_0530f_paths
00240d24 00000024 r _kanji_0530d_paths
00240d48 00000018 r _kanji_05308_paths
00240d60 00000014 r _kanji_05306_paths
00240d74 00000014 r _kanji_05305_paths
00240d88 00000010 r _kanji_05302_paths
00240d98 00000010 r _kanji_05301_paths
00240da8 00000010 r _kanji_052ff_paths
00240db8 00000010 r _kanji_052fe_paths
00240dc8 0000004c r _kanji_052f8_paths
00240e14 00000040 r _kanji_052f5_paths
00240e54 00000040 r _kanji_052f3_paths
00240e94 0000003c r _kanji_052f2_paths
00240ed0 00000034 r _kanji_052e7_paths
00240f04 00000034 r _kanji_052e6_paths
00240f38 00000030 r _kanji_052e4_paths
00240f68 00000034 r _kanji_052e3_paths
00240f9c 00000034 r _kanji_052e2_paths
00240fd0 00000034 r _kanji_052e0_paths
00241004 00000030 r _kanji_052df_paths
00241034 00000030 r _kanji_052de_paths
00241064 00000030 r _kanji_052dd_paths
00241094 0000002c r _kanji_052d9_paths
002410c0 0000002c r _kanji_052d8_paths
002410ec 0000002c r _kanji_052d5_paths
00241118 0000002c r _kanji_052d2_paths
00241144 00000028 r _kanji_052cd_paths
0024116c 00000028 r _kanji_052c9_paths
00241194 00000024 r _kanji_052c7_paths
002411b8 00000024 r _kanji_052c5_paths
002411dc 00000024 r _kanji_052c3_paths
00241200 00000024 r _kanji_052c1_paths
00241224 00000020 r _kanji_052be_paths
00241244 00000020 r _kanji_052bc_paths
00241264 00000020 r _kanji_052b9_paths
00241284 0000001c r _kanji_052b4_paths
002412a0 0000001c r _kanji_052b1_paths
002412bc 0000001c r _kanji_052ad_paths
002412d8 0000001c r _kanji_052ac_paths
002412f4 0000001c r _kanji_052ab_paths
00241310 0000001c r _kanji_052aa_paths
0024132c 0000001c r _kanji_052a9_paths
00241348 00000018 r _kanji_052a3_paths
00241360 00000014 r _kanji_052a0_paths
00241374 00000014 r _kanji_0529f_paths
00241388 00000040 r _kanji_05291_paths
002413c8 0000003c r _kanji_0528d_paths
00241404 0000003c r _kanji_05289_paths
00241440 0000003c r _kanji_05288_paths
0024147c 0000003c r _kanji_05287_paths
002414b8 00000038 r _kanji_05283_paths
002414f0 00000034 r _kanji_0527f_paths
00241524 00000034 r _kanji_0527d_paths
00241558 00000030 r _kanji_05275_paths
00241588 00000030 r _kanji_05274_paths
002415b8 0000002c r _kanji_05273_paths
002415e4 00000030 r _kanji_05272_paths
00241614 0000002c r _kanji_05270_paths
00241640 0000002c r _kanji_0526f_paths
0024166c 0000002c r _kanji_0526a_paths
00241698 00000030 r _kanji_05269_paths
002416c8 00000028 r _kanji_05264_paths
002416f0 00000028 r _kanji_05263_paths
00241718 00000028 r _kanji_0525e_paths
00241740 00000028 r _kanji_0525d_paths
00241768 00000028 r _kanji_0525b_paths
00241790 00000028 r _kanji_05256_paths
002417b8 00000028 r _kanji_05254_paths
002417e0 00000024 r _kanji_0524d_paths
00241804 00000024 r _kanji_0524c_paths
00241828 00000024 r _kanji_0524b_paths
0024184c 00000024 r _kanji_0524a_paths
00241870 00000024 r _kanji_05247_paths
00241894 00000024 r _kanji_05244_paths
002418b8 00000024 r _kanji_05243_paths
002418dc 00000020 r _kanji_0523b_paths
002418fc 00000020 r _kanji_0523a_paths
0024191c 00000020 r _kanji_05239_paths
0024193c 00000020 r _kanji_05238_paths
0024195c 00000020 r _kanji_05237_paths
0024197c 00000020 r _kanji_05236_paths
0024199c 00000020 r _kanji_05233_paths
002419bc 00000020 r _kanji_05230_paths
002419dc 00000020 r _kanji_0522e_paths
002419fc 0000001c r _kanji_0522a_paths
00241a18 0000001c r _kanji_05229_paths
00241a34 0000001c r _kanji_05225_paths
00241a50 0000001c r _kanji_05224_paths
00241a6c 0000001c r _kanji_0521d_paths
00241a88 00000018 r _kanji_05217_paths
00241aa0 00000018 r _kanji_05214_paths
00241ab8 00000018 r _kanji_05211_paths
00241ad0 00000018 r _kanji_0520e_paths
00241ae8 00000014 r _kanji_0520b_paths
00241afc 00000014 r _kanji_0520a_paths
00241b10 00000010 r _kanji_05208_paths
00241b20 00000010 r _kanji_05207_paths
00241b30 00000010 r _kanji_05206_paths
00241b40 00000020 r _kanji_051fd_paths
00241b60 00000014 r _kanji_051fa_paths
00241b74 00000014 r _kanji_051f9_paths
00241b88 00000014 r _kanji_051f8_paths
00241b9c 00000010 r _kanji_051f6_paths
00241bac 00000030 r _kanji_051f1_paths
00241bdc 0000002c r _kanji_051f0_paths
00241c08 00000020 r _kanji_051ed_paths
00241c28 00000018 r _kanji_051ea_paths
00241c40 00000018 r _kanji_051e9_paths
00241c58 00000014 r _kanji_051e7_paths
00241c6c 00000014 r _kanji_051e6_paths
00241c80 00000040 r _kanji_051dd_paths
00241cc0 0000003c r _kanji_051dc_paths
00241cfc 00000028 r _kanji_051cd_paths
00241d24 00000028 r _kanji_051cc_paths
00241d4c 00000028 r _kanji_051c6_paths
00241d74 00000028 r _kanji_051c5_paths
00241d9c 00000028 r _kanji_051c4_paths
00241dc4 00000020 r _kanji_051bd_paths
00241de4 0000001c r _kanji_051b7_paths
00241e00 0000001c r _kanji_051b6_paths
00241e1c 0000001c r _kanji_051b4_paths
00241e38 00000018 r _kanji_051b1_paths
00241e50 00000014 r _kanji_051ac_paths
00241e64 0000003c r _kanji_051aa_paths
00241ea0 00000028 r _kanji_051a5_paths
00241ec8 00000028 r _kanji_051a4_paths
00241ef0 00000028 r _kanji_051a2_paths
00241f18 00000024 r _kanji_051a0_paths
00241f3c 00000014 r _kanji_05199_paths
00241f50 00000010 r _kanji_05197_paths
00241f60 0000002c r _kanji_05195_paths
00241f8c 00000024 r _kanji_05192_paths
00241fb0 00000024 r _kanji_05191_paths
00241fd4 0000001c r _kanji_0518f_paths
00241ff0 00000018 r _kanji_0518d_paths
00242008 00000014 r _kanji_0518c_paths
0024201c 00000014 r _kanji_0518a_paths
00242030 00000010 r _kanji_05186_paths
00242040 00000010 r _kanji_05185_paths
00242050 00000040 r _kanji_05180_paths
00242090 00000028 r _kanji_0517c_paths
002420b8 00000020 r _kanji_05178_paths
002420d8 00000020 r _kanji_05177_paths
002420f8 00000020 r _kanji_05176_paths
00242118 0000001c r _kanji_05175_paths
00242134 00000018 r _kanji_05171_paths
0024214c 00000010 r _kanji_0516d_paths
0024215c 00000010 r _kanji_0516c_paths
0024216c 00000024 r _kanji_0516a_paths
00242190 00000020 r _kanji_05169_paths
002421b0 00000018 r _kanji_05168_paths
002421c8 00000038 r _kanji_05162_paths
00242200 0000002c r _kanji_0515c_paths
0024222c 00000028 r _kanji_0515a_paths
00242254 00000020 r _kanji_05152_paths
00242274 0000001c r _kanji_05150_paths
00242290 0000001c r _kanji_0514e_paths
002422ac 00000020 r _kanji_0514d_paths
002422cc 0000001c r _kanji_0514c_paths
002422e8 0000001c r _kanji_0514b_paths
00242304 00000018 r _kanji_05149_paths
0024231c 00000018 r _kanji_05148_paths
00242334 00000018 r _kanji_05147_paths
0024234c 00000018 r _kanji_05146_paths
00242364 00000018 r _kanji_05145_paths
0024237c 00000014 r _kanji_05144_paths
00242390 00000010 r _kanji_05143_paths
002423a0 00000010 r _kanji_05141_paths
002423b0 00000058 r _kanji_0513c_paths
00242408 00000058 r _kanji_0513b_paths
00242460 00000054 r _kanji_0513a_paths
002424b4 00000054 r _kanji_05137_paths
00242508 00000048 r _kanji_05132_paths
00242550 00000044 r _kanji_0512a_paths
00242594 00000044 r _kanji_05121_paths
002425d8 00000044 r _kanji_0511f_paths
0024261c 0000003c r _kanji_0511a_paths
00242658 00000040 r _kanji_05118_paths
00242698 00000040 r _kanji_05115_paths
002426d8 00000040 r _kanji_05114_paths
00242718 00000040 r _kanji_05112_paths
00242758 0000003c r _kanji_05109_paths
00242794 0000003c r _kanji_05104_paths
002427d0 0000003c r _kanji_05102_paths
0024280c 00000038 r _kanji_05101_paths
00242844 0000003c r _kanji_05100_paths
00242880 0000003c r _kanji_050fb_paths
002428bc 0000003c r _kanji_050f9_paths
002428f8 0000003c r _kanji_050f5_paths
00242934 00000038 r _kanji_050ee_paths
0024296c 00000038 r _kanji_050ed_paths
002429a4 00000034 r _kanji_050e7_paths
002429d8 00000038 r _kanji_050e5_paths
00242a10 00000038 r _kanji_050de_paths
00242a48 00000038 r _kanji_050da_paths
00242a80 00000038 r _kanji_050d6_paths
00242ab8 00000038 r _kanji_050d5_paths
00242af0 00000038 r _kanji_050d1_paths
00242b28 00000038 r _kanji_050cf_paths
00242b60 00000034 r _kanji_050cd_paths
00242b94 00000034 r _kanji_050c9_paths
00242bc8 00000034 r _kanji_050c5_paths
00242bfc 00000034 r _kanji_050c2_paths
00242c30 00000034 r _kanji_050be_paths
00242c64 00000034 r _kanji_050b7_paths
00242c98 00000034 r _kanji_050b5_paths
00242ccc 00000034 r _kanji_050b4_paths
00242d00 00000034 r _kanji_050b3_paths
00242d34 00000034 r _kanji_050b2_paths
00242d68 00000034 r _kanji_050ad_paths
00242d9c 00000034 r _kanji_050ac_paths
00242dd0 00000030 r _kanji_0509a_paths
00242e00 00000030 r _kanji_05099_paths
00242e30 00000030 r _kanji_05098_paths
00242e60 00000034 r _kanji_05091_paths
00242e94 00000030 r _kanji_0508d_paths
00242ec4 00000030 r _kanji_05085_paths
00242ef4 00000030 r _kanji_05080_paths
00242f24 0000002c r _kanji_0507d_paths
00242f50 0000002c r _kanji_05078_paths
00242f7c 0000002c r _kanji_05076_paths
00242fa8 0000002c r _kanji_05075_paths
00242fd4 0000002c r _kanji_05074_paths
00243000 0000002c r _kanji_05072_paths
0024302c 0000002c r _kanji_0506c_paths
00243058 0000002c r _kanji_05065_paths
00243084 0000002c r _kanji_0505c_paths
002430b0 0000002c r _kanji_0505a_paths
002430dc 0000002c r _kanji_05056_paths
00243108 0000002c r _kanji_05055_paths
00243134 0000002c r _kanji_05050_paths
00243160 0000002c r _kanji_0504f_paths
0024318c 00000030 r _kanji_05049_paths
002431bc 0000002c r _kanji_05048_paths
002431e8 0000002c r _kanji_05047_paths
00243214 0000002c r _kanji_05043_paths
00243240 00000028 r _kanji_05039_paths
00243268 00000028 r _kanji_0502d_paths
00243290 00000028 r _kanji_0502c_paths
002432b8 00000028 r _kanji_0502b_paths
002432e0 00000028 r _kanji_0502a_paths
00243308 00000028 r _kanji_05029_paths
00243330 00000028 r _kanji_05028_paths
00243358 00000028 r _kanji_05026_paths
00243380 00000028 r _kanji_05025_paths
002433a8 00000028 r _kanji_05024_paths
002433d0 00000028 r _kanji_05023_paths
002433f8 00000028 r _kanji_05021_paths
00243420 00000028 r _kanji_0501f_paths
00243448 00000028 r _kanji_0501a_paths
00243470 00000028 r _kanji_05019_paths
00243498 00000028 r _kanji_05016_paths
002434c0 00000028 r _kanji_05014_paths
002434e8 00000028 r _kanji_05012_paths
00243510 00000028 r _kanji_05011_paths
00243538 0000002c r _kanji_0500f_paths
00243564 00000028 r _kanji_0500d_paths
0024358c 00000028 r _kanji_0500b_paths
002435b4 00000028 r _kanji_05009_paths
002435dc 00000028 r _kanji_05006_paths
00243604 00000028 r _kanji_05005_paths
0024362c 00000028 r _kanji_04ffe_paths
00243654 00000028 r _kanji_04ffa_paths
0024367c 00000028 r _kanji_04ff8_paths
002436a4 00000028 r _kanji_04ff6_paths
002436cc 00000028 r _kanji_04ff5_paths
002436f4 00000028 r _kanji_04ff3_paths
0024371c 00000028 r _kanji_04ff1_paths
00243744 00000028 r _kanji_04fef_paths
0024376c 00000028 r _kanji_04fee_paths
00243794 00000024 r _kanji_04fe5_paths
002437b8 00000024 r _kanji_04fe4_paths
002437dc 00000024 r _kanji_04fe3_paths
00243800 00000024 r _kanji_04fe1_paths
00243824 00000024 r _kanji_04fdf_paths
00243848 00000024 r _kanji_04fdd_paths
0024386c 00000024 r _kanji_04fdb_paths
00243890 00000024 r _kanji_04fda_paths
002438b4 00000024 r _kanji_04fd8_paths
002438d8 00000024 r _kanji_04fd7_paths
002438fc 00000024 r _kanji_04fd4_paths
00243920 00000024 r _kanji_04fd1_paths
00243944 00000024 r _kanji_04fd0_paths
00243968 00000024 r _kanji_04fce_paths
0024398c 00000024 r _kanji_04fca_paths
002439b0 00000024 r _kanji_04fc4_paths
002439d4 00000024 r _kanji_04fc3_paths
002439f8 00000024 r _kanji_04fc2_paths
00243a1c 00000024 r _kanji_04fbf_paths
00243a40 00000024 r _kanji_04fb6_paths
00243a64 00000024 r _kanji_04fb5_paths
00243a88 00000024 r _kanji_04faf_paths
00243aac 00000020 r _kanji_04fae_paths
00243acc 00000020 r _kanji_04fa1_paths
00243aec 00000020 r _kanji_04f9d_paths
00243b0c 00000020 r _kanji_04f9b_paths
00243b2c 00000020 r _kanji_04f98_paths
00243b4c 00000020 r _kanji_04f96_paths
00243b6c 00000020 r _kanji_04f91_paths
00243b8c 00000020 r _kanji_04f8f_paths
00243bac 00000020 r _kanji_04f8d_paths
00243bcc 00000020 r _kanji_04f8b_paths
00243bec 00000020 r _kanji_04f88_paths
00243c0c 00000020 r _kanji_04f86_paths
00243c2c 00000020 r _kanji_04f83_paths
00243c4c 00000020 r _kanji_04f7f_paths
00243c6c 00000020 r _kanji_04f7c_paths
00243c8c 00000020 r _kanji_04f7b_paths
00243cac 00000020 r _kanji_04f76_paths
00243ccc 00000020 r _kanji_04f75_paths
00243cec 00000020 r _kanji_04f73_paths
00243d0c 00000020 r _kanji_04f70_paths
00243d2c 00000020 r _kanji_04f6f_paths
00243d4c 00000020 r _kanji_04f69_paths
00243d6c 0000001c r _kanji_04f5e_paths
00243d88 0000001c r _kanji_04f5d_paths
00243da4 0000001c r _kanji_04f5c_paths
00243dc0 0000001c r _kanji_04f5b_paths
00243ddc 0000001c r _kanji_04f5a_paths
00243df8 0000001c r _kanji_04f59_paths
00243e14 0000001c r _kanji_04f57_paths
00243e30 0000001c r _kanji_04f55_paths
00243e4c 0000001c r _kanji_04f53_paths
00243e68 0000001c r _kanji_04f51_paths
00243e84 0000001c r _kanji_04f50_paths
00243ea0 0000001c r _kanji_04f4f_paths
00243ebc 0000001c r _kanji_04f4e_paths
00243ed8 0000001c r _kanji_04f4d_paths
00243ef4 0000001c r _kanji_04f47_paths
00243f10 0000001c r _kanji_04f46_paths
00243f2c 0000001c r _kanji_04f43_paths
00243f48 0000001c r _kanji_04f3d_paths
00243f64 0000001c r _kanji_04f3c_paths
00243f80 0000001c r _kanji_04f3a_paths
00243f9c 0000001c r _kanji_04f38_paths
00243fb8 0000001c r _kanji_04f36_paths
00243fd4 0000001c r _kanji_04f34_paths
00243ff0 0000001c r _kanji_04f30_paths
0024400c 0000001c r _kanji_04f2f_paths
00244028 00000018 r _kanji_04f1d_paths
00244040 00000018 r _kanji_04f1a_paths
00244058 00000018 r _kanji_04f11_paths
00244070 00000018 r _kanji_04f10_paths
00244088 00000018 r _kanji_04f0f_paths
002440a0 00000018 r _kanji_04f0e_paths
002440b8 00000018 r _kanji_04f0d_paths
002440d0 00000018 r _kanji_04f0a_paths
002440e8 00000018 r _kanji_04f09_paths
00244100 00000018 r _kanji_04f01_paths
00244118 00000018 r _kanji_04efb_paths
00244130 00000018 r _kanji_04ef7_paths
00244148 00000018 r _kanji_04ef6_paths
00244160 00000018 r _kanji_04ef2_paths
00244178 00000018 r _kanji_04ef0_paths
00244190 00000018 r _kanji_04eee_paths
002441a8 00000014 r _kanji_04ee5_paths
002441bc 00000014 r _kanji_04ee4_paths
002441d0 00000014 r _kanji_04ee3_paths
002441e4 00000014 r _kanji_04edf_paths
002441f8 00000014 r _kanji_04ede_paths
0024420c 00000014 r _kanji_04ed9_paths
00244220 00000014 r _kanji_04ed8_paths
00244234 00000014 r _kanji_04ed7_paths
00244248 00000014 r _kanji_04ed6_paths
0024425c 00000014 r _kanji_04ed5_paths
00244270 00000014 r _kanji_04ed4_paths
00244284 00000010 r _kanji_04ecf_paths
00244294 00000010 r _kanji_04ece_paths
002442a4 00000010 r _kanji_04ecd_paths
002442b4 00000010 r _kanji_04ecb_paths
002442c4 00000010 r _kanji_04eca_paths
002442d4 00000010 r _kanji_04ec7_paths
002442e4 00000010 r _kanji_04ec6_paths
002442f4 00000010 r _kanji_04ec4_paths
00244304 00000010 r _kanji_04ec2_paths
00244314 00000010 r _kanji_04ec1_paths
00244324 00000010 r _kanji_04ec0_paths
00244334 00000034 r _kanji_04eb6_paths
00244368 00000024 r _kanji_04eae_paths
0024438c 00000024 r _kanji_04ead_paths
002443b0 00000020 r _kanji_04eac_paths
002443d0 00000020 r _kanji_04eab_paths
002443f0 0000001c r _kanji_04ea8_paths
0024440c 00000018 r _kanji_04ea6_paths
00244424 00000018 r _kanji_04ea5_paths
0024443c 00000018 r _kanji_04ea4_paths
00244454 00000010 r _kanji_04ea2_paths
00244464 00000020 r _kanji_04e9f_paths
00244484 00000020 r _kanji_04e9e_paths
002444a4 0000001c r _kanji_04e9c_paths
002444c0 00000020 r _kanji_04e9b_paths
002444e0 00000018 r _kanji_04e99_paths
002444f8 00000018 r _kanji_04e98_paths
00244510 00000010 r _kanji_04e95_paths
00244520 00000010 r _kanji_04e94_paths
00244530 00000010 r _kanji_04e92_paths
00244540 00000010 r _kanji_04e91_paths
00244550 00000020 r _kanji_04e8b_paths
00244570 00000018 r _kanji_04e89_paths
00244588 00000010 r _kanji_04e88_paths
00244598 00000034 r _kanji_04e82_paths
002445cc 0000002c r _kanji_04e80_paths
002445f8 0000002c r _kanji_04e7e_paths
00244624 00000020 r _kanji_04e73_paths
00244644 0000001c r _kanji_04e71_paths
00244660 00000028 r _kanji_04e58_paths
00244688 00000024 r _kanji_04e57_paths
002446ac 00000020 r _kanji_04e56_paths
002446cc 00000010 r _kanji_04e4f_paths
002446dc 00000014 r _kanji_04e4e_paths
002446f0 00000014 r _kanji_04e4d_paths
00244704 00000014 r _kanji_04e3c_paths
00244718 00000014 r _kanji_04e3b_paths
0024472c 00000010 r _kanji_04e39_paths
0024473c 0000001c r _kanji_04e32_paths
00244758 00000014 r _kanji_04e31_paths
0024476c 00000010 r _kanji_04e2d_paths
0024477c 00000020 r _kanji_04e26_paths
0024479c 00000018 r _kanji_04e21_paths
002447b4 00000018 r _kanji_04e1e_paths
002447cc 00000014 r _kanji_04e19_paths
002447e0 00000014 r _kanji_04e18_paths
002447f4 00000014 r _kanji_04e16_paths
00244808 00000014 r _kanji_04e15_paths
0024481c 00000014 r _kanji_04e14_paths
00244830 00000010 r _kanji_04e11_paths
00244840 00000010 r _kanji_04e10_paths
00244850 00000010 r _kanji_04e0d_paths
00244860 00000014 r _kata_030f4_paths
00244874 00000014 r _kata_030dd_paths
00244888 00000018 r _kata_030dc_paths
002448a0 00000010 r _kata_030db_paths
002448b0 00000010 r _kata_030d3_paths
002448c0 00000010 r _kata_030d0_paths
002448d0 00000010 r _kata_030cd_paths
002448e0 00000010 r _kata_030c9_paths
002448f0 00000014 r _kata_030c7_paths
00244904 00000014 r _kata_030c5_paths
00244918 00000014 r _kata_030c2_paths
0024492c 00000014 r _kata_030c0_paths
00244940 00000010 r _kata_030be_paths
00244950 00000010 r _kata_030bc_paths
00244960 00000010 r _kata_030ba_paths
00244970 00000014 r _kata_030b8_paths
00244984 00000014 r _kata_030b6_paths
00244998 00000010 r _kata_030b4_paths
002449a8 00000014 r _kata_030b2_paths
002449bc 00000010 r _kata_030b0_paths
002449cc 00000014 r _kata_030ae_paths
002449e0 00000010 r _kata_030ac_paths
002449f0 00000014 r _hira_0307d_paths
00244a04 00000018 r _hira_0307c_paths
00244a1c 00000010 r _hira_0307b_paths
00244a2c 00000014 r _hira_03077_paths
00244a40 00000018 r _hira_03076_paths
00244a58 00000010 r _hira_03075_paths
00244a68 00000010 r _hira_03071_paths
00244a78 00000014 r _hira_03070_paths
00244a8c 00000010 r _hira_0306a_paths
00244a9c 00000010 r _hira_03069_paths
00244aac 00000010 r _hira_03062_paths
00244abc 00000018 r _hira_03060_paths
00244ad4 00000010 r _hira_0305f_paths
00244ae4 00000014 r _hira_0305c_paths
00244af8 00000010 r _hira_0305a_paths
00244b08 00000014 r _hira_03056_paths
00244b1c 00000010 r _hira_03054_paths
00244b2c 00000014 r _hira_03052_paths
00244b40 00000018 r _hira_0304e_paths
00244b58 00000010 r _hira_0304d_paths
00244b68 00000014 r _hira_0304c_paths
00244b7c 00000068 r themes
00244c24 000001f4 R hiragana_dakuten
00244e18 000002d0 R hiragana_comb
002450e8 000003e8 R katakana
002454d0 000001f4 R katakana_dakuten
002456c4 000002d0 R katakana_comb
00245994 000003e8 R hiragana
00245ddc 0000b5b8 r kanji_table
00251394 000ca59c R kanji_data
0031b930 00000bbb R kanji_radical
0031c520 0000001c r ind_jlpt_tipo
0031c53c 0000001c r ind_jlpt_valor
0031c558 00000024 r ind_grado_tipo
0031c57c 00000024 r ind_grado_valor
0031c5a0 00000014 r _kanji_20b9f_paths
0031c5b4 00000044 r _kanji_09fa0_paths
0031c5f8 00000054 r _kanji_09f9d_paths
0031c64c 00000040 r _kanji_09f9c_paths
0031c68c 00000058 r _kanji_09f95_paths
0031c6e4 00000040 r _kanji_09f8d_paths
0031c724 00000060 r _kanji_09f77_paths
0031c784 00000060 r _kanji_09f76_paths
0031c7e4 00000060 r _kanji_09f72_paths
0031c844 00000058 r _kanji_09f6c_paths
0031c89c 00000058 r _kanji_09f6a_paths
0031c8f4 00000054 r _kanji_09f67_paths
0031c948 00000054 r _kanji_09f66_paths
0031c99c 00000050 r _kanji_09f63_paths
0031c9ec 00000044 r _kanji_09f62_paths
0031ca30 00000050 r _kanji_09f61_paths
0031ca80 00000050 r _kanji_09f60_paths
0031cad0 00000050 r _kanji_09f5f_paths
0031cb20 0000003c r _kanji_09f52_paths
0031cb5c 0000005c r _kanji_09f4f_paths
0031cbb8 00000054 r _kanji_09f4e_paths
0031cc0c 00000044 r _kanji_09f4b_paths
0031cc50 00000038 r _kanji_09f4a_paths
0031cc88 00000044 r _kanji_09f3e_paths
0031cccc 00000038 r _kanji_09f3b_paths
0031cd04 00000048 r _kanji_09f2c_paths
0031cd4c 00000034 r _kanji_09f20_paths
0031cd80 00000048 r _kanji_09f15_paths
0031cdc8 00000034 r _kanji_09f13_paths
0031cdfc 00000034 r _kanji_09f0e_paths
0031ce30 00000064 r _kanji_09f08_paths
0031ce94 00000060 r _kanji_09f07_paths
0031cef4 00000034 r _kanji_09efd_paths
0031cf28 0000004c r _kanji_09efc_paths
0031cf74 00000044 r _kanji_09efb_paths
0031cfb8 00000030 r _kanji_09ef9_paths
0031cfe8 0000006c r _kanji_09ef7_paths
0031d054 00000068 r _kanji_09ef6_paths
0031d0bc 0000005c r _kanji_09ef4_paths
0031d118 00000054 r _kanji_09eef_paths
0031d16c 00000050 r _kanji_09ee8_paths
0031d1bc 00000050 r _kanji_09ee5_paths
0031d20c 00000048 r _kanji_09ee0_paths
0031d254 00000044 r _kanji_09ede_paths
0031d298 00000044 r _kanji_09edd_paths
0031d2dc 00000044 r _kanji_09edc_paths
0031d320 00000040 r _kanji_09edb_paths
0031d360 0000003c r _kanji_09ed9_paths
0031d39c 00000040 r _kanji_09ed8_paths
0031d3dc 00000040 r _kanji_09ed4_paths
0031d41c 0000002c r _kanji_09ed2_paths
0031d448 00000030 r _kanji_09ed1_paths
0031d478 0000005c r _kanji_09ed0_paths
0031d4d4 0000003c r _kanji_09ece_paths
0031d510 00000030 r _kanji_09ecd_paths
0031d540 00000064 r _kanji_09ecc_paths
0031d5a4 0000002c r _kanji_09ec4_paths
0031d5d0 00000030 r _kanji_09ec3_paths
0031d600 00000048 r _kanji_09ebf_paths
0031d648 0000003c r _kanji_09ebe_paths
0031d684 00000038 r _kanji_09ebc_paths
0031d6bc 0000002c r _kanji_09ebb_paths
0031d6e8 00000040 r _kanji_09eba_paths
0031d728 00000040 r _kanji_09ead_paths
0031d768 0000003c r _kanji_09ea9_paths
0031d7a4 0000001c r _kanji_09ea6_paths
0031d7c0 0000002c r _kanji_09ea5_paths
0031d7ec 00000060 r _kanji_09e9f_paths
0031d84c 00000054 r _kanji_09e9d_paths
0031d8a0 0000004c r _kanji_09e97_paths
0031d8ec 0000004c r _kanji_09e95_paths
0031d938 0000004c r _kanji_09e93_paths
0031d984 0000004c r _kanji_09e92_paths
0031d9d0 0000004c r _kanji_09e91_paths
0031da1c 00000048 r _kanji_09e8c_paths
0031da64 00000044 r _kanji_09e8b_paths
0031daa8 00000040 r _kanji_09e88_paths
0031dae8 0000002c r _kanji_09e7f_paths
0031db14 00000064 r _kanji_09e7d_paths
0031db78 00000050 r _kanji_09e79_paths
0031dbc8 0000002c r _kanji_09e75_paths
0031dbf4 00000078 r _kanji_09e1e_paths
0031dc6c 00000070 r _kanji_09e1b_paths
0031dcdc 00000070 r _kanji_09e1a_paths
0031dd4c 00000060 r _kanji_09dfd_paths
0031ddac 00000060 r _kanji_09dfa_paths
0031de0c 00000060 r _kanji_09df9_paths
0031de6c 0000005c r _kanji_09df8_paths
0031dec8 0000005c r _kanji_09df2_paths
0031df24 0000005c r _kanji_09def_paths
0031df80 0000005c r _kanji_09ded_paths
0031dfdc 0000005c r _kanji_09de6_paths
0031e038 00000058 r _kanji_09dd9_paths
0031e090 00000058 r _kanji_09dd7_paths
0031e0e8 00000058 r _kanji_09dd3_paths
0031e140 00000054 r _kanji_09dc6_paths
0031e194 00000054 r _kanji_09dc4_paths
0031e1e8 00000054 r _kanji_09dc2_paths
0031e23c 00000054 r _kanji_09dc1_paths
0031e290 00000054 r _kanji_09dbb_paths
0031e2e4 00000054 r _kanji_09dba_paths
0031e338 00000054 r _kanji_09db8_paths
0031e38c 00000054 r _kanji_09db4_paths
0031e3e0 00000054 r _kanji_09db2_paths
0031e434 00000054 r _kanji_09daf_paths
0031e488 00000050 r _kanji_09dab_paths
0031e4d8 00000050 r _kanji_09da9_paths
0031e528 00000050 r _kanji_09da4_paths
0031e578 00000050 r _kanji_09d9a_paths
0031e5c8 0000004c r _kanji_09d8f_paths
0031e614 0000004c r _kanji_09d89_paths
0031e660 0000004c r _kanji_09d87_paths
0031e6ac 0000004c r _kanji_09d7a_paths
0031e6f8 0000004c r _kanji_09d72_paths
0031e744 0000004c r _kanji_09d6f_paths
0031e790 0000004c r _kanji_09d6c_paths
0031e7dc 00000048 r _kanji_09d64_paths
0031e824 0000004c r _kanji_09d61_paths
0031e870 00000048 r _kanji_09d60_paths
0031e8b8 00000048 r _kanji_09d5d_paths
0031e900 00000048 r _kanji_09d5c_paths
0031e948 00000048 r _kanji_09d51_paths
0031e990 00000044 r _kanji_09d46_paths
0031e9d4 00000044 r _kanji_09d44_paths
0031ea18 00000044 r _kanji_09d41_paths
0031ea5c 00000044 r _kanji_09d3f_paths
0031eaa0 00000044 r _kanji_09d3e_paths
0031eae4 00000044 r _kanji_09d3b_paths
0031eb28 00000040 r _kanji_09d2b_paths
0031eb68 00000040 r _kanji_09d28_paths
0031eba8 00000040 r _kanji_09d26_paths
0031ebe8 00000040 r _kanji_09d23_paths
0031ec28 00000040 r _kanji_09d1f_paths
0031ec68 00000040 r _kanji_09d1b_paths
0031eca8 00000040 r _kanji_09d15_paths
0031ece8 00000040 r _kanji_09d12_paths
0031ed28 0000003c r _kanji_09d09_paths
0031ed64 0000003c r _kanji_09d07_paths
0031eda0 0000003c r _kanji_09d06_paths
0031eddc 0000003c r _kanji_09d03_paths
0031ee18 00000038 r _kanji_09cf6_paths
0031ee50 00000038 r _kanji_09cf4_paths
0031ee88 00000038 r _kanji_09cf3_paths
0031eec0 00000034 r _kanji_09cf0_paths
0031eef4 00000034 r _kanji_09ce9_paths
0031ef28 00000034 r _kanji_09ce7_paths
0031ef5c 0000002c r _kanji_09ce5_paths
0031ef88 0000006c r _kanji_09c78_paths
0031eff4 00000068 r _kanji_09c76_paths
0031f05c 00000060 r _kanji_09c67_paths
0031f0bc 00000060 r _kanji_09c60_paths
0031f11c 0000005c r _kanji_09c5a_paths
0031f178 00000060 r _kanji_09c57_paths
0031f1d8 0000005c r _kanji_09c52_paths
0031f234 00000058 r _kanji_09c47_paths
0031f28c 00000058 r _kanji_09c46_paths
0031f2e4 00000058 r _kanji_09c3e_paths
0031f33c 00000058 r _kanji_09c3b_paths
0031f394 00000058 r _kanji_09c3a_paths
0031f3ec 0000005c r _kanji_09c39_paths
0031f448 00000054 r _kanji_09c30_paths
0031f49c 00000054 r _kanji_09c2f_paths
0031f4f0 00000054 r _kanji_09c2e_paths
0031f544 00000054 r _kanji_09c2d_paths
0031f598 00000054 r _kanji_09c25_paths
0031f5ec 00000054 r _kanji_09c24_paths
0031f640 00000050 r _kanji_09c15_paths
0031f690 00000050 r _kanji_09c14_paths
0031f6e0 00000050 r _kanji_09c13_paths
0031f730 00000050 r _kanji_09c12_paths
0031f780 00000050 r _kanji_09c10_paths
0031f7d0 00000050 r _kanji_09c0d_paths
0031f820 00000050 r _kanji_09c0c_paths
0031f870 00000050 r _kanji_09c0a_paths
0031f8c0 00000050 r _kanji_09c09_paths
0031f910 00000050 r _kanji_09c08_paths
0031f960 00000050 r _kanji_09c06_paths
0031f9b0 00000050 r _kanji_09c04_paths
0031fa00 0000004c r _kanji_09bf1_paths
0031fa4c 0000004c r _kanji_09bf0_paths
0031fa98 0000004c r _kanji_09be8_paths
0031fae4 0000004c r _kanji_09be4_paths
0031fb30 0000004c r _kanji_09be3_paths
0031fb7c 0000004c r _kanji_09be2_paths
0031fbc8 0000004c r _kanji_09be1_paths
0031fc14 0000004c r _kanji_09bdb_paths
0031fc60 0000004c r _kanji_09bd6_paths
0031fcac 0000004c r _kanji_09bd4_paths
0031fcf8 00000048 r _kanji_09bd2_paths
0031fd40 00000048 r _kanji_09bd1_paths
0031fd88 00000048 r _kanji_09bcf_paths
0031fdd0 00000048 r _kanji_09bca_paths
0031fe18 00000048 r _kanji_09bc9_paths
0031fe60 00000048 r _kanji_09bc0_paths
0031fea8 00000048 r _kanji_09bb9_paths
0031fef0 00000044 r _kanji_09bb4_paths
0031ff34 00000044 r _kanji_09bae_paths
0031ff78 00000044 r _kanji_09bad_paths
0031ffbc 00000044 r _kanji_09bab_paths
00320000 00000044 r _kanji_09baa_paths
00320044 00000044 r _kanji_09ba8_paths
00320088 00000044 r _kanji_09ba0_paths
003200cc 00000044 r _kanji_09b9f_paths
00320110 00000040 r _kanji_09b96_paths
00320150 00000040 r _kanji_09b93_paths
00320190 00000040 r _kanji_09b92_paths
003201d0 00000040 r _kanji_09b91_paths
00320210 00000040 r _kanji_09b8e_paths
00320250 00000040 r _kanji_09b83_paths
00320290 0000003c r _kanji_09b74_paths
003202cc 0000003c r _kanji_09b6f_paths
00320308 0000002c r _kanji_09b5a_paths
00320334 00000060 r _kanji_09b58_paths
00320394 00000054 r _kanji_09b54_paths
003203e8 00000054 r _kanji_09b51_paths
0032043c 00000048 r _kanji_09b4f_paths
00320484 00000048 r _kanji_09b4e_paths
003204cc 00000048 r _kanji_09b4d_paths
00320514 0000003c r _kanji_09b45_paths
00320550 0000003c r _kanji_09b44_paths
0032058c 0000003c r _kanji_09b43_paths
003205c8 00000038 r _kanji_09b42_paths
00320600 00000038 r _kanji_09b41_paths
00320638 00000028 r _kanji_09b3c_paths
00320660 00000058 r _kanji_09b3b_paths
003206b8 00000074 r _kanji_09b31_paths
0032072c 00000028 r _kanji_09b2f_paths
00320754 00000068 r _kanji_09b2e_paths
003207bc 00000050 r _kanji_09b2a_paths
0032080c 00000048 r _kanji_09b29_paths
00320854 00000040 r _kanji_09b28_paths
00320894 0000003c r _kanji_09b27_paths
003208d0 00000064 r _kanji_09b23_paths
00320934 00000060 r _kanji_09b22_paths
00320994 0000005c r _kanji_09b1f_paths
003209f0 00000058 r _kanji_09b1a_paths
00320a48 00000054 r _kanji_09b18_paths
00320a9c 00000048 r _kanji_09b06_paths
00320ae4 00000040 r _kanji_09afb_paths
00320b24 00000040 r _kanji_09af7_paths
00320b64 0000003c r _kanji_09af4_paths
00320ba0 0000003c r _kanji_09af1_paths
00320bdc 0000003c r _kanji_09aee_paths
00320c18 00000040 r _kanji_09aed_paths
00320c58 0000003c r _kanji_09aeb_paths
00320c94 00000038 r _kanji_09aea_paths
00320ccc 00000038 r _kanji_09ae6_paths
00320d04 00000038 r _kanji_09ae3_paths
00320d3c 00000034 r _kanji_09ae2_paths
00320d70 00000028 r _kanji_09ad8_paths
00320d98 0000005c r _kanji_09ad4_paths
00320df4 0000005c r _kanji_09ad3_paths
00320e50 0000005c r _kanji_09ad1_paths
00320eac 00000054 r _kanji_09acf_paths
00320f00 0000004c r _kanji_09ac4_paths
00320f4c 00000048 r _kanji_09ac0_paths
00320f94 00000040 r _kanji_09abc_paths
00320fd4 00000040 r _kanji_09ab8_paths
00321014 00000038 r _kanji_09ab0_paths
0032104c 00000034 r _kanji_09aad_paths
00321080 00000028 r _kanji_09aa8_paths
003210a8 00000074 r _kanji_09a6a_paths
0032111c 0000006c r _kanji_09a69_paths
00321188 00000068 r _kanji_09a65_paths
003211f0 0000006c r _kanji_09a64_paths
0032125c 00000068 r _kanji_09a62_paths
003212c4 00000060 r _kanji_09a5f_paths
00321324 0000005c r _kanji_09a5b_paths
00321380 00000058 r _kanji_09a5a_paths
003213d8 0000005c r _kanji_09a57_paths
00321434 00000058 r _kanji_09a55_paths
0032148c 00000058 r _kanji_09a4d_paths
003214e4 00000054 r _kanji_09a45_paths
00321538 00000054 r _kanji_09a43_paths
0032158c 00000054 r _kanji_09a42_paths
003215e0 00000050 r _kanji_09a40_paths
00321630 00000054 r _kanji_09a3e_paths
00321684 00000050 r _kanji_09a37_paths
003216d4 00000050 r _kanji_09a30_paths
00321724 00000050 r _kanji_09a2b_paths
00321774 0000004c r _kanji_09a19_paths
003217c0 00000048 r _kanji_09a13_paths
00321808 00000048 r _kanji_09a12_paths
00321850 00000048 r _kanji_09a0f_paths
00321898 00000048 r _kanji_09a0e_paths
003218e0 00000048 r _kanji_09a05_paths
00321928 00000044 r _kanji_09a01_paths
0032196c 00000044 r _kanji_099ff_paths
003219b0 00000044 r _kanji_099fb_paths
003219f4 00000044 r _kanji_099f8_paths
00321a38 00000040 r _kanji_099f1_paths
00321a78 00000040 r _kanji_099ee_paths
00321ab8 00000040 r _kanji_099ed_paths
00321af8 0000003c r _kanji_099df_paths
00321b34 0000003c r _kanji_099dd_paths
00321b70 0000003c r _kanji_099db_paths
00321bac 0000003c r _kanji_099d8_paths
00321be8 0000003c r _kanji_099d5_paths
00321c24 0000003c r _kanji_099d2_paths
00321c60 0000003c r _kanji_099d1_paths
00321c9c 0000003c r _kanji_099d0_paths
00321cd8 0000003c r _kanji_099c8_paths
00321d14 00000038 r _kanji_099c6_paths
00321d4c 00000038 r _kanji_099c5_paths
00321d84 00000038 r _kanji_099c4_paths
00321dbc 00000038 r _kanji_099c1_paths
00321df4 00000034 r _kanji_099b4_paths
00321e28 00000034 r _kanji_099b3_paths
00321e5c 00000030 r _kanji_099ae_paths
00321e8c 00000030 r _kanji_099ad_paths
00321ebc 00000028 r _kanji_099ac_paths
00321ee4 00000050 r _kanji_099a8_paths
00321f34 00000048 r _kanji_099a5_paths
00321f7c 00000024 r _kanji_09999_paths
00321fa0 00000044 r _kanji_09998_paths
00321fe4 0000002c r _kanji_09997_paths
00322010 00000024 r _kanji_09996_paths
00322034 00000058 r _kanji_09957_paths
0032208c 00000058 r _kanji_09955_paths
003220e4 00000054 r _kanji_09952_paths
00322138 00000054 r _kanji_09951_paths
0032218c 00000054 r _kanji_09950_paths
003221e0 00000054 r _kanji_0994c_paths
00322234 00000054 r _kanji_0994b_paths
00322288 00000050 r _kanji_09949_paths
003222d8 00000050 r _kanji_09945_paths
00322328 0000004c r _kanji_09942_paths
00322374 0000004c r _kanji_0993e_paths
003223c0 0000004c r _kanji_0993d_paths
0032240c 00000048 r _kanji_0992e_paths
00322454 00000048 r _kanji_0992c_paths
0032249c 00000040 r _kanji_09928_paths
003224dc 00000044 r _kanji_09924_paths
00322520 00000044 r _kanji_09921_paths
00322564 00000044 r _kanji_09920_paths
003225a8 00000044 r _kanji_0991e_paths
003225ec 00000040 r _kanji_09918_paths
0032262c 00000040 r _kanji_09914_paths
0032266c 0000003c r _kanji_09913_paths
003226a8 00000040 r _kanji_09912_paths
003226e8 00000040 r _kanji_09910_paths
00322728 0000003c r _kanji_0990c_paths
00322764 0000003c r _kanji_0990a_paths
003227a0 0000003c r _kanji_09909_paths
003227dc 0000003c r _kanji_09905_paths
00322818 0000003c r _kanji_09903_paths
00322854 00000034 r _kanji_098fe_paths
00322888 00000034 r _kanji_098fd_paths
003228bc 00000034 r _kanji_098fc_paths
003228f0 00000038 r _kanji_098f4_paths
00322928 00000030 r _kanji_098f2_paths
00322958 00000030 r _kanji_098ef_paths
00322988 00000034 r _kanji_098ee_paths
003229bc 00000034 r _kanji_098ed_paths
003229f0 00000034 r _kanji_098eb_paths
00322a24 00000034 r _kanji_098e9_paths
00322a58 00000028 r _kanji_098e2_paths
00322a80 00000024 r _kanji_098df_paths
00322aa4 00000024 r _kanji_098db_paths
00322ac8 00000054 r _kanji_098c6_paths
00322b1c 00000050 r _kanji_098c4_paths
00322b6c 00000044 r _kanji_098b6_paths
00322bb0 00000038 r _kanji_098b1_paths
00322be8 00000038 r _kanji_098af_paths
00322c20 00000030 r _kanji_098aa_paths
00322c50 00000024 r _kanji_098a8_paths
00322c74 00000068 r _kanji_09874_paths
00322cdc 0000006c r _kanji_09873_paths
00322d48 00000064 r _kanji_09871_paths
00322dac 00000060 r _kanji_09870_paths
00322e0c 0000005c r _kanji_0986f_paths
00322e68 00000058 r _kanji_0986b_paths
00322ec0 00000054 r _kanji_09867_paths
00322f14 00000048 r _kanji_0985e_paths
00322f5c 0000004c r _kanji_0985a_paths
00322fa8 0000004c r _kanji_09858_paths
00322ff4 00000048 r _kanji_09855_paths
0032303c 00000048 r _kanji_09854_paths
00323084 00000048 r _kanji_0984f_paths
003230cc 00000048 r _kanji_0984e_paths
00323114 00000048 r _kanji_0984d_paths
0032315c 00000048 r _kanji_0984c_paths
003231a4 00000048 r _kanji_0984b_paths
003231ec 00000044 r _kanji_09846_paths
00323230 00000040 r _kanji_0983d_paths
00323270 00000040 r _kanji_0983c_paths
003232b0 00000044 r _kanji_0983b_paths
003232f4 00000040 r _kanji_09838_paths
00323334 00000040 r _kanji_09837_paths
00323374 00000040 r _kanji_09830_paths
003233b4 00000040 r _kanji_0982d_paths
003233f4 00000040 r _kanji_09824_paths
00323434 0000003c r _kanji_09821_paths
00323470 00000038 r _kanji_09818_paths
003234a8 00000038 r _kanji_09817_paths
003234e0 00000034 r _kanji_09813_paths
00323514 00000034 r _kanji_09812_paths
00323548 00000034 r _kanji_09811_paths
0032357c 00000034 r _kanji_09810_paths
003235b0 00000034 r _kanji_0980f_paths
003235e4 00000034 r _kanji_0980c_paths
00323618 00000030 r _kanji_09808_paths
00323648 00000030 r _kanji_09806_paths
00323678 00000030 r _kanji_09805_paths
003236a8 0000002c r _kanji_09803_paths
003236d4 0000002c r _kanji_09802_paths
00323700 00000024 r _kanji_09801_paths
00323724 00000050 r _kanji_097ff_paths
00323774 0000004c r _kanji_097fb_paths
003237c0 00000038 r _kanji_097f6_paths
003237f8 00000024 r _kanji_097f3_paths
0032381c 00000030 r _kanji_097ee_paths
0032384c 00000048 r _kanji_097d3_paths
00323894 00000028 r _kanji_097cb_paths
003238bc 00000058 r _kanji_097c3_paths
00323914 0000004c r _kanji_097b4_paths
00323960 00000048 r _kanji_097b3_paths
003239a8 00000048 r _kanji_097ad_paths
003239f0 00000048 r _kanji_097ab_paths
00323a38 00000048 r _kanji_097a8_paths
00323a80 00000048 r _kanji_097a6_paths
00323ac8 00000048 r _kanji_097a3_paths
00323b10 00000044 r _kanji_097a0_paths
00323b54 00000044 r _kanji_0979c_paths
00323b98 00000040 r _kanji_09798_paths
00323bd8 0000003c r _kanji_09790_paths
00323c14 0000003c r _kanji_0978d_paths
00323c50 0000003c r _kanji_0978b_paths
00323c8c 00000038 r _kanji_09785_paths
00323cc4 00000038 r _kanji_09784_paths
00323cfc 00000038 r _kanji_09781_paths
00323d34 00000038 r _kanji_0977c_paths
00323d6c 00000038 r _kanji_0977a_paths
00323da4 00000034 r _kanji_09774_paths
00323dd8 00000030 r _kanji_09771_paths
00323e08 00000030 r _kanji_0976b_paths
00323e38 00000024 r _kanji_09769_paths
00323e5c 0000005c r _kanji_09768_paths
00323eb8 00000040 r _kanji_09766_paths
00323ef8 00000038 r _kanji_09764_paths
00323f30 00000024 r _kanji_09762_paths
00323f54 0000004c r _kanji_09761_paths
00323fa0 0000003c r _kanji_09760_paths
00323fdc 00000020 r _kanji_0975e_paths
00323ffc 00000040 r _kanji_0975c_paths
0032403c 00000038 r _kanji_09759_paths
00324074 00000034 r _kanji_09756_paths
003240a8 00000020 r _kanji_09752_paths
003240c8 00000064 r _kanji_09749_paths
0032412c 00000060 r _kanji_09748_paths
0032418c 00000060 r _kanji_09746_paths
003241ec 00000060 r _kanji_09744_paths
0032424c 00000060 r _kanji_09742_paths
003242ac 00000058 r _kanji_0973e_paths
00324304 00000058 r _kanji_0973d_paths
0032435c 00000054 r _kanji_09739_paths
003243b0 00000054 r _kanji_09732_paths
00324404 00000050 r _kanji_09730_paths
00324454 0000004c r _kanji_0972a_paths
003244a0 0000004c r _kanji_09727_paths
003244ec 00000048 r _kanji_09724_paths
00324534 00000044 r _kanji_0971e_paths
00324578 00000044 r _kanji_0971c_paths
003245bc 00000040 r _kanji_09719_paths
003245fc 00000040 r _kanji_09716_paths
0032463c 00000040 r _kanji_09713_paths
0032467c 00000040 r _kanji_09711_paths
003246bc 00000040 r _kanji_0970f_paths
003246fc 00000040 r _kanji_0970e_paths
0032473c 00000040 r _kanji_0970d_paths
0032477c 0000003c r _kanji_0970a_paths
003247b8 0000003c r _kanji_09708_paths
003247f4 0000003c r _kanji_09707_paths
00324830 0000003c r _kanji_09706_paths
0032486c 0000003c r _kanji_09704_paths
003248a8 00000038 r _kanji_09700_paths
003248e0 00000034 r _kanji_096fb_paths
00324914 00000034 r _kanji_096f9_paths
00324948 00000034 r _kanji_096f7_paths
0032497c 00000034 r _kanji_096f6_paths
003249b0 00000030 r _kanji_096f2_paths
003249e0 00000030 r _kanji_096f0_paths
00324a10 0000002c r _kanji_096eb_paths
00324a3c 0000002c r _kanji_096ea_paths
00324a68 00000020 r _kanji_096e8_paths
00324a88 00000048 r _kanji_096e3_paths
00324ad0 0000004c r _kanji_096e2_paths
00324b1c 00000048 r _kanji_096dc_paths
00324b64 00000048 r _kanji_096db_paths
00324bac 00000048 r _kanji_096d9_paths
00324bf4 00000044 r _kanji_096d6_paths
00324c38 00000040 r _kanji_096d5_paths
00324c78 00000038 r _kanji_096d1_paths
00324cb0 00000034 r _kanji_096ce_paths
00324ce4 00000034 r _kanji_096cd_paths
00324d18 00000038 r _kanji_096cc_paths
00324d50 00000030 r _kanji_096cb_paths
00324d80 00000034 r _kanji_096c9_paths
00324db4 00000030 r _kanji_096c7_paths
00324de4 00000030 r _kanji_096c6_paths
00324e14 00000034 r _kanji_096c5_paths
00324e48 00000030 r _kanji_096c4_paths
00324e78 00000030 r _kanji_096c1_paths
00324ea8 0000002c r _kanji_096c0_paths
00324ed4 00000028 r _kanji_096bc_paths
00324efc 00000028 r _kanji_096bb_paths
00324f24 00000044 r _kanji_096b8_paths
00324f68 00000040 r _kanji_096b7_paths
00324fa8 0000004c r _kanji_096b4_paths
00324ff4 00000044 r _kanji_096b1_paths
00325038 00000044 r _kanji_096b0_paths
0032507c 00000040 r _kanji_096aa_paths
003250bc 00000040 r _kanji_096a8_paths
003250fc 00000040 r _kanji_096a7_paths
0032513c 00000040 r _kanji_096a3_paths
0032517c 00000038 r _kanji_096a0_paths
003251b4 00000038 r _kanji_0969c_paths
003251ec 00000038 r _kanji_0969b_paths
00325224 00000034 r _kanji_09699_paths
00325258 00000034 r _kanji_09698_paths
0032528c 00000034 r _kanji_09697_paths
003252c0 00000034 r _kanji_09695_paths
003252f4 00000034 r _kanji_09694_paths
00325328 00000030 r _kanji_0968f_paths
00325358 00000030 r _kanji_0968e_paths
00325388 00000030 r _kanji_0968d_paths
003253b8 00000030 r _kanji_0968b_paths
003253e8 00000030 r _kanji_0968a_paths
00325418 00000030 r _kanji_09688_paths
00325448 0000002c r _kanji_09686_paths
00325474 00000030 r _kanji_09685_paths
003254a4 00000030 r _kanji_0967d_paths
003254d4 0000002c r _kanji_0967a_paths
00325500 0000002c r _kanji_09678_paths
0032552c 0000002c r _kanji_09677_paths
00325558 0000002c r _kanji_09676_paths
00325584 0000002c r _kanji_09675_paths
003255b0 0000002c r _kanji_09673_paths
003255dc 0000002c r _kanji_09672_paths
00325608 0000002c r _kanji_09670_paths
00325634 0000002c r _kanji_0966c_paths
00325660 0000002c r _kanji_0966a_paths
0032568c 00000028 r _kanji_09665_paths
003256b4 00000028 r _kanji_09664_paths
003256dc 00000028 r _kanji_09663_paths
00325704 00000028 r _kanji_09662_paths
0032572c 00000028 r _kanji_0965f_paths
00325754 00000028 r _kanji_0965e_paths
0032577c 00000028 r _kanji_0965d_paths
003257a4 00000028 r _kanji_0965c_paths
003257cc 00000028 r _kanji_0965b_paths
003257f4 00000024 r _kanji_09650_paths
00325818 00000028 r _kanji_0964d_paths
00325840 00000024 r _kanji_0964c_paths
00325864 00000020 r _kanji_09644_paths
00325884 00000020 r _kanji_09642_paths
003258a4 00000020 r _kanji_09640_paths
003258c4 00000020 r _kanji_0963f_paths
003258e4 00000020 r _kanji_0963b_paths
00325904 0000001c r _kanji_09632_paths
00325920 0000001c r _kanji_0962f_paths
0032593c 0000001c r _kanji_0962e_paths
00325958 0000001c r _kanji_0962a_paths
00325974 0000001c r _kanji_09628_paths
00325990 00000018 r _kanji_09621_paths
003259a8 00000020 r _kanji_0961c_paths
003259c8 00000054 r _kanji_095e5_paths
00325a1c 00000054 r _kanji_095e2_paths
00325a70 00000050 r _kanji_095e1_paths
00325ac0 0000004c r _kanji_095dc_paths
00325b0c 00000048 r _kanji_095d8_paths
00325b54 00000048 r _kanji_095d6_paths
00325b9c 00000048 r _kanji_095d5_paths
00325be4 00000048 r _kanji_095d4_paths
00325c2c 00000044 r _kanji_095cd_paths
00325c70 00000044 r _kanji_095cc_paths
00325cb4 00000044 r _kanji_095ca_paths
00325cf8 00000044 r _kanji_095c7_paths
00325d3c 00000044 r _kanji_095c3_paths
00325d80 00000040 r _kanji_095be_paths
00325dc0 00000040 r _kanji_095bb_paths
00325e00 00000040 r _kanji_095b9_paths
00325e40 0000003c r _kanji_095b2_paths
00325e7c 0000003c r _kanji_095ad_paths
00325eb8 00000038 r _kanji_095a8_paths
00325ef0 00000038 r _kanji_095a7_paths
00325f28 00000038 r _kanji_095a5_paths
00325f60 00000038 r _kanji_095a4_paths
00325f98 00000038 r _kanji_095a3_paths
00325fd0 00000038 r _kanji_095a2_paths
00326008 00000034 r _kanji_09598_paths
0032603c 00000030 r _kanji_09594_paths
0032606c 00000030 r _kanji_09593_paths
0032609c 00000030 r _kanji_09591_paths
003260cc 00000030 r _kanji_0958f_paths
003260fc 00000030 r _kanji_0958b_paths
0032612c 0000002c r _kanji_0958a_paths
00326158 0000002c r _kanji_09589_paths
00326184 00000028 r _kanji_09583_paths
003261ac 00000024 r _kanji_09582_paths
003261d0 00000020 r _kanji_09580_paths
003261f0 00000020 r _kanji_09577_paths
00326210 00000070 r _kanji_09481_paths
00326280 00000070 r _kanji_0947f_paths
003262f0 0000006c r _kanji_0947e_paths
0032635c 0000006c r _kanji_0947d_paths
003263c8 0000006c r _kanji_0947c_paths
00326434 00000068 r _kanji_09477_paths
0032649c 00000064 r _kanji_09470_paths
00326500 00000060 r _kanji_0946a_paths
00326560 0000005c r _kanji_09462_paths
003265bc 0000005c r _kanji_09460_paths
00326618 0000005c r _kanji_0945e_paths
00326674 0000005c r _kanji_0945b_paths
003266d0 00000058 r _kanji_09453_paths
00326728 0000005c r _kanji_09451_paths
00326784 00000058 r _kanji_09444_paths
003267dc 00000054 r _kanji_0943a_paths
00326830 00000054 r _kanji_09438_paths
00326884 00000054 r _kanji_09436_paths
003268d8 00000054 r _kanji_09435_paths
0032692c 00000050 r _kanji_0942b_paths
0032697c 00000050 r _kanji_0941a_paths
003269cc 00000050 r _kanji_09419_paths
00326a1c 00000050 r _kanji_09418_paths
00326a6c 00000050 r _kanji_09413_paths
00326abc 00000050 r _kanji_09410_paths
00326b0c 00000050 r _kanji_09403_paths
00326b5c 0000004c r _kanji_093e8_paths
00326ba8 0000004c r _kanji_093e4_paths
00326bf4 0000004c r _kanji_093e1_paths
00326c40 0000004c r _kanji_093dd_paths
00326c8c 0000004c r _kanji_093d8_paths
00326cd8 00000050 r _kanji_093d7_paths
00326d28 0000004c r _kanji_093d6_paths
00326d74 0000004c r _kanji_093d1_paths
00326dc0 0000004c r _kanji_093d0_paths
00326e0c 0000004c r _kanji_093c8_paths
00326e58 0000004c r _kanji_093c3_paths
00326ea4 00000048 r _kanji_093b9_paths
00326eec 00000048 r _kanji_093b0_paths
00326f34 00000048 r _kanji_093ae_paths
00326f7c 00000048 r _kanji_093ad_paths
00326fc4 00000048 r _kanji_093ac_paths
0032700c 00000048 r _kanji_093a7_paths
00327054 00000048 r _kanji_0939a_paths
0032709c 00000048 r _kanji_09397_paths
003270e4 00000048 r _kanji_09396_paths
0032712c 00000048 r _kanji_0938c_paths
00327174 00000044 r _kanji_0937e_paths
003271b8 00000044 r _kanji_0937c_paths
003271fc 00000044 r _kanji_09375_paths
00327240 00000044 r _kanji_0936e_paths
00327284 00000044 r _kanji_0936c_paths
003272c8 00000044 r _kanji_09360_paths
0032730c 00000044 r _kanji_0935b_paths
00327350 00000044 r _kanji_09354_paths
00327394 00000044 r _kanji_0934d_paths
003273d8 00000044 r _kanji_0934b_paths
0032741c 00000040 r _kanji_0933b_paths
0032745c 0000003c r _kanji_0933a_paths
00327498 0000003c r _kanji_09335_paths
003274d4 00000040 r _kanji_09332_paths
00327514 00000040 r _kanji_0932f_paths
00327554 00000040 r _kanji_0932e_paths
00327594 00000040 r _kanji_0932c_paths
003275d4 00000040 r _kanji_0932b_paths
00327614 00000040 r _kanji_09328_paths
00327654 00000040 r _kanji_09326_paths
00327694 00000040 r _kanji_09323_paths
003276d4 00000040 r _kanji_09322_paths
00327714 00000040 r _kanji_09320_paths
00327754 00000040 r _kanji_0931a_paths
00327794 00000040 r _kanji_09319_paths
003277d4 00000040 r _kanji_09318_paths
00327814 00000040 r _kanji_09310_paths
00327854 00000040 r _kanji_0930f_paths
00327894 00000040 r _kanji_09306_paths
003278d4 00000040 r _kanji_092fc_paths
00327914 00000040 r _kanji_092fa_paths
00327954 00000040 r _kanji_092f8_paths
00327994 0000003c r _kanji_092f3_paths
003279d0 0000003c r _kanji_092f2_paths
00327a0c 0000003c r _kanji_092ed_paths
00327a48 0000003c r _kanji_092ea_paths
00327a84 0000003c r _kanji_092e4_paths
00327ac0 0000003c r _kanji_092d2_paths
00327afc 0000003c r _kanji_092cf_paths
00327b38 0000003c r _kanji_092b9_paths
00327b74 0000003c r _kanji_092b7_paths
00327bb0 00000038 r _kanji_092ad_paths
00327be8 00000038 r _kanji_0929c_paths
00327c20 00000038 r _kanji_0929b_paths
00327c58 00000038 r _kanji_0929a_paths
00327c90 00000038 r _kanji_09298_paths
00327cc8 00000038 r _kanji_09296_paths
00327d00 00000038 r _kanji_09295_paths
00327d38 00000038 r _kanji_09293_paths
00327d70 00000038 r _kanji_09291_paths
00327da8 00000038 r _kanji_09285_paths
00327de0 00000038 r _kanji_09283_paths
00327e18 00000038 r _kanji_09280_paths
00327e50 00000038 r _kanji_0927e_paths
00327e88 00000034 r _kanji_09271_paths
00327ebc 00000034 r _kanji_09266_paths
00327ef0 00000034 r _kanji_09264_paths
00327f24 00000034 r _kanji_09262_paths
00327f58 00000034 r _kanji_0925e_paths
00327f8c 00000034 r _kanji_0925b_paths
00327fc0 00000034 r _kanji_09257_paths
00327ff4 00000034 r _kanji_0924b_paths
00328028 00000034 r _kanji_09249_paths
0032805c 00000034 r _kanji_09248_paths
00328090 00000034 r _kanji_09245_paths
003280c4 00000034 r _kanji_09244_paths
003280f8 00000034 r _kanji_0923f_paths
0032812c 00000034 r _kanji_09237_paths
00328160 00000034 r _kanji_09234_paths
00328194 00000030 r _kanji_0921e_paths
003281c4 00000030 r _kanji_09215_paths
003281f4 00000030 r _kanji_09214_paths
00328224 00000030 r _kanji_09211_paths
00328254 00000030 r _kanji_0920d_paths
00328284 00000030 r _kanji_091ff_paths
003282b4 0000002c r _kanji_091f5_paths
003282e0 0000002c r _kanji_091e7_paths
0032830c 0000002c r _kanji_091e6_paths
00328338 0000002c r _kanji_091e3_paths
00328364 00000028 r _kanji_091dd_paths
0032838c 00000028 r _kanji_091dc_paths
003283b4 00000028 r _kanji_091d8_paths
003283dc 00000020 r _kanji_091d1_paths
003283fc 00000048 r _kanji_091d0_paths
00328444 00000030 r _kanji_091cf_paths
00328474 0000002c r _kanji_091ce_paths
003284a0 00000024 r _kanji_091cd_paths
003284c4 0000001c r _kanji_091cc_paths
003284e0 00000050 r _kanji_091cb_paths
00328530 00000030 r _kanji_091c9_paths
00328560 0000002c r _kanji_091c8_paths
0032858c 00000020 r _kanji_091c7_paths
003285ac 00000060 r _kanji_091c0_paths
0032860c 00000054 r _kanji_091ba_paths
00328660 00000050 r _kanji_091b8_paths
003286b0 00000050 r _kanji_091b5_paths
00328700 00000050 r _kanji_091b4_paths
00328750 00000048 r _kanji_091ac_paths
00328798 00000048 r _kanji_091ab_paths
003287e0 00000048 r _kanji_091aa_paths
00328828 00000044 r _kanji_091a2_paths
0032886c 00000044 r _kanji_0919c_paths
003288b0 00000040 r _kanji_09192_paths
003288f0 00000040 r _kanji_09190_paths
00328930 00000040 r _kanji_0918d_paths
00328970 0000003c r _kanji_0918b_paths
003289ac 0000003c r _kanji_09189_paths
003289e8 0000003c r _kanji_09187_paths
00328a24 0000003c r _kanji_09182_paths
00328a60 00000038 r _kanji_09178_paths
00328a98 00000038 r _kanji_09177_paths
00328ad0 00000038 r _kanji_09175_paths
00328b08 00000038 r _kanji_09173_paths
00328b40 00000038 r _kanji_09172_paths
00328b78 00000034 r _kanji_0916c_paths
00328bac 00000034 r _kanji_0916a_paths
00328be0 00000034 r _kanji_09169_paths
00328c14 00000030 r _kanji_09165_paths
00328c44 00000030 r _kanji_09163_paths
00328c74 00000030 r _kanji_09162_paths
00328ca4 0000002c r _kanji_09156_paths
00328cd0 0000002c r _kanji_09154_paths
00328cfc 00000028 r _kanji_09152_paths
00328d24 00000028 r _kanji_0914e_paths
00328d4c 00000028 r _kanji_0914d_paths
00328d74 00000028 r _kanji_0914c_paths
00328d9c 00000024 r _kanji_0914b_paths
00328dc0 00000024 r _kanji_0914a_paths
00328de4 0000001c r _kanji_09149_paths
00328e00 0000003c r _kanji_09132_paths
00328e3c 0000003c r _kanji_09130_paths
00328e78 0000003c r _kanji_0912d_paths
00328eb4 00000038 r _kanji_09119_paths
00328eec 00000034 r _kanji_09112_paths
00328f20 00000030 r _kanji_09102_paths
00328f50 0000002c r _kanji_090fd_paths
00328f7c 0000002c r _kanji_090f7_paths
00328fa8 0000002c r _kanji_090f5_paths
00328fd4 0000002c r _kanji_090ed_paths
00329000 0000002c r _kanji_090e8_paths
0032902c 00000028 r _kanji_090e4_paths
00329054 00000028 r _kanji_090e2_paths
0032907c 00000028 r _kanji_090e1_paths
003290a4 00000028 r _kanji_090db_paths
003290cc 00000024 r _kanji_090ce_paths
003290f0 00000024 r _kanji_090ca_paths
00329114 00000024 r _kanji_090c1_paths
00329138 00000020 r _kanji_090b8_paths
00329158 00000020 r _kanji_090b5_paths
00329178 00000020 r _kanji_090b1_paths
00329198 00000020 r _kanji_090af_paths
003291b8 00000020 r _kanji_090aa_paths
003291d8 0000001c r _kanji_090a8_paths
003291f4 0000001c r _kanji_090a6_paths
00329210 0000001c r _kanji_090a3_paths
0032922c 0000001c r _kanji_09091_paths
00329248 0000005c r _kanji_0908f_paths
003292a4 0000004c r _kanji_0908a_paths
003292f0 00000048 r _kanji_09087_paths
00329338 00000040 r _kanji_09084_paths
00329378 00000044 r _kanji_09082_paths
003293bc 00000040 r _kanji_09081_paths
003293fc 00000044 r _kanji_09080_paths
00329440 00000040 r _kanji_0907f_paths
00329480 00000044 r _kanji_0907d_paths
003294c4 0000003c r _kanji_0907c_paths
00329500 0000003c r _kanji_0907a_paths
0032953c 0000003c r _kanji_09078_paths
00329578 0000003c r _kanji_09077_paths
003295b4 00000040 r _kanji_09076_paths
003295f4 0000003c r _kanji_09075_paths
00329630 00000040 r _kanji_09072_paths
00329670 0000003c r _kanji_0906f_paths
003296ac 00000038 r _kanji_0906e_paths
003296e4 00000038 r _kanji_0906d_paths
0032971c 00000038 r _kanji_09069_paths
00329754 0000003c r _kanji_09068_paths
00329790 00000030 r _kanji_09065_paths
003297c0 00000034 r _kanji_09063_paths
003297f4 00000038 r _kanji_09061_paths
0032982c 00000034 r _kanji_09060_paths
00329860 00000038 r _kanji_0905e_paths
00329898 00000038 r _kanji_0905c_paths
003298d0 00000038 r _kanji_09059_paths
00329908 00000034 r _kanji_09056_paths
0032993c 00000034 r _kanji_09055_paths
00329970 00000030 r _kanji_09054_paths
003299a0 00000030 r _kanji_09053_paths
003299d0 00000034 r _kanji_09052_paths
00329a04 00000034 r _kanji_09051_paths
00329a38 00000034 r _kanji_09050_paths
00329a6c 00000034 r _kanji_0904f_paths
00329aa0 00000030 r _kanji_0904e_paths
00329ad0 00000030 r _kanji_0904d_paths
00329b00 00000030 r _kanji_0904b_paths
00329b30 00000030 r _kanji_0904a_paths
00329b60 00000034 r _kanji_09049_paths
00329b94 00000030 r _kanji_09047_paths
00329bc4 00000030 r _kanji_09045_paths
00329bf4 00000030 r _kanji_09042_paths
00329c24 00000034 r _kanji_09041_paths
00329c58 00000034 r _kanji_0903e_paths
00329c8c 00000034 r _kanji_0903c_paths
00329cc0 0000002c r _kanji_09038_paths
00329cec 00000030 r _kanji_09035_paths
00329d1c 0000002c r _kanji_09032_paths
00329d48 0000002c r _kanji_09031_paths
00329d74 0000002c r _kanji_0902e_paths
00329da0 0000002c r _kanji_09027_paths
00329dcc 00000028 r _kanji_09023_paths
00329df4 0000002c r _kanji_09022_paths
00329e20 0000002c r _kanji_09021_paths
00329e4c 00000028 r _kanji_09020_paths
00329e74 00000028 r _kanji_0901f_paths
00329e9c 0000002c r _kanji_0901e_paths
00329ec8 00000028 r _kanji_0901d_paths
00329ef0 00000028 r _kanji_0901a_paths
00329f18 0000002c r _kanji_09019_paths
00329f44 0000002c r _kanji_09017_paths
00329f70 0000002c r _kanji_09016_paths
00329f9c 0000002c r _kanji_09015_paths
00329fc8 00000028 r _kanji_09014_paths
00329ff0 00000028 r _kanji_09013_paths
0032a018 0000002c r _kanji_09011_paths
0032a044 00000028 r _kanji_09010_paths
0032a06c 00000028 r _kanji_0900f_paths
0032a094 0000002c r _kanji_0900d_paths
0032a0c0 0000002c r _kanji_0900b_paths
0032a0ec 00000024 r _kanji_09006_paths
0032a110 00000028 r _kanji_09005_paths
0032a138 00000024 r _kanji_09003_paths
0032a15c 00000024 r _kanji_09001_paths
0032a180 00000024 r _kanji_09000_paths
0032a1a4 00000024 r _kanji_08ffd_paths
0032a1c8 00000028 r _kanji_08ffa_paths
0032a1f0 00000028 r _kanji_08ff9_paths
0032a218 00000024 r _kanji_08ff7_paths
0032a23c 00000028 r _kanji_08ff4_paths
0032a264 00000020 r _kanji_08ff0_paths
0032a284 00000020 r _kanji_08fed_paths
0032a2a4 00000020 r _kanji_08feb_paths
0032a2c4 00000020 r _kanji_08fea_paths
0032a2e4 00000024 r _kanji_08fe6_paths
0032a308 00000024 r _kanji_08fe5_paths
0032a32c 00000024 r _kanji_08fe2_paths
0032a350 00000020 r _kanji_08fda_paths
0032a370 0000001c r _kanji_08fd4_paths
0032a38c 0000001c r _kanji_08fd1_paths
0032a3a8 0000001c r _kanji_08fce_paths
0032a3c4 00000018 r _kanji_08fc5_paths
0032a3dc 0000001c r _kanji_08fc4_paths
0032a3f8 0000001c r _kanji_08fc2_paths
0032a414 0000001c r _kanji_08fbf_paths
0032a430 00000014 r _kanji_08fbc_paths
0032a444 00000018 r _kanji_08fbb_paths
0032a45c 00000014 r _kanji_08fba_paths
0032a470 00000014 r _kanji_08fb7_paths
0032a484 00000034 r _kanji_08fb2_paths
0032a4b8 00000028 r _kanji_08fb1_paths
0032a4e0 0000001c r _kanji_08fb0_paths
0032a4fc 00000054 r _kanji_08faf_paths
0032a550 00000050 r _kanji_08fae_paths
0032a5a0 0000004c r _kanji_08fad_paths
0032a5ec 00000040 r _kanji_08fa8_paths
0032a62c 00000038 r _kanji_08fa3_paths
0032a664 00000034 r _kanji_08f9f_paths
0032a698 00000034 r _kanji_08f9e_paths
0032a6cc 00000030 r _kanji_08f9c_paths
0032a6fc 0000001c r _kanji_08f9b_paths
0032a718 0000005c r _kanji_08f64_paths
0032a774 00000058 r _kanji_08f62_paths
0032a7cc 00000058 r _kanji_08f61_paths
0032a824 00000054 r _kanji_08f5f_paths
0032a878 00000050 r _kanji_08f57_paths
0032a8c8 0000004c r _kanji_08f4e_paths
0032a914 0000004c r _kanji_08f4d_paths
0032a960 00000048 r _kanji_08f4c_paths
0032a9a8 00000048 r _kanji_08f49_paths
0032a9f0 00000048 r _kanji_08f46_paths
0032aa38 00000044 r _kanji_08f45_paths
0032aa7c 00000044 r _kanji_08f44_paths
0032aac0 00000044 r _kanji_08f42_paths
0032ab04 00000044 r _kanji_08f3f_paths
0032ab48 00000044 r _kanji_08f3e_paths
0032ab8c 00000040 r _kanji_08f3b_paths
0032abcc 00000040 r _kanji_08f39_paths
0032ac0c 00000040 r _kanji_08f38_paths
0032ac4c 00000040 r _kanji_08f33_paths
0032ac8c 00000040 r _kanji_08f2f_paths
0032accc 0000003c r _kanji_08f2a_paths
0032ad08 0000003c r _kanji_08f29_paths
0032ad44 0000003c r _kanji_08f26_paths
0032ad80 0000003c r _kanji_08f1f_paths
0032adbc 0000003c r _kanji_08f1d_paths
0032adf8 0000003c r _kanji_08f1c_paths
0032ae34 0000003c r _kanji_08f1b_paths
0032ae70 00000038 r _kanji_08f15_paths
0032aea8 00000038 r _kanji_08f14_paths
0032aee0 00000038 r _kanji_08f13_paths
0032af18 00000038 r _kanji_08f12_paths
0032af50 00000034 r _kanji_08f0a_paths
0032af84 00000034 r _kanji_08f09_paths
0032afb8 00000034 r _kanji_08f05_paths
0032afec 00000034 r _kanji_08f03_paths
0032b020 00000034 r _kanji_08efe_paths
0032b054 00000030 r _kanji_08efd_paths
0032b084 00000030 r _kanji_08efc_paths
0032b0b4 00000030 r _kanji_08efb_paths
0032b0e4 00000030 r _kanji_08ef8_paths
0032b114 00000030 r _kanji_08eeb_paths
0032b144 0000002c r _kanji_08ee2_paths
0032b170 0000002c r _kanji_08edf_paths
0032b19c 0000002c r _kanji_08edb_paths
0032b1c8 00000028 r _kanji_08ed2_paths
0032b1f0 00000024 r _kanji_08ecd_paths
0032b214 00000024 r _kanji_08ecc_paths
0032b238 00000020 r _kanji_08ecb_paths
0032b258 0000001c r _kanji_08eca_paths
0032b274 00000060 r _kanji_08ec8_paths
0032b2d4 00000040 r _kanji_08ebe_paths
0032b314 00000034 r _kanji_08eb1_paths
0032b348 00000028 r _kanji_08eac_paths
0032b370 0000001c r _kanji_08eab_paths
0032b38c 00000068 r _kanji_08eaa_paths
0032b3f4 00000064 r _kanji_08ea1_paths
0032b458 00000058 r _kanji_08e94_paths
0032b4b0 00000058 r _kanji_08e93_paths
0032b508 00000058 r _kanji_08e91_paths
0032b560 00000054 r _kanji_08e8d_paths
0032b5b4 00000054 r _kanji_08e8b_paths
0032b608 00000054 r _kanji_08e8a_paths
0032b65c 0000004c r _kanji_08e87_paths
0032b6a8 00000050 r _kanji_08e85_paths
0032b6f8 00000050 r _kanji_08e84_paths
0032b748 00000050 r _kanji_08e81_paths
0032b798 0000004c r _kanji_08e7c_paths
0032b7e4 0000004c r _kanji_08e76_paths
0032b830 0000004c r _kanji_08e74_paths
0032b87c 0000004c r _kanji_08e72_paths
0032b8c8 00000048 r _kanji_08e64_paths
0032b910 00000048 r _kanji_08e63_paths
0032b958 00000048 r _kanji_08e60_paths
0032b9a0 00000048 r _kanji_08e5f_paths
0032b9e8 00000048 r _kanji_08e59_paths
0032ba30 00000044 r _kanji_08e50_paths
0032ba74 00000044 r _kanji_08e4c_paths
0032bab8 00000044 r _kanji_08e4a_paths
0032bafc 00000044 r _kanji_08e49_paths
0032bb40 00000044 r _kanji_08e48_paths
0032bb84 00000044 r _kanji_08e47_paths
0032bbc8 00000040 r _kanji_08e44_paths
0032bc08 00000040 r _kanji_08e42_paths
0032bc48 00000040 r _kanji_08e35_paths
0032bc88 00000040 r _kanji_08e34_paths
0032bcc8 00000040 r _kanji_08e30_paths
0032bd08 0000003c r _kanji_08e2a_paths
0032bd44 0000003c r _kanji_08e1f_paths
0032bd80 0000003c r _kanji_08e1e_paths
0032bdbc 0000003c r _kanji_08e1d_paths
0032bdf8 0000003c r _kanji_08e10_paths
0032be34 0000003c r _kanji_08e0f_paths
0032be70 00000038 r _kanji_08e0a_paths
0032bea8 00000038 r _kanji_08e09_paths
0032bee0 00000038 r _kanji_08dff_paths
0032bf18 00000038 r _kanji_08dfc_paths
0032bf50 00000034 r _kanji_08df5_paths
0032bf84 00000034 r _kanji_08df3_paths
0032bfb8 00000034 r _kanji_08def_paths
0032bfec 00000034 r _kanji_08dea_paths
0032c020 00000034 r _kanji_08de8_paths
0032c054 00000034 r _kanji_08de3_paths
0032c088 00000034 r _kanji_08de1_paths
0032c0bc 00000034 r _kanji_08ddf_paths
0032c0f0 00000030 r _kanji_08ddd_paths
0032c120 00000030 r _kanji_08ddb_paths
0032c150 00000030 r _kanji_08dda_paths
0032c180 00000030 r _kanji_08dd6_paths
0032c1b0 00000030 r _kanji_08dcf_paths
0032c1e0 00000030 r _kanji_08dcc_paths
0032c210 00000030 r _kanji_08dcb_paths
0032c240 0000002c r _kanji_08dc2_paths
0032c26c 0000002c r _kanji_08dbe_paths
0032c298 0000002c r _kanji_08dba_paths
0032c2c4 0000001c r _kanji_08db3_paths
0032c2e0 00000044 r _kanji_08da8_paths
0032c324 0000003c r _kanji_08da3_paths
0032c360 00000038 r _kanji_08d99_paths
0032c398 00000030 r _kanji_08d8a_paths
0032c3c8 00000030 r _kanji_08d85_paths
0032c3f8 00000030 r _kanji_08d81_paths
0032c428 00000028 r _kanji_08d77_paths
0032c450 00000024 r _kanji_08d74_paths
0032c474 00000028 r _kanji_08d73_paths
0032c49c 0000001c r _kanji_08d70_paths
0032c4b8 00000040 r _kanji_08d6d_paths
0032c4f8 00000038 r _kanji_08d6b_paths
0032c530 00000030 r _kanji_08d67_paths
0032c560 0000002c r _kanji_08d66_paths
0032c58c 0000001c r _kanji_08d64_paths
0032c5a8 00000058 r _kanji_08d16_paths
0032c600 00000054 r _kanji_08d14_paths
0032c654 00000058 r _kanji_08d13_paths
0032c6ac 00000054 r _kanji_08d10_paths
0032c700 00000050 r _kanji_08d0d_paths
0032c750 0000004c r _kanji_08d0b_paths
0032c79c 0000004c r _kanji_08d0a_paths
0032c7e8 00000048 r _kanji_08d08_paths
0032c830 0000004c r _kanji_08d07_paths
0032c87c 00000048 r _kanji_08d05_paths
0032c8c4 00000048 r _kanji_08d04_paths
0032c90c 00000044 r _kanji_08cfd_paths
0032c950 00000044 r _kanji_08cfc_paths
0032c994 00000044 r _kanji_08cfb_paths
0032c9d8 00000044 r _kanji_08cfa_paths
0032ca1c 00000040 r _kanji_08ced_paths
0032ca5c 0000003c r _kanji_08cea_paths
0032ca98 0000003c r _kanji_08ce6_paths
0032cad4 0000003c r _kanji_08ce4_paths
0032cb10 0000003c r _kanji_08ce3_paths
0032cb4c 00000040 r _kanji_08ce2_paths
0032cb8c 0000003c r _kanji_08ce0_paths
0032cbc8 0000003c r _kanji_08cde_paths
0032cc04 0000003c r _kanji_08cdc_paths
0032cc40 0000003c r _kanji_08cdb_paths
0032cc7c 0000003c r _kanji_08cda_paths
0032ccb8 0000003c r _kanji_08cd3_paths
0032ccf4 00000038 r _kanji_08cd1_paths
0032cd2c 00000034 r _kanji_08cca_paths
0032cd60 00000034 r _kanji_08cc8_paths
0032cd94 00000034 r _kanji_08cc7_paths
0032cdc8 00000034 r _kanji_08cc4_paths
0032cdfc 00000034 r _kanji_08cc3_paths
0032ce30 00000034 r _kanji_08cc2_paths
0032ce64 00000030 r _kanji_08cc0_paths
0032ce94 00000030 r _kanji_08cbf_paths
0032cec4 00000030 r _kanji_08cbd_paths
0032cef4 00000030 r _kanji_08cbc_paths
0032cf24 00000030 r _kanji_08cbb_paths
0032cf54 00000030 r _kanji_08cb8_paths
0032cf84 00000030 r _kanji_08cb7_paths
0032cfb4 0000002c r _kanji_08cb6_paths
0032cfe0 00000030 r _kanji_08cb4_paths
0032d010 00000030 r _kanji_08cb3_paths
0032d040 00000034 r _kanji_08cb2_paths
0032d074 00000030 r _kanji_08cb0_paths
0032d0a4 00000030 r _kanji_08caf_paths
0032d0d4 0000002c r _kanji_08cac_paths
0032d100 0000002c r _kanji_08cab_paths
0032d12c 0000002c r _kanji_08caa_paths
0032d158 0000002c r _kanji_08ca9_paths
0032d184 0000002c r _kanji_08ca8_paths
0032d1b0 0000002c r _kanji_08ca7_paths
0032d1dc 00000028 r _kanji_08ca2_paths
0032d204 00000028 r _kanji_08ca1_paths
0032d22c 00000024 r _kanji_08ca0_paths
0032d250 00000024 r _kanji_08c9e_paths
0032d274 0000001c r _kanji_08c9d_paths
0032d290 00000044 r _kanji_08c98_paths
0032d2d4 0000003c r _kanji_08c8e_paths
0032d310 00000038 r _kanji_08c8c_paths
0032d348 00000034 r _kanji_08c8a_paths
0032d37c 00000034 r _kanji_08c89_paths
0032d3b0 00000030 r _kanji_08c82_paths
0032d3e0 00000028 r _kanji_08c7a_paths
0032d408 00000028 r _kanji_08c79_paths
0032d430 00000040 r _kanji_08c6b_paths
0032d470 00000038 r _kanji_08c6a_paths
0032d4a8 00000034 r _kanji_08c62_paths
0032d4dc 00000030 r _kanji_08c61_paths
0032d50c 0000002c r _kanji_08c5a_paths
0032d538 0000001c r _kanji_08c55_paths
0032d554 00000048 r _kanji_08c50_paths
0032d59c 0000003c r _kanji_08c4c_paths
0032d5d8 00000034 r _kanji_08c4a_paths
0032d60c 00000028 r _kanji_08c48_paths
0032d634 0000001c r _kanji_08c46_paths
0032d650 00000044 r _kanji_08c3f_paths
0032d694 0000001c r _kanji_08c37_paths
0032d6b0 00000060 r _kanji_08b99_paths
0032d710 00000060 r _kanji_08b96_paths
0032d770 00000060 r _kanji_08b93_paths
0032d7d0 00000060 r _kanji_08b92_paths
0032d830 0000005c r _kanji_08b90_paths
0032d88c 0000005c r _kanji_08b8c_paths
0032d8e8 0000005c r _kanji_08b8a_paths
0032d944 00000058 r _kanji_08b83_paths
0032d99c 00000058 r _kanji_08b80_paths
0032d9f4 00000050 r _kanji_08b7d_paths
0032da44 00000050 r _kanji_08b77_paths
0032da94 00000054 r _kanji_08b74_paths
0032dae8 00000050 r _kanji_08b72_paths
0032db38 00000050 r _kanji_08b70_paths
0032db88 00000050 r _kanji_08b6f_paths
0032dbd8 00000050 r _kanji_08b6c_paths
0032dc28 00000050 r _kanji_08b6b_paths
0032dc78 0000004c r _kanji_08b66_paths
0032dcc4 00000050 r _kanji_08b5f_paths
0032dd14 0000004c r _kanji_08b5c_paths
0032dd60 0000004c r _kanji_08b5a_paths
0032ddac 0000004c r _kanji_08b58_paths
0032ddf8 0000004c r _kanji_08b56_paths
0032de44 0000004c r _kanji_08b4f_paths
0032de90 0000004c r _kanji_08b4e_paths
0032dedc 0000004c r _kanji_08b4c_paths
0032df28 0000004c r _kanji_08b49_paths
0032df74 00000048 r _kanji_08b3e_paths
0032dfbc 00000044 r _kanji_08b39_paths
0032e000 00000048 r _kanji_08b33_paths
0032e048 00000048 r _kanji_08b2c_paths
0032e090 00000048 r _kanji_08b2b_paths
0032e0d8 00000044 r _kanji_08b28_paths
0032e11c 00000048 r _kanji_08b26_paths
0032e164 00000040 r _kanji_08b21_paths
0032e1a4 00000044 r _kanji_08b20_paths
0032e1e8 00000044 r _kanji_08b1d_paths
0032e22c 00000044 r _kanji_08b1b_paths
0032e270 00000044 r _kanji_08b19_paths
0032e2b4 00000044 r _kanji_08b17_paths
0032e2f8 00000044 r _kanji_08b16_paths
0032e33c 00000040 r _kanji_08b14_paths
0032e37c 00000044 r _kanji_08b10_paths
0032e3c0 00000044 r _kanji_08b0e_paths
0032e404 00000044 r _kanji_08b07_paths
0032e448 00000044 r _kanji_08b04_paths
0032e48c 00000040 r _kanji_08b02_paths
0032e4cc 0000003c r _kanji_08b01_paths
0032e508 00000040 r _kanji_08b00_paths
0032e548 0000003c r _kanji_08afe_paths
0032e584 00000040 r _kanji_08afa_paths
0032e5c4 0000003c r _kanji_08af8_paths
0032e600 00000040 r _kanji_08af7_paths
0032e640 00000040 r _kanji_08af3_paths
0032e680 00000044 r _kanji_08af1_paths
0032e6c4 00000040 r _kanji_08aee_paths
0032e704 00000040 r _kanji_08aed_paths
0032e744 00000040 r _kanji_08aeb_paths
0032e784 00000040 r _kanji_08ae7_paths
0032e7c4 00000040 r _kanji_08ae6_paths
0032e804 00000040 r _kanji_08ae4_paths
0032e844 00000040 r _kanji_08ae2_paths
0032e884 00000040 r _kanji_08ae1_paths
0032e8c4 00000040 r _kanji_08ae0_paths
0032e904 00000040 r _kanji_08adc_paths
0032e944 0000003c r _kanji_08ada_paths
0032e980 0000003c r _kanji_08ad6_paths
0032e9bc 0000003c r _kanji_08ad2_paths
0032e9f8 0000003c r _kanji_08acf_paths
0032ea34 0000003c r _kanji_08acd_paths
0032ea70 0000003c r _kanji_08acb_paths
0032eaac 0000003c r _kanji_08ac7_paths
0032eae8 0000003c r _kanji_08ac4_paths
0032eb24 0000003c r _kanji_08ac2_paths
0032eb60 0000003c r _kanji_08abf_paths
0032eb9c 0000003c r _kanji_08abc_paths
0032ebd8 0000003c r _kanji_08ab9_paths
0032ec14 0000003c r _kanji_08ab2_paths
0032ec50 0000003c r _kanji_08ab0_paths
0032ec8c 00000038 r _kanji_08aad_paths
0032ecc4 00000038 r _kanji_08aac_paths
0032ecfc 00000038 r _kanji_08aa8_paths
0032ed34 00000038 r _kanji_08aa6_paths
0032ed6c 00000038 r _kanji_08aa5_paths
0032eda4 00000038 r _kanji_08aa4_paths
0032eddc 00000038 r _kanji_08aa3_paths
0032ee14 00000038 r _kanji_08aa1_paths
0032ee4c 00000034 r _kanji_08aa0_paths
0032ee80 00000038 r _kanji_08a9e_paths
0032eeb8 00000038 r _kanji_08a9a_paths
0032eef0 00000038 r _kanji_08a98_paths
0032ef28 0000003c r _kanji_08a95_paths
0032ef64 00000038 r _kanji_08a93_paths
0032ef9c 00000038 r _kanji_08a91_paths
0032efd4 00000038 r _kanji_08a8d_paths
0032f00c 00000038 r _kanji_08a8c_paths
0032f044 00000034 r _kanji_08a89_paths
0032f078 00000034 r _kanji_08a87_paths
0032f0ac 00000034 r _kanji_08a85_paths
0032f0e0 00000034 r _kanji_08a84_paths
0032f114 00000034 r _kanji_08a82_paths
0032f148 00000034 r _kanji_08a7c_paths
0032f17c 00000034 r _kanji_08a73_paths
0032f1b0 00000034 r _kanji_08a72_paths
0032f1e4 00000034 r _kanji_08a71_paths
0032f218 00000034 r _kanji_08a70_paths
0032f24c 00000034 r _kanji_08a6e_paths
0032f280 00000034 r _kanji_08a6d_paths
0032f2b4 00000034 r _kanji_08a6c_paths
0032f2e8 00000034 r _kanji_08a6b_paths
0032f31c 00000034 r _kanji_08a69_paths
0032f350 00000034 r _kanji_08a66_paths
0032f384 00000034 r _kanji_08a63_paths
0032f3b8 00000034 r _kanji_08a62_paths
0032f3ec 00000030 r _kanji_08a60_paths
0032f41c 00000030 r _kanji_08a5e_paths
0032f44c 00000030 r _kanji_08a5b_paths
0032f47c 00000030 r _kanji_08a55_paths
0032f4ac 00000030 r _kanji_08a54_paths
0032f4dc 00000030 r _kanji_08a52_paths
0032f50c 00000030 r _kanji_08a51_paths
0032f53c 00000030 r _kanji_08a50_paths
0032f56c 00000030 r _kanji_08a48_paths
0032f59c 00000030 r _kanji_08a46_paths
0032f5cc 00000030 r _kanji_08a41_paths
0032f5fc 00000030 r _kanji_08a3c_paths
0032f62c 00000030 r _kanji_08a3b_paths
0032f65c 00000030 r _kanji_08a3a_paths
0032f68c 00000030 r _kanji_08a36_paths
0032f6bc 00000030 r _kanji_08a34_paths
0032f6ec 0000002c r _kanji_08a33_paths
0032f718 0000002c r _kanji_08a31_paths
0032f744 0000002c r _kanji_08a2d_paths
0032f770 0000002c r _kanji_08a2a_paths
0032f79c 0000002c r _kanji_08a25_paths
0032f7c8 0000002c r _kanji_08a23_paths
0032f7f4 0000002c r _kanji_08a1f_paths
0032f820 0000002c r _kanji_08a1d_paths
0032f84c 0000002c r _kanji_08a1b_paths
0032f878 00000028 r _kanji_08a18_paths
0032f8a0 00000028 r _kanji_08a17_paths
0032f8c8 00000028 r _kanji_08a16_paths
0032f8f0 00000028 r _kanji_08a13_paths
0032f918 00000028 r _kanji_08a10_paths
0032f940 00000028 r _kanji_08a0e_paths
0032f968 00000028 r _kanji_08a0c_paths
0032f990 00000028 r _kanji_08a0a_paths
0032f9b8 00000024 r _kanji_08a08_paths
0032f9dc 00000024 r _kanji_08a03_paths
0032fa00 00000024 r _kanji_08a02_paths
0032fa24 0000001c r _kanji_08a00_paths
0032fa40 00000050 r _kanji_089f8_paths
0032fa90 00000048 r _kanji_089f4_paths
0032fad8 00000034 r _kanji_089e6_paths
0032fb0c 00000034 r _kanji_089e3_paths
0032fb40 00000030 r _kanji_089dd_paths
0032fb70 00000034 r _kanji_089dc_paths
0032fba4 0000001c r _kanji_089d2_paths
0032fbc0 00000060 r _kanji_089c0_paths
0032fc20 00000058 r _kanji_089bf_paths
0032fc78 00000058 r _kanji_089bd_paths
0032fcd0 00000050 r _kanji_089ba_paths
0032fd20 00000048 r _kanji_089b3_paths
0032fd68 00000048 r _kanji_089b2_paths
0032fdb0 00000044 r _kanji_089ac_paths
0032fdf4 00000040 r _kanji_089aa_paths
0032fe34 00000040 r _kanji_089a9_paths
0032fe74 00000044 r _kanji_089a7_paths
0032feb8 00000040 r _kanji_089a6_paths
0032fef8 00000038 r _kanji_089a1_paths
0032ff30 00000030 r _kanji_0899a_paths
0032ff60 00000030 r _kanji_08998_paths
0032ff90 00000030 r _kanji_08997_paths
0032ffc0 0000002c r _kanji_08996_paths
0032ffec 0000002c r _kanji_08993_paths
00330018 0000002c r _kanji_0898f_paths
00330044 0000001c r _kanji_0898b_paths
00330060 0000004c r _kanji_08988_paths
003300ac 0000004c r _kanji_08987_paths
003300f8 00000048 r _kanji_08986_paths
00330140 00000030 r _kanji_08983_paths
00330170 00000024 r _kanji_08981_paths
00330194 00000018 r _kanji_0897f_paths
003301ac 00000058 r _kanji_08977_paths
00330204 00000058 r _kanji_08974_paths
0033025c 00000058 r _kanji_08972_paths
003302b4 00000054 r _kanji_0896f_paths
00330308 00000050 r _kanji_0896d_paths
00330358 0000004c r _kanji_08966_paths
003303a4 00000050 r _kanji_08964_paths
003303f4 00000048 r _kanji_08960_paths
0033043c 00000048 r _kanji_0895f_paths
00330484 0000004c r _kanji_0895e_paths
003304d0 00000048 r _kanji_08956_paths
00330518 00000044 r _kanji_0894c_paths
0033055c 00000044 r _kanji_08944_paths
003305a0 00000044 r _kanji_08943_paths
003305e4 00000040 r _kanji_08941_paths
00330624 00000044 r _kanji_0893b_paths
00330668 00000040 r _kanji_08938_paths
003306a8 00000040 r _kanji_08936_paths
003306e8 0000003c r _kanji_0892b_paths
00330724 0000003c r _kanji_0892a_paths
00330760 0000003c r _kanji_08925_paths
0033079c 0000003c r _kanji_0891e_paths
003307d8 00000038 r _kanji_08913_paths
00330810 0000003c r _kanji_08912_paths
0033084c 00000034 r _kanji_08910_paths
00330880 00000038 r _kanji_0890c_paths
003308b8 00000038 r _kanji_08907_paths
003308f0 00000034 r _kanji_08904_paths
00330924 00000034 r _kanji_08902_paths
00330958 00000034 r _kanji_088fe_paths
0033098c 00000038 r _kanji_088fd_paths
003309c4 00000034 r _kanji_088fc_paths
003309f8 00000038 r _kanji_088f9_paths
00330a30 00000034 r _kanji_088f8_paths
00330a64 00000038 r _kanji_088f4_paths
00330a9c 00000038 r _kanji_088f3_paths
00330ad4 00000034 r _kanji_088f2_paths
00330b08 00000034 r _kanji_088e8_paths
00330b3c 00000030 r _kanji_088e1_paths
00330b6c 00000034 r _kanji_088df_paths
00330ba0 00000034 r _kanji_088dd_paths
00330bd4 00000030 r _kanji_088dc_paths
00330c04 00000030 r _kanji_088d9_paths
00330c34 00000034 r _kanji_088d8_paths
00330c68 00000030 r _kanji_088d5_paths
00330c98 00000034 r _kanji_088d4_paths
00330ccc 00000034 r _kanji_088cf_paths
00330d00 00000030 r _kanji_088c5_paths
00330d30 0000002c r _kanji_088c4_paths
00330d5c 0000002c r _kanji_088c3_paths
00330d88 00000030 r _kanji_088c2_paths
00330db8 00000030 r _kanji_088c1_paths
00330de8 0000002c r _kanji_088bf_paths
00330e14 0000002c r _kanji_088b7_paths
00330e40 0000002c r _kanji_088b5_paths
00330e6c 0000002c r _kanji_088b4_paths
00330e98 0000002c r _kanji_088b1_paths
00330ec4 0000002c r _kanji_088b0_paths
00330ef0 00000028 r _kanji_088ab_paths
00330f18 0000002c r _kanji_088a4_paths
00330f44 00000028 r _kanji_088a2_paths
00330f6c 00000028 r _kanji_08899_paths
00330f94 00000028 r _kanji_08897_paths
00330fbc 00000028 r _kanji_08896_paths
00330fe4 00000028 r _kanji_08892_paths
0033100c 00000028 r _kanji_0888d_paths
00331034 0000002c r _kanji_0888b_paths
00331060 0000002c r _kanji_08888_paths
0033108c 00000024 r _kanji_08882_paths
003310b0 00000024 r _kanji_0887f_paths
003310d4 00000028 r _kanji_0887e_paths
003310fc 00000024 r _kanji_08877_paths
00331120 00000024 r _kanji_08875_paths
00331144 00000024 r _kanji_08872_paths
00331168 00000028 r _kanji_08870_paths
00331190 00000020 r _kanji_0886b_paths
003311b0 00000020 r _kanji_08868_paths
003311d0 00000018 r _kanji_08863_paths
003311e8 00000060 r _kanji_08862_paths
00331248 00000040 r _kanji_08861_paths
00331288 00000040 r _kanji_0885e_paths
003312c8 0000003c r _kanji_0885d_paths
00331304 00000040 r _kanji_0885b_paths
00331344 00000034 r _kanji_08859_paths
00331378 00000030 r _kanji_08857_paths
003313a8 0000002c r _kanji_08853_paths
003313d4 0000002c r _kanji_08852_paths
00331400 00000024 r _kanji_0884d_paths
00331424 00000018 r _kanji_0884c_paths
0033143c 00000030 r _kanji_08846_paths
0033146c 00000028 r _kanji_08844_paths
00331494 00000018 r _kanji_08840_paths
003314ac 00000064 r _kanji_0883b_paths
00331510 00000060 r _kanji_08839_paths
00331570 00000068 r _kanji_08836_paths
003315d8 0000005c r _kanji_08831_paths
00331634 00000050 r _kanji_08823_paths
00331684 00000054 r _kanji_08822_paths
003316d8 00000054 r _kanji_08821_paths
0033172c 0000004c r _kanji_08816_paths
00331778 00000050 r _kanji_08815_paths
003317c8 00000050 r _kanji_08811_paths
00331818 0000004c r _kanji_0880d_paths
00331864 0000004c r _kanji_08805_paths
003318b0 0000004c r _kanji_087fe_paths
003318fc 0000004c r _kanji_087fb_paths
00331948 0000004c r _kanji_087f9_paths
00331994 0000004c r _kanji_087f7_paths
003319e0 0000004c r _kanji_087f6_paths
00331a2c 00000048 r _kanji_087f2_paths
00331a74 00000048 r _kanji_087ef_paths
00331abc 00000048 r _kanji_087ec_paths
00331b04 00000048 r _kanji_087e0_paths
00331b4c 00000044 r _kanji_087cb_paths
00331b90 00000040 r _kanji_087c7_paths
00331bd0 00000044 r _kanji_087c4_paths
00331c14 00000044 r _kanji_087c0_paths
00331c58 00000044 r _kanji_087bb_paths
00331c9c 00000044 r _kanji_087ba_paths
00331ce0 00000044 r _kanji_087b3_paths
00331d24 00000044 r _kanji_087af_paths
00331d68 00000044 r _kanji_087ab_paths
00331dac 00000040 r _kanji_087a2_paths
00331dec 00000040 r _kanji_0879f_paths
00331e2c 00000040 r _kanji_0878d_paths
00331e6c 00000040 r _kanji_08782_paths
00331eac 0000003c r _kanji_08778_paths
00331ee8 0000003c r _kanji_08776_paths
00331f24 0000003c r _kanji_08774_paths
00331f60 0000003c r _kanji_0876e_paths
00331f9c 0000003c r _kanji_08768_paths
00331fd8 0000003c r _kanji_08766_paths
00332014 0000003c r _kanji_08763_paths
00332050 0000003c r _kanji_08760_paths
0033208c 0000003c r _kanji_0875f_paths
003320c8 0000003c r _kanji_08757_paths
00332104 0000003c r _kanji_08755_paths
00332140 0000003c r _kanji_08753_paths
0033217c 0000003c r _kanji_0874e_paths
003321b8 0000003c r _kanji_0874c_paths
003321f4 00000038 r _kanji_0873f_paths
0033222c 00000038 r _kanji_0873b_paths
00332264 00000038 r _kanji_08737_paths
0033229c 00000038 r _kanji_08734_paths
003322d4 00000038 r _kanji_08729_paths
0033230c 00000038 r _kanji_08725_paths
00332344 00000038 r _kanji_0871c_paths
0033237c 00000038 r _kanji_0871a_paths
003323b4 00000038 r _kanji_08718_paths
003323ec 00000034 r _kanji_08712_paths
00332420 00000034 r _kanji_08711_paths
00332454 00000034 r _kanji_0870d_paths
00332488 00000034 r _kanji_0870a_paths
003324bc 00000034 r _kanji_08709_paths
003324f0 00000034 r _kanji_08708_paths
00332524 00000034 r _kanji_08706_paths
00332558 00000034 r _kanji_08703_paths
0033258c 00000034 r _kanji_08702_paths
003325c0 00000034 r _kanji_08700_paths
003325f4 00000034 r _kanji_086fe_paths
00332628 00000034 r _kanji_086fb_paths
0033265c 00000034 r _kanji_086f9_paths
00332690 00000034 r _kanji_086f8_paths
003326c4 00000030 r _kanji_086ef_paths
003326f4 00000030 r _kanji_086ee_paths
00332724 00000030 r _kanji_086ed_paths
00332754 00000030 r _kanji_086ec_paths
00332784 00000030 r _kanji_086e4_paths
003327b4 00000030 r _kanji_086df_paths
003327e4 00000030 r _kanji_086de_paths
00332814 00000030 r _kanji_086db_paths
00332844 00000030 r _kanji_086d9_paths
00332874 00000030 r _kanji_086d4_paths
003328a4 0000002c r _kanji_086cd_paths
003328d0 0000002c r _kanji_086cb_paths
003328fc 0000002c r _kanji_086c9_paths
00332928 0000002c r _kanji_086c7_paths
00332954 0000002c r _kanji_086c6_paths
00332980 0000002c r _kanji_086c4_paths
003329ac 0000002c r _kanji_086b6_paths
003329d8 0000002c r _kanji_086b0_paths
00332a04 0000002c r _kanji_086af_paths
00332a30 0000002c r _kanji_086ab_paths
00332a5c 00000028 r _kanji_086aa_paths
00332a84 00000028 r _kanji_086a9_paths
00332aac 00000028 r _kanji_086a4_paths
00332ad4 00000028 r _kanji_086a3_paths
00332afc 00000028 r _kanji_08695_paths
00332b24 00000028 r _kanji_08693_paths
00332b4c 00000028 r _kanji_0868c_paths
00332b74 00000028 r _kanji_0868a_paths
00332b9c 00000024 r _kanji_0867b_paths
00332bc0 00000024 r _kanji_08679_paths
00332be4 00000018 r _kanji_0866b_paths
00332bfc 00000044 r _kanji_08667_paths
00332c40 00000034 r _kanji_0865f_paths
00332c74 00000034 r _kanji_0865e_paths
00332ca8 00000034 r _kanji_0865c_paths
00332cdc 0000002c r _kanji_0865a_paths
00332d08 0000002c r _kanji_08655_paths
00332d34 00000028 r _kanji_08654_paths
00332d5c 00000024 r _kanji_08650_paths
00332d80 00000020 r _kanji_0864e_paths
00332da0 00000058 r _kanji_0863f_paths
00332df8 0000004c r _kanji_0862d_paths
00332e44 0000004c r _kanji_08622_paths
00332e90 00000050 r _kanji_0861a_paths
00332ee0 0000004c r _kanji_0860b_paths
00332f2c 0000004c r _kanji_0860a_paths
00332f78 0000004c r _kanji_08607_paths
00332fc4 0000004c r _kanji_08606_paths
00333010 0000004c r _kanji_085fe_paths
0033305c 0000004c r _kanji_085fb_paths
003330a8 0000004c r _kanji_085fa_paths
003330f4 0000004c r _kanji_085f9_paths
00333140 0000004c r _kanji_085f7_paths
0033318c 00000048 r _kanji_085ea_paths
003331d4 00000048 r _kanji_085e9_paths
0033321c 00000048 r _kanji_085e5_paths
00333264 00000048 r _kanji_085e4_paths
003332ac 00000048 r _kanji_085dd_paths
003332f4 00000048 r _kanji_085dc_paths
0033333c 00000048 r _kanji_085d5_paths
00333384 00000044 r _kanji_085d0_paths
003333c8 00000048 r _kanji_085cf_paths
00333410 00000048 r _kanji_085cd_paths
00333458 00000044 r _kanji_085c9_paths
0033349c 00000044 r _kanji_085c1_paths
003334e0 00000044 r _kanji_085ba_paths
00333524 00000044 r _kanji_085b9_paths
00333568 00000044 r _kanji_085af_paths
003335ac 00000040 r _kanji_085ac_paths
003335ec 00000040 r _kanji_085ab_paths
0033362c 00000040 r _kanji_085aa_paths
0033366c 00000044 r _kanji_085a9_paths
003336b0 00000040 r _kanji_085a8_paths
003336f0 00000040 r _kanji_085a6_paths
00333730 00000040 r _kanji_085a4_paths
00333770 00000040 r _kanji_0859c_paths
003337b0 00000040 r _kanji_0859b_paths
003337f0 00000040 r _kanji_08599_paths
00333830 00000040 r _kanji_08597_paths
00333870 00000040 r _kanji_08594_paths
003338b0 00000040 r _kanji_08591_paths
003338f0 00000040 r _kanji_08590_paths
00333930 00000040 r _kanji_0858a_paths
00333970 00000040 r _kanji_08588_paths
003339b0 00000040 r _kanji_08587_paths
003339f0 00000040 r _kanji_08584_paths
00333a30 00000040 r _kanji_08580_paths
00333a70 00000040 r _kanji_0857e_paths
00333ab0 00000040 r _kanji_08577_paths
00333af0 00000040 r _kanji_0856d_paths
00333b30 0000003c r _kanji_0856a_paths
00333b6c 0000003c r _kanji_08569_paths
00333ba8 0000003c r _kanji_08568_paths
00333be4 0000003c r _kanji_08563_paths
00333c20 0000003c r _kanji_08558_paths
00333c5c 00000040 r _kanji_08557_paths
00333c9c 0000003c r _kanji_08555_paths
00333cd8 0000003c r _kanji_0854e_paths
00333d14 0000003c r _kanji_0854a_paths
00333d50 0000003c r _kanji_08549_paths
00333d8c 0000003c r _kanji_08543_paths
00333dc8 0000003c r _kanji_08541_paths
00333e04 0000003c r _kanji_08540_paths
00333e40 0000003c r _kanji_0853d_paths
00333e7c 0000003c r _kanji_08535_paths
00333eb8 00000038 r _kanji_0852d_paths
00333ef0 00000038 r _kanji_08526_paths
00333f28 00000038 r _kanji_08523_paths
00333f60 00000038 r _kanji_08521_paths
00333f98 00000038 r _kanji_0851f_paths
00333fd0 00000038 r _kanji_0851a_paths
00334008 00000038 r _kanji_08518_paths
00334040 00000038 r _kanji_08517_paths
00334078 00000038 r _kanji_08515_paths
003340b0 00000038 r _kanji_08514_paths
003340e8 00000038 r _kanji_08513_paths
00334120 00000038 r _kanji_08511_paths
00334158 00000038 r _kanji_08500_paths
00334190 00000038 r _kanji_084ff_paths
003341c8 00000038 r _kanji_084fc_paths
00334200 00000034 r _kanji_084ee_paths
00334234 00000038 r _kanji_084ec_paths
0033426c 00000034 r _kanji_084d9_paths
003342a0 00000034 r _kanji_084d6_paths
003342d4 00000034 r _kanji_084d1_paths
00334308 00000034 r _kanji_084d0_paths
0033433c 00000034 r _kanji_084cd_paths
00334370 00000034 r _kanji_084cb_paths
003343a4 00000034 r _kanji_084c9_paths
003343d8 00000034 r _kanji_084c6_paths
0033440c 00000034 r _kanji_084c4_paths
00334440 00000034 r _kanji_084c1_paths
00334474 00000034 r _kanji_084bf_paths
003344a8 00000034 r _kanji_084bc_paths
003344dc 00000034 r _kanji_084bb_paths
00334510 00000034 r _kanji_084b9_paths
00334544 00000034 r _kanji_084b8_paths
00334578 00000034 r _kanji_084b2_paths
003345ac 00000034 r _kanji_084a1_paths
003345e0 00000034 r _kanji_0849f_paths
00334614 00000034 r _kanji_0849c_paths
00334648 00000034 r _kanji_08499_paths
0033467c 00000034 r _kanji_08494_paths
003346b0 00000034 r _kanji_08490_paths
003346e4 00000030 r _kanji_0847a_paths
00334714 00000030 r _kanji_08477_paths
00334744 00000030 r _kanji_08475_paths
00334774 00000030 r _kanji_08471_paths
003347a4 00000030 r _kanji_0846d_paths
003347d4 00000030 r _kanji_0846c_paths
00334804 00000030 r _kanji_08469_paths
00334834 00000034 r _kanji_08466_paths
00334868 00000030 r _kanji_08463_paths
00334898 00000030 r _kanji_08461_paths
003348c8 00000030 r _kanji_0845b_paths
003348f8 0000002c r _kanji_08457_paths
00334924 00000030 r _kanji_0844e_paths
00334954 00000030 r _kanji_08449_paths
00334984 00000030 r _kanji_08446_paths
003349b4 00000030 r _kanji_0843d_paths
003349e4 00000030 r _kanji_0843c_paths
00334a14 00000030 r _kanji_08438_paths
00334a44 00000030 r _kanji_08435_paths
00334a74 00000030 r _kanji_08431_paths
00334aa4 00000030 r _kanji_0842c_paths
00334ad4 00000030 r _kanji_08429_paths
00334b04 0000002c r _kanji_0840e_paths
00334b30 0000002c r _kanji_0840d_paths
00334b5c 0000002c r _kanji_0840c_paths
00334b88 0000002c r _kanji_0840a_paths
00334bb4 0000002c r _kanji_08404_paths
00334be0 0000002c r _kanji_08403_paths
00334c0c 0000002c r _kanji_083fd_paths
00334c38 0000002c r _kanji_083f4_paths
00334c64 0000002c r _kanji_083f2_paths
00334c90 0000002c r _kanji_083f1_paths
00334cbc 00000030 r _kanji_083f0_paths
00334cec 00000028 r _kanji_083ef_paths
00334d14 0000002c r _kanji_083eb_paths
00334d40 0000002c r _kanji_083e9_paths
00334d6c 0000002c r _kanji_083e0_paths
00334d98 0000002c r _kanji_083dc_paths
00334dc4 0000002c r _kanji_083d8_paths
00334df0 0000002c r _kanji_083d6_paths
00334e1c 0000002c r _kanji_083d3_paths
00334e48 0000002c r _kanji_083ce_paths
00334e74 0000002c r _kanji_083cc_paths
00334ea0 0000002c r _kanji_083ca_paths
00334ecc 0000002c r _kanji_083c5_paths
00334ef8 0000002c r _kanji_083c1_paths
00334f24 00000028 r _kanji_083ab_paths
00334f4c 00000028 r _kanji_083aa_paths
00334f74 00000028 r _kanji_083a8_paths
00334f9c 00000028 r _kanji_083a2_paths
00334fc4 00000028 r _kanji_083a0_paths
00334fec 00000028 r _kanji_0839f_paths
00335014 00000028 r _kanji_0839e_paths
0033503c 00000028 r _kanji_0839a_paths
00335064 00000028 r _kanji_08396_paths
0033508c 00000028 r _kanji_0838e_paths
003350b4 00000028 r _kanji_0838a_paths
003350dc 00000028 r _kanji_08389_paths
00335104 00000028 r _kanji_08385_paths
0033512c 00000028 r _kanji_0837c_paths
00335154 00000028 r _kanji_0837b_paths
0033517c 00000028 r _kanji_08377_paths
003351a4 00000028 r _kanji_08373_paths
003351cc 00000024 r _kanji_08358_paths
003351f0 00000024 r _kanji_08352_paths
00335214 00000024 r _kanji_08350_paths
00335238 00000024 r _kanji_0834f_paths
0033525c 00000024 r _kanji_0834a_paths
00335280 00000024 r _kanji_08349_paths
003352a4 00000024 r _kanji_08345_paths
003352c8 00000024 r _kanji_08340_paths
003352ec 00000024 r _kanji_08339_paths
00335310 00000024 r _kanji_08338_paths
00335334 00000024 r _kanji_08336_paths
00335358 00000024 r _kanji_08335_paths
0033537c 00000024 r _kanji_08334_paths
003353a0 00000024 r _kanji_08332_paths
003353c4 00000024 r _kanji_08331_paths
003353e8 00000024 r _kanji_0832f_paths
0033540c 00000024 r _kanji_0832b_paths
00335430 00000024 r _kanji_08328_paths
00335454 00000028 r _kanji_08323_paths
0033547c 00000024 r _kanji_0831c_paths
003354a0 00000024 r _kanji_08318_paths
003354c4 00000024 r _kanji_08317_paths
003354e8 00000020 r _kanji_0830e_paths
00335508 00000020 r _kanji_08309_paths
00335528 00000020 r _kanji_08306_paths
00335548 00000020 r _kanji_08305_paths
00335568 00000020 r _kanji_08304_paths
00335588 00000020 r _kanji_08303_paths
003355a8 00000020 r _kanji_08302_paths
003355c8 00000020 r _kanji_082fb_paths
003355e8 00000020 r _kanji_082fa_paths
00335608 00000020 r _kanji_082f9_paths
00335628 00000020 r _kanji_082f4_paths
00335648 00000020 r _kanji_082f3_paths
00335668 00000020 r _kanji_082f1_paths
00335688 00000020 r _kanji_082eb_paths
003356a8 00000020 r _kanji_082e7_paths
003356c8 00000020 r _kanji_082e6_paths
003356e8 00000020 r _kanji_082e5_paths
00335708 00000020 r _kanji_082e1_paths
00335728 00000020 r _kanji_082df_paths
00335748 00000020 r _kanji_082de_paths
00335768 00000020 r _kanji_082dc_paths
00335788 00000020 r _kanji_082db_paths
003357a8 00000020 r _kanji_082d9_paths
003357c8 00000020 r _kanji_082d7_paths
003357e8 00000020 r _kanji_082d4_paths
00335808 00000020 r _kanji_082d3_paths
00335828 00000020 r _kanji_082d1_paths
00335848 0000001c r _kanji_082c5_paths
00335864 00000020 r _kanji_082bd_paths
00335884 00000028 r _kanji_082bb_paths
003358ac 0000001c r _kanji_082b9_paths
003358c8 0000001c r _kanji_082b8_paths
003358e4 0000001c r _kanji_082b3_paths
00335900 0000001c r _kanji_082b1_paths
0033591c 0000001c r _kanji_082af_paths
00335938 0000001c r _kanji_082ad_paths
00335954 0000001c r _kanji_082ac_paths
00335970 0000001c r _kanji_082ab_paths
0033598c 0000001c r _kanji_082a5_paths
003359a8 0000001c r _kanji_0829f_paths
003359c4 00000018 r _kanji_0829d_paths
003359dc 0000001c r _kanji_08299_paths
003359f8 00000018 r _kanji_08292_paths
00335a10 00000018 r _kanji_0828b_paths
00335a28 00000014 r _kanji_0827e_paths
00335a3c 00000018 r _kanji_08278_paths
00335a54 00000060 r _kanji_08277_paths
00335ab4 0000004c r _kanji_08276_paths
00335b00 00000018 r _kanji_08272_paths
00335b18 00000044 r _kanji_08271_paths
00335b5c 0000001c r _kanji_0826f_paths
00335b78 00000018 r _kanji_0826e_paths
00335b90 00000058 r _kanji_0826b_paths
00335be8 00000054 r _kanji_0826a_paths
00335c3c 0000004c r _kanji_08268_paths
00335c88 00000054 r _kanji_08266_paths
00335cdc 0000004c r _kanji_08264_paths
00335d28 0000004c r _kanji_08262_paths
00335d74 00000048 r _kanji_0825f_paths
00335dbc 00000044 r _kanji_0825d_paths
00335e00 00000044 r _kanji_0825a_paths
00335e44 00000040 r _kanji_08259_paths
00335e84 00000040 r _kanji_08258_paths
00335ec4 00000034 r _kanji_08247_paths
00335ef8 00000034 r _kanji_08240_paths
00335f2c 0000002c r _kanji_08239_paths
00335f58 0000002c r _kanji_08238_paths
00335f84 0000002c r _kanji_08237_paths
00335fb0 0000002c r _kanji_08236_paths
00335fdc 0000002c r _kanji_08235_paths
00336008 0000002c r _kanji_08233_paths
00336034 00000028 r _kanji_0822c_paths
0033605c 00000028 r _kanji_0822b_paths
00336084 00000028 r _kanji_0822a_paths
003360ac 00000018 r _kanji_0821f_paths
003360c4 0000003c r _kanji_0821e_paths
00336100 00000034 r _kanji_0821c_paths
00336134 00000018 r _kanji_0821b_paths
0033614c 00000040 r _kanji_08218_paths
0033618c 0000003c r _kanji_08217_paths
003361c8 0000003c r _kanji_08216_paths
00336204 00000030 r _kanji_08212_paths
00336234 00000028 r _kanji_08210_paths
0033625c 00000020 r _kanji_0820e_paths
0033627c 00000020 r _kanji_0820d_paths
0033629c 00000018 r _kanji_0820c_paths
003362b4 00000044 r _kanji_0820a_paths
003362f8 00000040 r _kanji_08208_paths
00336338 00000034 r _kanji_08207_paths
0033636c 00000034 r _kanji_08205_paths
003363a0 0000002c r _kanji_08202_paths
003363cc 00000024 r _kanji_081fe_paths
003363f0 00000018 r _kanji_081fc_paths
00336408 00000040 r _kanji_081fb_paths
00336448 00000038 r _kanji_081fa_paths
00336480 00000028 r _kanji_081f4_paths
003364a8 00000018 r _kanji_081f3_paths
003364c0 00000024 r _kanji_081ed_paths
003364e4 00000018 r _kanji_081ea_paths
003364fc 00000048 r _kanji_081e8_paths
00336544 0000003c r _kanji_081e7_paths
00336580 00000024 r _kanji_081e5_paths
003365a4 0000001c r _kanji_081e3_paths
003365c0 00000064 r _kanji_081e0_paths
00336624 00000058 r _kanji_081df_paths
0033667c 00000050 r _kanji_081da_paths
003366cc 00000050 r _kanji_081d9_paths
0033671c 0000004c r _kanji_081d8_paths
00336768 0000004c r _kanji_081d3_paths
003367b4 00000048 r _kanji_081d1_paths
003367fc 00000048 r _kanji_081cd_paths
00336844 00000044 r _kanji_081c9_paths
00336888 00000044 r _kanji_081c6_paths
003368cc 00000044 r _kanji_081c2_paths
00336910 00000044 r _kanji_081c0_paths
00336954 00000044 r _kanji_081bf_paths
00336998 00000044 r _kanji_081be_paths
003369dc 00000044 r _kanji_081bd_paths
00336a20 00000044 r _kanji_081ba_paths
00336a64 0000003c r _kanji_081b5_paths
00336aa0 00000040 r _kanji_081b3_paths
00336ae0 00000040 r _kanji_081b0_paths
00336b20 00000040 r _kanji_081a9_paths
00336b60 00000040 r _kanji_081a8_paths
00336ba0 0000003c r _kanji_081a3_paths
00336bdc 0000003c r _kanji_081a0_paths
00336c18 0000003c r _kanji_0819d_paths
00336c54 00000038 r _kanji_0819c_paths
00336c8c 0000003c r _kanji_0819a_paths
00336cc8 00000038 r _kanji_0818f_paths
00336d00 00000038 r _kanji_0818a_paths
00336d38 00000038 r _kanji_08188_paths
00336d70 00000038 r _kanji_08183_paths
00336da8 00000038 r _kanji_08182_paths
00336de0 00000038 r _kanji_08180_paths
00336e18 00000038 r _kanji_0817f_paths
00336e50 00000034 r _kanji_0817a_paths
00336e84 00000034 r _kanji_08179_paths
00336eb8 00000034 r _kanji_08178_paths
00336eec 00000034 r _kanji_08174_paths
00336f20 00000034 r _kanji_08171_paths
00336f54 00000034 r _kanji_08170_paths
00336f88 00000034 r _kanji_0816e_paths
00336fbc 00000034 r _kanji_0816b_paths
00336ff0 00000034 r _kanji_08166_paths
00337024 00000034 r _kanji_08165_paths
00337058 00000030 r _kanji_08155_paths
00337088 00000030 r _kanji_08154_paths
003370b8 00000030 r _kanji_08153_paths
003370e8 00000030 r _kanji_08151_paths
00337118 00000038 r _kanji_08150_paths
00337150 00000034 r _kanji_0814e_paths
00337184 00000030 r _kanji_0814b_paths
003371b4 00000030 r _kanji_08146_paths
003371e4 00000030 r _kanji_0813e_paths
00337214 00000030 r _kanji_08139_paths
00337244 0000002c r _kanji_08133_paths
00337270 0000002c r _kanji_08131_paths
0033729c 0000002c r _kanji_0812f_paths
003372c8 0000002c r _kanji_08129_paths
003372f4 0000002c r _kanji_08123_paths
00337320 0000002c r _kanji_0811b_paths
0033734c 0000002c r _kanji_0811a_paths
00337378 00000028 r _kanji_0810a_paths
003373a0 00000028 r _kanji_08108_paths
003373c8 00000028 r _kanji_08107_paths
003373f0 00000028 r _kanji_08106_paths
00337418 00000028 r _kanji_08105_paths
00337440 00000028 r _kanji_08102_paths
00337468 00000028 r _kanji_080fd_paths
00337490 00000028 r _kanji_080f8_paths
003374b8 00000028 r _kanji_080f4_paths
003374e0 00000028 r _kanji_080f1_paths
00337508 00000028 r _kanji_080ef_paths
00337530 00000024 r _kanji_080e5_paths
00337554 00000024 r _kanji_080e4_paths
00337578 00000024 r _kanji_080e1_paths
0033759c 00000024 r _kanji_080de_paths
003375c0 00000024 r _kanji_080dd_paths
003375e4 00000024 r _kanji_080db_paths
00337608 00000024 r _kanji_080da_paths
0033762c 00000024 r _kanji_080d9_paths
00337650 00000024 r _kanji_080d6_paths
00337674 00000024 r _kanji_080ce_paths
00337698 00000024 r _kanji_080cc_paths
003376bc 00000024 r _kanji_080c6_paths
003376e0 00000024 r _kanji_080c4_paths
00337704 00000024 r _kanji_080c3_paths
00337728 00000024 r _kanji_080ba_paths
0033774c 00000020 r _kanji_080b4_paths
0033776c 00000020 r _kanji_080b2_paths
0033778c 00000020 r _kanji_080b1_paths
003377ac 00000020 r _kanji_080af_paths
003377cc 00000020 r _kanji_080ad_paths
003377ec 00000020 r _kanji_080ac_paths
0033780c 00000020 r _kanji_080aa_paths
0033782c 00000020 r _kanji_080a9_paths
0033784c 00000020 r _kanji_080a5_paths
0033786c 00000020 r _kanji_080a2_paths
0033788c 00000020 r _kanji_080a1_paths
003378ac 0000001c r _kanji_0809d_paths
003378c8 0000001c r _kanji_0809b_paths
003378e4 0000001c r _kanji_0809a_paths
00337900 0000001c r _kanji_08098_paths
0033791c 0000001c r _kanji_08096_paths
00337938 00000018 r _kanji_0808c_paths
00337950 00000018 r _kanji_0808b_paths
00337968 00000018 r _kanji_08089_paths
00337980 00000038 r _kanji_08087_paths
003379b8 00000034 r _kanji_08086_paths
003379ec 00000034 r _kanji_08085_paths
00337a20 00000034 r _kanji_08084_paths
00337a54 00000018 r _kanji_0807f_paths
00337a6c 00000058 r _kanji_0807e_paths
00337ac4 00000058 r _kanji_0807d_paths
00337b1c 00000048 r _kanji_08077_paths
00337b64 00000048 r _kanji_08076_paths
00337bac 00000044 r _kanji_08074_paths
00337bf0 00000044 r _kanji_08073_paths
00337c34 00000044 r _kanji_08072_paths
00337c78 00000044 r _kanji_08070_paths
00337cbc 00000044 r _kanji_0806f_paths
00337d00 00000038 r _kanji_08062_paths
00337d38 00000038 r _kanji_08061_paths
00337d70 00000038 r _kanji_0805e_paths
00337da8 00000038 r _kanji_0805a_paths
00337de0 00000034 r _kanji_08058_paths
00337e14 00000034 r _kanji_08056_paths
00337e48 00000030 r _kanji_08052_paths
00337e78 0000002c r _kanji_0804a_paths
00337ea4 0000002c r _kanji_08046_paths
00337ed0 00000028 r _kanji_0803f_paths
00337ef8 00000028 r _kanji_0803d_paths
00337f20 00000024 r _kanji_08036_paths
00337f44 00000018 r _kanji_08033_paths
00337f5c 00000040 r _kanji_08028_paths
00337f9c 00000034 r _kanji_08021_paths
00337fd0 00000028 r _kanji_08019_paths
00337ff8 00000028 r _kanji_08018_paths
00338020 00000028 r _kanji_08017_paths
00338048 00000028 r _kanji_08015_paths
00338070 00000024 r _kanji_08010_paths
00338094 00000018 r _kanji_0800c_paths
003380ac 00000030 r _kanji_0800b_paths
003380dc 00000028 r _kanji_08006_paths
00338104 00000020 r _kanji_08005_paths
00338124 00000028 r _kanji_08004_paths
0033814c 00000018 r _kanji_08003_paths
00338164 00000018 r _kanji_08001_paths
0033817c 00000050 r _kanji_08000_paths
003381cc 00000044 r _kanji_07ffc_paths
00338210 00000048 r _kanji_07ffb_paths
00338258 00000048 r _kanji_07ff9_paths
003382a0 00000044 r _kanji_07ff3_paths
003382e4 00000040 r _kanji_07ff0_paths
00338324 0000003c r _kanji_07feb_paths
00338360 0000003c r _kanji_07fe6_paths
0033839c 00000038 r _kanji_07fe1_paths
003383d4 00000038 r _kanji_07fe0_paths
0033840c 00000030 r _kanji_07fd5_paths
0033843c 00000030 r _kanji_07fd4_paths
0033846c 0000002c r _kanji_07fd2_paths
00338498 0000002c r _kanji_07fcc_paths
003384c4 0000002c r _kanji_07fca_paths
003384f0 00000028 r _kanji_07fc5_paths
00338518 00000028 r _kanji_07fc1_paths
00338540 00000018 r _kanji_07fbd_paths
00338558 0000004c r _kanji_07fb9_paths
003385a4 0000004c r _kanji_07fb8_paths
003385f0 0000004c r _kanji_07fb6_paths
0033863c 00000040 r _kanji_07fb2_paths
0033867c 0000003c r _kanji_07faf_paths
003386b8 00000034 r _kanji_07fa9_paths
003386ec 00000034 r _kanji_07fa8_paths
00338720 00000034 r _kanji_07fa4_paths
00338754 0000002c r _kanji_07f9e_paths
00338780 0000002c r _kanji_07f9d_paths
003387ac 0000002c r _kanji_07f9a_paths
003387d8 00000028 r _kanji_07f94_paths
00338800 00000024 r _kanji_07f8e_paths
00338824 00000020 r _kanji_07f8c_paths
00338844 00000018 r _kanji_07f8a_paths
0033885c 00000060 r _kanji_07f88_paths
003388bc 00000058 r _kanji_07f87_paths
00338914 0000004c r _kanji_07f86_paths
00338960 0000004c r _kanji_07f85_paths
003389ac 00000048 r _kanji_07f83_paths
003389f4 00000048 r _kanji_07f82_paths
00338a3c 00000040 r _kanji_07f79_paths
00338a7c 0000003c r _kanji_07f77_paths
00338ab8 0000003c r _kanji_07f75_paths
00338af4 00000034 r _kanji_07f72_paths
00338b28 00000038 r _kanji_07f70_paths
00338b60 00000034 r _kanji_07f6e_paths
00338b94 00000034 r _kanji_07f6b_paths
00338bc8 00000034 r _kanji_07f6a_paths
00338bfc 00000034 r _kanji_07f69_paths
00338c30 00000034 r _kanji_07f68_paths
00338c64 00000034 r _kanji_07f67_paths
00338c98 00000028 r _kanji_07f60_paths
00338cc0 00000028 r _kanji_07f5f_paths
00338ce8 00000024 r _kanji_07f58_paths
00338d0c 0000001c r _kanji_07f55_paths
00338d28 00000020 r _kanji_07f54_paths
00338d48 0000005c r _kanji_07f50_paths
00338da4 00000058 r _kanji_07f4e_paths
00338dfc 00000054 r _kanji_07f4d_paths
00338e50 00000050 r _kanji_07f4c_paths
00338ea0 00000044 r _kanji_07f45_paths
00338ee4 00000028 r _kanji_07f3a_paths
00338f0c 00000024 r _kanji_07f38_paths
00338f30 00000018 r _kanji_07f36_paths
00338f48 00000070 r _kanji_07e9c_paths
00338fb8 00000060 r _kanji_07e9b_paths
00339018 0000005c r _kanji_07e96_paths
00339074 0000005c r _kanji_07e94_paths
003390d0 0000005c r _kanji_07e93_paths
0033912c 00000054 r _kanji_07e90_paths
00339180 00000054 r _kanji_07e8f_paths
003391d4 00000054 r _kanji_07e8c_paths
00339228 00000054 r _kanji_07e88_paths
0033927c 00000050 r _kanji_07e83_paths
003392cc 00000050 r _kanji_07e82_paths
0033931c 00000050 r _kanji_07e7d_paths
0033936c 00000050 r _kanji_07e7c_paths
003393bc 00000050 r _kanji_07e7b_paths
0033940c 0000004c r _kanji_07e79_paths
00339458 0000004c r _kanji_07e70_paths
003394a4 00000048 r _kanji_07e6d_paths
003394ec 0000004c r _kanji_07e6b_paths
00339538 0000004c r _kanji_07e6a_paths
00339584 0000004c r _kanji_07e69_paths
003395d0 00000048 r _kanji_07e67_paths
00339618 0000004c r _kanji_07e61_paths
00339664 00000048 r _kanji_07e5e_paths
003396ac 00000048 r _kanji_07e5d_paths
003396f4 00000048 r _kanji_07e5a_paths
0033973c 00000048 r _kanji_07e59_paths
00339784 00000048 r _kanji_07e56_paths
003397cc 00000048 r _kanji_07e55_paths
00339814 00000048 r _kanji_07e54_paths
0033985c 00000044 r _kanji_07e4a_paths
003398a0 00000044 r _kanji_07e46_paths
003398e4 00000040 r _kanji_07e41_paths
00339924 00000044 r _kanji_07e3e_paths
00339968 00000044 r _kanji_07e3d_paths
003399ac 00000044 r _kanji_07e3b_paths
003399f0 00000044 r _kanji_07e3a_paths
00339a34 00000044 r _kanji_07e39_paths
00339a78 00000044 r _kanji_07e37_paths
00339abc 00000044 r _kanji_07e35_paths
00339b00 00000044 r _kanji_07e32_paths
00339b44 00000044 r _kanji_07e31_paths
00339b88 00000044 r _kanji_07e2e_paths
00339bcc 00000040 r _kanji_07e2b_paths
00339c0c 00000040 r _kanji_07e26_paths
00339c4c 00000040 r _kanji_07e23_paths
00339c8c 00000040 r _kanji_07e21_paths
00339ccc 00000040 r _kanji_07e1f_paths
00339d0c 00000040 r _kanji_07e1e_paths
00339d4c 00000040 r _kanji_07e1b_paths
00339d8c 00000040 r _kanji_07e12_paths
00339dcc 00000040 r _kanji_07e0b_paths
00339e0c 00000040 r _kanji_07e0a_paths
00339e4c 00000040 r _kanji_07e09_paths
00339e8c 0000003c r _kanji_07e05_paths
00339ec8 0000003c r _kanji_07e04_paths
00339f04 0000003c r _kanji_07e01_paths
00339f40 00000040 r _kanji_07dfb_paths
00339f80 00000038 r _kanji_07df4_paths
00339fb8 0000003c r _kanji_07df2_paths
00339ff4 00000040 r _kanji_07def_paths
0033a034 0000003c r _kanji_07dec_paths
0033a070 0000003c r _kanji_07de9_paths
0033a0ac 0000003c r _kanji_07de8_paths
0033a0e8 0000003c r _kanji_07de4_paths
0033a124 0000003c r _kanji_07de1_paths
0033a160 0000003c r _kanji_07de0_paths
0033a19c 0000003c r _kanji_07dde_paths
0033a1d8 0000003c r _kanji_07ddd_paths
0033a214 0000003c r _kanji_07dda_paths
0033a250 0000003c r _kanji_07dd8_paths
0033a28c 00000038 r _kanji_07dd2_paths
0033a2c4 00000038 r _kanji_07dd1_paths
0033a2fc 00000038 r _kanji_07dcf_paths
0033a334 00000038 r _kanji_07dcb_paths
0033a36c 0000003c r _kanji_07dca_paths
0033a3a8 00000038 r _kanji_07dc7_paths
0033a3e0 00000038 r _kanji_07dbf_paths
0033a418 00000038 r _kanji_07dbe_paths
0033a450 00000038 r _kanji_07dbd_paths
0033a488 00000038 r _kanji_07dbb_paths
0033a4c0 00000038 r _kanji_07dba_paths
0033a4f8 00000038 r _kanji_07db8_paths
0033a530 00000038 r _kanji_07db5_paths
0033a568 00000038 r _kanji_07db4_paths
0033a5a0 00000038 r _kanji_07db2_paths
0033a5d8 00000038 r _kanji_07db1_paths
0033a610 00000038 r _kanji_07db0_paths
0033a648 00000038 r _kanji_07daf_paths
0033a680 00000038 r _kanji_07dad_paths
0033a6b8 00000038 r _kanji_07dac_paths
0033a6f0 00000038 r _kanji_07dab_paths
0033a728 00000038 r _kanji_07da3_paths
0033a760 00000038 r _kanji_07da2_paths
0033a798 00000038 r _kanji_07d9c_paths
0033a7d0 00000034 r _kanji_07d9a_paths
0033a804 00000034 r _kanji_07d99_paths
0033a838 00000034 r _kanji_07d93_paths
0033a86c 00000034 r _kanji_07d8f_paths
0033a8a0 00000034 r _kanji_07d89_paths
0033a8d4 00000034 r _kanji_07d7d_paths
0033a908 00000034 r _kanji_07d79_paths
0033a93c 00000030 r _kanji_07d76_paths
0033a96c 00000030 r _kanji_07d75_paths
0033a99c 00000030 r _kanji_07d73_paths
0033a9cc 00000030 r _kanji_07d72_paths
0033a9fc 00000030 r _kanji_07d71_paths
0033aa2c 00000030 r _kanji_07d6e_paths
0033aa5c 00000030 r _kanji_07d68_paths
0033aa8c 00000030 r _kanji_07d66_paths
0033aabc 00000030 r _kanji_07d63_paths
0033aaec 00000030 r _kanji_07d62_paths
0033ab1c 00000030 r _kanji_07d61_paths
0033ab4c 00000030 r _kanji_07d5e_paths
0033ab7c 00000034 r _kanji_07d5b_paths
0033abb0 00000030 r _kanji_07d56_paths
0033abe0 00000030 r _kanji_07d50_paths
0033ac10 00000030 r _kanji_07d4f_paths
0033ac40 00000030 r _kanji_07d4e_paths
0033ac70 0000002c r _kanji_07d4c_paths
0033ac9c 0000002c r _kanji_07d46_paths
0033acc8 0000002c r _kanji_07d45_paths
0033acf4 0000002c r _kanji_07d44_paths
0033ad20 0000002c r _kanji_07d43_paths
0033ad4c 0000002c r _kanji_07d42_paths
0033ad78 0000002c r _kanji_07d3f_paths
0033ada4 0000002c r _kanji_07d3a_paths
0033add0 0000002c r _kanji_07d39_paths
0033adfc 0000002c r _kanji_07d35_paths
0033ae28 0000002c r _kanji_07d33_paths
0033ae54 0000002c r _kanji_07d32_paths
0033ae80 0000002c r _kanji_07d30_paths
0033aeac 0000002c r _kanji_07d2f_paths
0033aed8 0000002c r _kanji_07d2e_paths
0033af04 0000002c r _kanji_07d2c_paths
0033af30 00000030 r _kanji_07d2b_paths
0033af60 00000028 r _kanji_07d22_paths
0033af88 00000028 r _kanji_07d21_paths
0033afb0 00000028 r _kanji_07d20_paths
0033afd8 00000028 r _kanji_07d1c_paths
0033b000 00000028 r _kanji_07d1b_paths
0033b028 00000024 r _kanji_07d1a_paths
0033b04c 00000028 r _kanji_07d19_paths
0033b074 00000028 r _kanji_07d18_paths
0033b09c 00000028 r _kanji_07d17_paths
0033b0c4 00000028 r _kanji_07d15_paths
0033b0ec 00000028 r _kanji_07d14_paths
0033b114 00000028 r _kanji_07d10_paths
0033b13c 00000028 r _kanji_07d0d_paths
0033b164 00000028 r _kanji_07d0b_paths
0033b18c 00000028 r _kanji_07d0a_paths
0033b1b4 00000024 r _kanji_07d06_paths
0033b1d8 00000024 r _kanji_07d05_paths
0033b1fc 00000024 r _kanji_07d04_paths
0033b220 00000024 r _kanji_07d02_paths
0033b244 00000024 r _kanji_07d00_paths
0033b268 00000024 r _kanji_07cfe_paths
0033b28c 0000001c r _kanji_07cfb_paths
0033b2a8 0000001c r _kanji_07cfa_paths
0033b2c4 00000018 r _kanji_07cf8_paths
0033b2dc 00000064 r _kanji_07cf6_paths
0033b340 00000058 r _kanji_07cf4_paths
0033b398 00000050 r _kanji_07cf2_paths
0033b3e8 00000050 r _kanji_07cef_paths
0033b438 00000048 r _kanji_07ce7_paths
0033b480 00000044 r _kanji_07ce0_paths
0033b4c4 00000044 r _kanji_07cdf_paths
0033b508 00000044 r _kanji_07cde_paths
0033b54c 00000044 r _kanji_07cdc_paths
0033b590 00000040 r _kanji_07cd6_paths
0033b5d0 00000040 r _kanji_07cd2_paths
0033b610 0000003c r _kanji_07cce_paths
0033b64c 0000003c r _kanji_07cca_paths
0033b688 0000003c r _kanji_07cc5_paths
0033b6c4 0000003c r _kanji_07cc2_paths
0033b700 00000034 r _kanji_07cc0_paths
0033b734 00000038 r _kanji_07cbe_paths
0033b76c 00000038 r _kanji_07cbd_paths
0033b7a4 00000038 r _kanji_07cb9_paths
0033b7dc 00000034 r _kanji_07cb3_paths
0033b810 00000034 r _kanji_07cb2_paths
0033b844 00000034 r _kanji_07cb1_paths
0033b878 00000030 r _kanji_07ca8_paths
0033b8a8 00000030 r _kanji_07ca7_paths
0033b8d8 00000030 r _kanji_07ca5_paths
0033b908 00000030 r _kanji_07ca4_paths
0033b938 00000030 r _kanji_07ca2_paths
0033b968 00000030 r _kanji_07c9f_paths
0033b998 0000002c r _kanji_07c9b_paths
0033b9c4 0000002c r _kanji_07c98_paths
0033b9f0 0000002c r _kanji_07c97_paths
0033ba1c 0000002c r _kanji_07c95_paths
0033ba48 0000002c r _kanji_07c92_paths
0033ba74 00000028 r _kanji_07c8d_paths
0033ba9c 00000028 r _kanji_07c8b_paths
0033bac4 00000028 r _kanji_07c89_paths
0033baec 00000024 r _kanji_07c82_paths
0033bb10 00000024 r _kanji_07c81_paths
0033bb34 00000024 r _kanji_07c7e_paths
0033bb58 00000020 r _kanji_07c75_paths
0033bb78 00000018 r _kanji_07c73_paths
0033bb90 00000064 r _kanji_07c6c_paths
0033bbf4 0000005c r _kanji_07c65_paths
0033bc50 0000005c r _kanji_07c64_paths
0033bcac 00000058 r _kanji_07c60_paths
0033bd04 00000058 r _kanji_07c5f_paths
0033bd5c 00000054 r _kanji_07c54_paths
0033bdb0 00000050 r _kanji_07c4d_paths
0033be00 00000050 r _kanji_07c4c_paths
0033be50 00000054 r _kanji_07c43_paths
0033bea4 0000004c r _kanji_07c3f_paths
0033bef0 0000004c r _kanji_07c3e_paths
0033bf3c 0000004c r _kanji_07c3d_paths
0033bf88 0000004c r _kanji_07c38_paths
0033bfd4 0000004c r _kanji_07c37_paths
0033c020 0000004c r _kanji_07c2b_paths
0033c06c 00000048 r _kanji_07c27_paths
0033c0b4 00000048 r _kanji_07c23_paths
0033c0fc 00000048 r _kanji_07c21_paths
0033c144 00000048 r _kanji_07c1e_paths
0033c18c 00000044 r _kanji_07c17_paths
0033c1d0 00000044 r _kanji_07c13_paths
0033c214 00000040 r _kanji_07c11_paths
0033c254 00000044 r _kanji_07c0d_paths
0033c298 00000044 r _kanji_07c07_paths
0033c2dc 00000044 r _kanji_07c00_paths
0033c320 00000044 r _kanji_07bf7_paths
0033c364 00000040 r _kanji_07be9_paths
0033c3a4 00000040 r _kanji_07be6_paths
0033c3e4 00000040 r _kanji_07be5_paths
0033c424 00000040 r _kanji_07be4_paths
0033c464 00000044 r _kanji_07be0_paths
0033c4a8 00000040 r _kanji_07bdd_paths
0033c4e8 0000003c r _kanji_07bcc_paths
0033c524 0000003c r _kanji_07bcb_paths
0033c560 00000040 r _kanji_07bc9_paths
0033c5a0 0000003c r _kanji_07bc7_paths
0033c5dc 0000003c r _kanji_07bc6_paths
0033c618 0000003c r _kanji_07bc4_paths
0033c654 0000003c r _kanji_07bc1_paths
0033c690 00000034 r _kanji_07bc0_paths
0033c6c4 0000003c r _kanji_07bb8_paths
0033c700 0000003c r _kanji_07bb4_paths
0033c73c 0000003c r _kanji_07bb1_paths
0033c778 0000003c r _kanji_07bad_paths
0033c7b4 00000038 r _kanji_07ba1_paths
0033c7ec 00000038 r _kanji_07b9d_paths
0033c824 00000038 r _kanji_07b9c_paths
0033c85c 00000038 r _kanji_07b9a_paths
0033c894 00000038 r _kanji_07b98_paths
0033c8cc 00000038 r _kanji_07b97_paths
0033c904 00000038 r _kanji_07b95_paths
0033c93c 00000038 r _kanji_07b94_paths
0033c974 00000038 r _kanji_07b92_paths
0033c9ac 00000038 r _kanji_07b8f_paths
0033c9e4 00000038 r _kanji_07b8d_paths
0033ca1c 00000038 r _kanji_07b8b_paths
0033ca54 00000038 r _kanji_07b87_paths
0033ca8c 00000034 r _kanji_07b75_paths
0033cac0 00000034 r _kanji_07b74_paths
0033caf4 00000034 r _kanji_07b71_paths
0033cb28 00000034 r _kanji_07b70_paths
0033cb5c 00000034 r _kanji_07b6e_paths
0033cb90 00000034 r _kanji_07b67_paths
0033cbc4 00000034 r _kanji_07b65_paths
0033cbf8 00000030 r _kanji_07b56_paths
0033cc28 00000030 r _kanji_07b54_paths
0033cc58 00000030 r _kanji_07b52_paths
0033cc88 00000030 r _kanji_07b51_paths
0033ccb8 00000030 r _kanji_07b50_paths
0033cce8 00000030 r _kanji_07b4f_paths
0033cd18 00000030 r _kanji_07b4d_paths
0033cd48 00000030 r _kanji_07b4c_paths
0033cd78 00000030 r _kanji_07b4b_paths
0033cda8 00000030 r _kanji_07b49_paths
0033cdd8 00000030 r _kanji_07b48_paths
0033ce08 00000030 r _kanji_07b46_paths
0033ce38 00000030 r _kanji_07b45_paths
0033ce68 0000002c r _kanji_07b39_paths
0033ce94 0000002c r _kanji_07b35_paths
0033cec0 0000002c r _kanji_07b33_paths
0033ceec 0000002c r _kanji_07b2c_paths
0033cf18 0000002c r _kanji_07b28_paths
0033cf44 0000002c r _kanji_07b26_paths
0033cf70 0000002c r _kanji_07b25_paths
0033cf9c 0000002c r _kanji_07b20_paths
0033cfc8 0000002c r _kanji_07b1e_paths
0033cff4 0000002c r _kanji_07b1b_paths
0033d020 0000002c r _kanji_07b19_paths
0033d04c 0000002c r _kanji_07b18_paths
0033d078 00000028 r _kanji_07b11_paths
0033d0a0 00000028 r _kanji_07b0f_paths
0033d0c8 00000028 r _kanji_07b0a_paths
0033d0f0 00000028 r _kanji_07b08_paths
0033d118 00000028 r _kanji_07b06_paths
0033d140 00000024 r _kanji_07aff_paths
0033d164 00000020 r _kanji_07afa_paths
0033d184 00000018 r _kanji_07af9_paths
0033d19c 00000050 r _kanji_07af6_paths
0033d1ec 00000038 r _kanji_07af0_paths
0033d224 00000038 r _kanji_07aef_paths
0033d25c 00000038 r _kanji_07aed_paths
0033d294 00000038 r _kanji_07aea_paths
0033d2cc 00000030 r _kanji_07ae6_paths
0033d2fc 00000030 r _kanji_07ae5_paths
0033d32c 00000030 r _kanji_07ae3_paths
0033d35c 00000030 r _kanji_07ae2_paths
0033d38c 0000002c r _kanji_07ae1_paths
0033d3b8 0000002c r _kanji_07ae0_paths
0033d3e4 0000002c r _kanji_07adf_paths
0033d410 00000028 r _kanji_07add_paths
0033d438 00000028 r _kanji_07adc_paths
0033d460 00000028 r _kanji_07ada_paths
0033d488 00000028 r _kanji_07ad9_paths
0033d4b0 00000024 r _kanji_07ad5_paths
0033d4d4 00000024 r _kanji_07ad3_paths
0033d4f8 00000020 r _kanji_07acf_paths
0033d518 0000001c r _kanji_07acd_paths
0033d534 00000014 r _kanji_07acb_paths
0033d548 00000058 r _kanji_07aca_paths
0033d5a0 00000054 r _kanji_07ac8_paths
0033d5f4 00000048 r _kanji_07ac5_paths
0033d63c 00000048 r _kanji_07ac4_paths
0033d684 00000044 r _kanji_07abf_paths
0033d6c8 00000040 r _kanji_07aba_paths
0033d708 00000040 r _kanji_07ab6_paths
0033d748 0000003c r _kanji_07aaf_paths
0033d784 0000003c r _kanji_07aae_paths
0033d7c0 00000038 r _kanji_07aaa_paths
0033d7f8 00000038 r _kanji_07aa9_paths
0033d830 00000034 r _kanji_07a9f_paths
0033d864 00000030 r _kanji_07a98_paths
0033d894 00000030 r _kanji_07a97_paths
0033d8c4 00000030 r _kanji_07a96_paths
0033d8f4 0000002c r _kanji_07a95_paths
0033d920 0000002c r _kanji_07a93_paths
0033d94c 0000002c r _kanji_07a92_paths
0033d978 00000028 r _kanji_07a88_paths
0033d9a0 00000028 r _kanji_07a84_paths
0033d9c8 00000024 r _kanji_07a83_paths
0033d9ec 00000020 r _kanji_07a81_paths
0033da0c 00000024 r _kanji_07a7f_paths
0033da30 00000024 r _kanji_07a7d_paths
0033da54 00000020 r _kanji_07a7a_paths
0033da74 00000020 r _kanji_07a79_paths
0033da94 0000001c r _kanji_07a76_paths
0033dab0 00000014 r _kanji_07a74_paths
0033dac4 00000058 r _kanji_07a70_paths
0033db1c 00000048 r _kanji_07a6b_paths
0033db64 0000004c r _kanji_07a69_paths
0033dbb0 00000048 r _kanji_07a63_paths
0033dbf8 00000048 r _kanji_07a62_paths
0033dc40 00000048 r _kanji_07a61_paths
0033dc88 00000044 r _kanji_07a57_paths
0033dccc 00000040 r _kanji_07a4f_paths
0033dd0c 00000040 r _kanji_07a4e_paths
0033dd4c 00000040 r _kanji_07a4d_paths
0033dd8c 00000040 r _kanji_07a46_paths
0033ddcc 0000003c r _kanji_07a42_paths
0033de08 00000038 r _kanji_07a40_paths
0033de40 0000003c r _kanji_07a3f_paths
0033de7c 0000003c r _kanji_07a3d_paths
0033deb8 0000003c r _kanji_07a3c_paths
0033def4 0000003c r _kanji_07a3b_paths
0033df30 0000003c r _kanji_07a37_paths
0033df6c 00000038 r _kanji_07a32_paths
0033dfa4 00000038 r _kanji_07a2e_paths
0033dfdc 00000034 r _kanji_07a20_paths
0033e010 00000034 r _kanji_07a1f_paths
0033e044 00000034 r _kanji_07a1c_paths
0033e078 00000034 r _kanji_07a1a_paths
0033e0ac 00000034 r _kanji_07a17_paths
0033e0e0 00000034 r _kanji_07a14_paths
0033e114 00000030 r _kanji_07a0e_paths
0033e144 00000030 r _kanji_07a0d_paths
0033e174 00000030 r _kanji_07a0b_paths
0033e1a4 00000030 r _kanji_07a08_paths
0033e1d4 00000030 r _kanji_07a00_paths
0033e204 0000002c r _kanji_079fb_paths
0033e230 00000028 r _kanji_079f0_paths
0033e258 00000028 r _kanji_079ec_paths
0033e280 00000028 r _kanji_079e9_paths
0033e2a8 00000028 r _kanji_079e7_paths
0033e2d0 00000028 r _kanji_079e6_paths
0033e2f8 00000028 r _kanji_079e4_paths
0033e320 00000028 r _kanji_079e3_paths
0033e348 00000028 r _kanji_079df_paths
0033e370 00000028 r _kanji_079d8_paths
0033e398 00000024 r _kanji_079d5_paths
0033e3bc 00000024 r _kanji_079d2_paths
0033e3e0 00000024 r _kanji_079d1_paths
0033e404 00000024 r _kanji_079cb_paths
0033e428 00000020 r _kanji_079c9_paths
0033e448 0000001c r _kanji_079c1_paths
0033e464 0000001c r _kanji_079c0_paths
0033e480 0000001c r _kanji_079bf_paths
0033e49c 00000014 r _kanji_079be_paths
0033e4b0 00000034 r _kanji_079bd_paths
0033e4e4 00000024 r _kanji_079ba_paths
0033e508 00000024 r _kanji_079b9_paths
0033e52c 00000058 r _kanji_079b3_paths
0033e584 0000004c r _kanji_079b1_paths
0033e5d0 0000004c r _kanji_079b0_paths
0033e61c 00000048 r _kanji_079ae_paths
0033e664 00000044 r _kanji_079aa_paths
0033e6a8 00000044 r _kanji_079a7_paths
0033e6ec 00000044 r _kanji_079a6_paths
0033e730 0000003c r _kanji_0799d_paths
0033e76c 00000034 r _kanji_0798f_paths
0033e7a0 00000034 r _kanji_0798e_paths
0033e7d4 00000034 r _kanji_0798d_paths
0033e808 00000038 r _kanji_0798a_paths
0033e840 00000034 r _kanji_07985_paths
0033e874 00000030 r _kanji_07984_paths
0033e8a4 00000034 r _kanji_07981_paths
0033e8d8 00000034 r _kanji_0797f_paths
0033e90c 00000034 r _kanji_0797a_paths
0033e940 0000002c r _kanji_0796d_paths
0033e96c 0000002c r _kanji_07968_paths
0033e998 00000028 r _kanji_07965_paths
0033e9c0 00000028 r _kanji_07960_paths
0033e9e8 00000028 r _kanji_0795f_paths
0033ea10 00000024 r _kanji_0795e_paths
0033ea34 00000024 r _kanji_0795d_paths
0033ea58 00000028 r _kanji_0795a_paths
0033ea80 00000028 r _kanji_07957_paths
0033eaa8 00000024 r _kanji_07956_paths
0033eacc 00000028 r _kanji_07955_paths
0033eaf4 00000028 r _kanji_07953_paths
0033eb1c 00000024 r _kanji_07950_paths
0033eb40 00000020 r _kanji_07949_paths
0033eb60 00000020 r _kanji_07948_paths
0033eb80 00000024 r _kanji_07947_paths
0033eba4 00000020 r _kanji_07941_paths
0033ebc4 00000020 r _kanji_07940_paths
0033ebe4 0000001c r _kanji_0793e_paths
0033ec00 00000014 r _kanji_0793c_paths
0033ec14 00000014 r _kanji_0793a_paths
0033ec28 00000050 r _kanji_0792c_paths
0033ec78 00000050 r _kanji_0792b_paths
0033ecc8 0000004c r _kanji_0792a_paths
0033ed14 00000050 r _kanji_07926_paths
0033ed64 0000004c r _kanji_07919_paths
0033edb0 00000048 r _kanji_07912_paths
0033edf8 00000048 r _kanji_07911_paths
0033ee40 00000048 r _kanji_0790e_paths
0033ee88 00000044 r _kanji_07901_paths
0033eecc 00000044 r _kanji_078fd_paths
0033ef10 00000044 r _kanji_078f4_paths
0033ef54 00000044 r _kanji_078ef_paths
0033ef98 00000040 r _kanji_078ec_paths
0033efd8 00000040 r _kanji_078e8_paths
0033f018 00000040 r _kanji_078e7_paths
0033f058 00000040 r _kanji_078da_paths
0033f098 0000003c r _kanji_078d1_paths
0033f0d4 0000003c r _kanji_078d0_paths
0033f110 0000003c r _kanji_078cb_paths
0033f14c 0000003c r _kanji_078ca_paths
0033f188 0000003c r _kanji_078c5_paths
0033f1c4 00000038 r _kanji_078c1_paths
0033f1fc 0000003c r _kanji_078be_paths
0033f238 0000003c r _kanji_078bc_paths
0033f274 0000003c r _kanji_078ba_paths
0033f2b0 00000038 r _kanji_078aa_paths
0033f2e8 00000038 r _kanji_078a9_paths
0033f320 00000038 r _kanji_078a7_paths
0033f358 00000038 r _kanji_078a3_paths
0033f390 00000034 r _kanji_0789a_paths
0033f3c4 00000034 r _kanji_07897_paths
0033f3f8 00000034 r _kanji_07893_paths
0033f42c 00000038 r _kanji_07891_paths
0033f464 00000034 r _kanji_0788e_paths
0033f498 00000034 r _kanji_0788d_paths
0033f4cc 00000034 r _kanji_0788c_paths
0033f500 00000034 r _kanji_07887_paths
0033f534 00000034 r _kanji_07881_paths
0033f568 00000030 r _kanji_07872_paths
0033f598 00000030 r _kanji_0786f_paths
0033f5c8 00000030 r _kanji_0786c_paths
0033f5f8 00000030 r _kanji_0786b_paths
0033f628 00000030 r _kanji_0785d_paths
0033f658 0000002c r _kanji_07845_paths
0033f684 00000028 r _kanji_07834_paths
0033f6ac 00000028 r _kanji_07832_paths
0033f6d4 00000028 r _kanji_07827_paths
0033f6fc 0000002c r _kanji_07826_paths
0033f728 00000028 r _kanji_07825_paths
0033f750 00000028 r _kanji_07820_paths
0033f778 00000024 r _kanji_07815_paths
0033f79c 00000024 r _kanji_07814_paths
0033f7c0 00000024 r _kanji_07812_paths
0033f7e4 00000024 r _kanji_0780c_paths
0033f808 00000024 r _kanji_07802_paths
0033f82c 00000020 r _kanji_077fc_paths
0033f84c 00000014 r _kanji_077f3_paths
0033f860 00000044 r _kanji_077ef_paths
0033f8a4 00000034 r _kanji_077ee_paths
0033f8d8 00000030 r _kanji_077ed_paths
0033f908 00000028 r _kanji_077e9_paths
0033f930 00000024 r _kanji_077e7_paths
0033f954 00000020 r _kanji_077e5_paths
0033f974 0000001c r _kanji_077e3_paths
0033f990 00000014 r _kanji_077e2_paths
0033f9a4 00000024 r _kanji_077dc_paths
0033f9c8 00000014 r _kanji_077db_paths
0033f9dc 00000068 r _kanji_077da_paths
0033fa44 00000050 r _kanji_077cd_paths
0033fa94 00000048 r _kanji_077c7_paths
0033fadc 00000048 r _kanji_077bf_paths
0033fb24 00000048 r _kanji_077bd_paths
0033fb6c 00000048 r _kanji_077bc_paths
0033fbb4 00000048 r _kanji_077bb_paths
0033fbfc 00000044 r _kanji_077b3_paths
0033fc40 00000044 r _kanji_077b0_paths
0033fc84 00000044 r _kanji_077ad_paths
0033fcc8 00000048 r _kanji_077ac_paths
0033fd10 00000044 r _kanji_077a5_paths
0033fd54 00000040 r _kanji_077a0_paths
0033fd94 00000040 r _kanji_0779e_paths
0033fdd4 0000003c r _kanji_07791_paths
0033fe10 0000003c r _kanji_0778e_paths
0033fe4c 0000003c r _kanji_0778b_paths
0033fe88 00000038 r _kanji_0777e_paths
0033fec0 00000038 r _kanji_07779_paths
0033fef8 00000034 r _kanji_0776b_paths
0033ff2c 00000034 r _kanji_07768_paths
0033ff60 00000034 r _kanji_07766_paths
0033ff94 00000034 r _kanji_07765_paths
0033ffc8 00000034 r _kanji_07763_paths
0033fffc 00000034 r _kanji_07761_paths
00340030 00000034 r _kanji_0775b_paths
00340064 00000034 r _kanji_0775a_paths
00340098 00000030 r _kanji_07747_paths
003400c8 00000030 r _kanji_07740_paths
003400f8 0000002c r _kanji_0773c_paths
00340124 0000002c r _kanji_0773a_paths
00340150 0000002c r _kanji_07738_paths
0034017c 0000002c r _kanji_07737_paths
003401a8 00000028 r _kanji_07729_paths
003401d0 0000002c r _kanji_07725_paths
003401fc 00000028 r _kanji_07720_paths
00340224 00000028 r _kanji_0771f_paths
0034024c 00000028 r _kanji_0771e_paths
00340274 00000028 r _kanji_0771b_paths
0034029c 00000024 r _kanji_0770c_paths
003402c0 00000024 r _kanji_0770b_paths
003402e4 00000024 r _kanji_07709_paths
00340308 00000024 r _kanji_07708_paths
0034032c 00000024 r _kanji_07707_paths
00340350 00000024 r _kanji_07704_paths
00340374 00000024 r _kanji_07701_paths
00340398 00000024 r _kanji_076fe_paths
003403bc 00000024 r _kanji_076fb_paths
003403e0 00000024 r _kanji_076f8_paths
00340404 00000020 r _kanji_076f4_paths
00340424 00000020 r _kanji_076f2_paths
00340444 00000014 r _kanji_076ee_paths
00340458 00000044 r _kanji_076ea_paths
0034049c 00000040 r _kanji_076e7_paths
003404dc 00000040 r _kanji_076e5_paths
0034051c 0000003c r _kanji_076e4_paths
00340558 0000003c r _kanji_076e3_paths
00340594 00000038 r _kanji_076e1_paths
003405cc 00000034 r _kanji_076df_paths
00340600 00000034 r _kanji_076de_paths
00340634 00000030 r _kanji_076dc_paths
00340664 0000002c r _kanji_076db_paths
00340690 0000002c r _kanji_076d7_paths
003406bc 0000002c r _kanji_076d2_paths
003406e8 00000028 r _kanji_076cd_paths
00340710 00000028 r _kanji_076ca_paths
00340738 00000024 r _kanji_076c8_paths
0034075c 00000024 r _kanji_076c6_paths
00340780 00000024 r _kanji_076c3_paths
003407a4 00000020 r _kanji_076c2_paths
003407c4 00000014 r _kanji_076bf_paths
003407d8 0000003c r _kanji_076ba_paths
00340814 00000038 r _kanji_076b9_paths
0034084c 00000030 r _kanji_076b4_paths
0034087c 00000028 r _kanji_076b0_paths
003408a4 00000014 r _kanji_076ae_paths
003408b8 0000003c r _kanji_0769a_paths
003408f4 00000034 r _kanji_07699_paths
00340928 00000030 r _kanji_07696_paths
00340958 00000030 r _kanji_07693_paths
00340988 0000002c r _kanji_07690_paths
003409b4 0000002c r _kanji_0768e_paths
003409e0 00000024 r _kanji_07687_paths
00340a04 00000024 r _kanji_07686_paths
00340a28 00000020 r _kanji_07684_paths
00340a48 00000018 r _kanji_0767e_paths
00340a60 00000014 r _kanji_0767d_paths
00340a74 00000030 r _kanji_0767c_paths
00340aa4 00000030 r _kanji_0767b_paths
00340ad4 00000024 r _kanji_0767a_paths
00340af8 00000024 r _kanji_07678_paths
00340b1c 00000060 r _kanji_07672_paths
00340b7c 0000005c r _kanji_07670_paths
00340bd8 00000058 r _kanji_0766c_paths
00340c30 00000054 r _kanji_0766a_paths
00340c84 00000054 r _kanji_07669_paths
00340cd8 00000054 r _kanji_07668_paths
00340d2c 00000054 r _kanji_07667_paths
00340d80 00000050 r _kanji_07662_paths
00340dd0 0000004c r _kanji_07661_paths
00340e1c 00000048 r _kanji_0765c_paths
00340e64 00000044 r _kanji_07658_paths
00340ea8 00000048 r _kanji_07656_paths
00340ef0 00000048 r _kanji_07652_paths
00340f38 00000044 r _kanji_0764c_paths
00340f7c 00000044 r _kanji_07648_paths
00340fc0 00000044 r _kanji_07647_paths
00341004 00000044 r _kanji_07646_paths
00341048 00000044 r _kanji_07642_paths
0034108c 00000040 r _kanji_0763b_paths
003410cc 00000040 r _kanji_07634_paths
0034110c 00000040 r _kanji_07630_paths
0034114c 00000038 r _kanji_07627_paths
00341184 0000003c r _kanji_07624_paths
003411c0 0000003c r _kanji_07622_paths
003411fc 0000003c r _kanji_07621_paths
00341238 0000003c r _kanji_07620_paths
00341274 0000003c r _kanji_0761f_paths
003412b0 00000038 r _kanji_0760d_paths
003412e8 00000038 r _kanji_0760b_paths
00341320 00000038 r _kanji_07609_paths
00341358 00000034 r _kanji_07601_paths
0034138c 00000034 r _kanji_075ff_paths
003413c0 00000034 r _kanji_075fe_paths
003413f4 00000034 r _kanji_075fc_paths
00341428 00000034 r _kanji_075fa_paths
0034145c 00000034 r _kanji_075f4_paths
00341490 00000034 r _kanji_075f3_paths
003414c4 00000034 r _kanji_075f2_paths
003414f8 00000034 r _kanji_075f0_paths
0034152c 00000030 r _kanji_075e9_paths
0034155c 00000030 r _kanji_075e3_paths
0034158c 00000030 r _kanji_075e2_paths
003415bc 00000030 r _kanji_075de_paths
003415ec 00000030 r _kanji_075db_paths
0034161c 00000030 r _kanji_075d9_paths
0034164c 00000030 r _kanji_075d8_paths
0034167c 0000002c r _kanji_075d5_paths
003416a8 0000002c r _kanji_075d4_paths
003416d4 0000002c r _kanji_075d2_paths
00341700 0000002c r _kanji_075cd_paths
0034172c 0000002c r _kanji_075ca_paths
00341758 00000028 r _kanji_075c7_paths
00341780 00000028 r _kanji_075c5_paths
003417a8 00000028 r _kanji_075c3_paths
003417d0 00000028 r _kanji_075c2_paths
003417f8 00000028 r _kanji_075be_paths
00341820 00000028 r _kanji_075bd_paths
00341848 00000028 r _kanji_075bc_paths
00341870 00000028 r _kanji_075b9_paths
00341898 00000028 r _kanji_075b8_paths
003418c0 0000002c r _kanji_075b5_paths
003418ec 00000028 r _kanji_075b3_paths
00341914 00000028 r _kanji_075b2_paths
0034193c 00000028 r _kanji_075b1_paths
00341964 00000024 r _kanji_075ab_paths
00341988 00000024 r _kanji_075a5_paths
003419ac 00000024 r _kanji_075a3_paths
003419d0 00000020 r _kanji_0759d_paths
003419f0 00000020 r _kanji_0759a_paths
00341a10 0000001c r _kanji_07594_paths
00341a2c 00000038 r _kanji_07591_paths
00341a64 00000030 r _kanji_0758f_paths
00341a94 00000030 r _kanji_0758e_paths
00341ac4 00000014 r _kanji_0758b_paths
00341ad8 00000058 r _kanji_0758a_paths
00341b30 0000004c r _kanji_07587_paths
00341b7c 0000004c r _kanji_07586_paths
00341bc8 0000003c r _kanji_0757f_paths
00341c04 00000034 r _kanji_07578_paths
00341c38 00000034 r _kanji_07577_paths
00341c6c 00000034 r _kanji_07576_paths
00341ca0 00000030 r _kanji_07573_paths
00341cd0 0000002c r _kanji_07570_paths
00341cfc 00000030 r _kanji_0756b_paths
00341d2c 00000030 r _kanji_0756a_paths
00341d5c 0000002c r _kanji_07566_paths
00341d88 0000002c r _kanji_07565_paths
00341db4 0000002c r _kanji_07564_paths
00341de0 0000002c r _kanji_07562_paths
00341e0c 00000028 r _kanji_07560_paths
00341e34 00000028 r _kanji_0755d_paths
00341e5c 00000028 r _kanji_0755c_paths
00341e84 00000028 r _kanji_0755b_paths
00341eac 00000028 r _kanji_0755a_paths
00341ed4 00000028 r _kanji_07559_paths
00341efc 00000028 r _kanji_07554_paths
00341f24 00000024 r _kanji_07551_paths
00341f48 00000024 r _kanji_0754f_paths
00341f6c 00000024 r _kanji_0754c_paths
00341f90 00000024 r _kanji_0754b_paths
00341fb4 00000020 r _kanji_0753b_paths
00341fd4 0000001c r _kanji_0753a_paths
00341ff0 0000001c r _kanji_07538_paths
0034200c 0000001c r _kanji_07537_paths
00342028 00000014 r _kanji_07533_paths
0034203c 00000014 r _kanji_07532_paths
00342050 00000014 r _kanji_07531_paths
00342064 00000014 r _kanji_07530_paths
00342078 0000001c r _kanji_0752b_paths
00342094 00000014 r _kanji_07528_paths
003420a8 00000030 r _kanji_07526_paths
003420d8 00000030 r _kanji_07525_paths
00342108 0000002c r _kanji_07523_paths
00342134 00000014 r _kanji_0751f_paths
00342148 0000002c r _kanji_0751c_paths
00342174 00000024 r _kanji_0751a_paths
00342198 00000014 r _kanji_07518_paths
003421ac 00000048 r _kanji_07515_paths
003421f4 00000048 r _kanji_07513_paths
0034223c 00000044 r _kanji_07511_paths
00342280 00000040 r _kanji_0750e_paths
003422c0 0000003c r _kanji_0750d_paths
003422fc 00000040 r _kanji_0750c_paths
0034233c 00000038 r _kanji_07505_paths
00342374 00000038 r _kanji_07503_paths
003423ac 0000002c r _kanji_074f8_paths
003423d8 0000002c r _kanji_074f7_paths
00342404 0000002c r _kanji_074f6_paths
00342430 00000024 r _kanji_074f2_paths
00342454 00000024 r _kanji_074f1_paths
00342478 00000024 r _kanji_074f0_paths
0034249c 00000024 r _kanji_074ee_paths
003424c0 00000020 r _kanji_074e9_paths
003424e0 0000001c r _kanji_074e7_paths
003424fc 00000014 r _kanji_074e6_paths
00342510 00000044 r _kanji_074e2_paths
00342554 00000018 r _kanji_074dc_paths
0034256c 00000054 r _kanji_074d4_paths
003425c0 00000050 r _kanji_074cf_paths
00342610 0000004c r _kanji_074bd_paths
0034265c 00000044 r _kanji_074b0_paths
003426a0 00000048 r _kanji_074a7_paths
003426e8 00000040 r _kanji_0749e_paths
00342728 0000003c r _kanji_0748b_paths
00342764 0000003c r _kanji_07483_paths
003427a0 0000003c r _kanji_0747e_paths
003427dc 00000034 r _kanji_07476_paths
00342810 00000038 r _kanji_07473_paths
00342848 00000038 r _kanji_07470_paths
00342880 00000038 r _kanji_0746a_paths
003428b8 0000003c r _kanji_07469_paths
003428f4 00000038 r _kanji_07464_paths
0034292c 00000038 r _kanji_07463_paths
00342964 00000038 r _kanji_07460_paths
0034299c 00000034 r _kanji_0745f_paths
003429d0 00000034 r _kanji_0745e_paths
00342a04 00000034 r _kanji_0745c_paths
00342a38 00000030 r _kanji_0745b_paths
00342a68 00000034 r _kanji_0745a_paths
00342a9c 00000034 r _kanji_07459_paths
00342ad0 00000034 r _kanji_07455_paths
00342b04 00000034 r _kanji_07441_paths
00342b38 00000030 r _kanji_0743a_paths
00342b68 00000030 r _kanji_07436_paths
00342b98 00000030 r _kanji_07435_paths
00342bc8 00000030 r _kanji_07434_paths
00342bf8 00000030 r _kanji_07433_paths
00342c28 00000030 r _kanji_07432_paths
00342c58 00000030 r _kanji_07425_paths
00342c88 0000002c r _kanji_07422_paths
00342cb4 0000002c r _kanji_07409_paths
00342ce0 0000002c r _kanji_07406_paths
00342d0c 0000002c r _kanji_07405_paths
00342d38 0000002c r _kanji_07403_paths
00342d64 0000002c r _kanji_073fe_paths
00342d90 00000028 r _kanji_073ee_paths
00342db8 00000028 r _kanji_073ed_paths
00342de0 00000028 r _kanji_073ea_paths
00342e08 00000028 r _kanji_073e5_paths
00342e30 00000028 r _kanji_073e0_paths
00342e58 00000028 r _kanji_073de_paths
00342e80 00000024 r _kanji_073cd_paths
00342ea4 00000024 r _kanji_073ca_paths
00342ec8 00000024 r _kanji_073c8_paths
00342eec 00000024 r _kanji_073c2_paths
00342f10 00000024 r _kanji_073c0_paths
00342f34 00000024 r _kanji_073bb_paths
00342f58 00000024 r _kanji_073b2_paths
00342f7c 00000020 r _kanji_073a9_paths
00342f9c 0000001c r _kanji_07396_paths
00342fb8 00000010 r _kanji_0738b_paths
00342fc8 00000014 r _kanji_07389_paths
00342fdc 0000002c r _kanji_07387_paths
00343008 00000014 r _kanji_07384_paths
0034301c 00000050 r _kanji_0737b_paths
0034306c 0000004c r _kanji_0737a_paths
003430b8 0000004c r _kanji_07378_paths
00343104 00000048 r _kanji_07375_paths
0034314c 00000040 r _kanji_07372_paths
0034318c 00000044 r _kanji_07370_paths
003431d0 00000040 r _kanji_0736a_paths
00343210 00000040 r _kanji_07368_paths
00343250 00000040 r _kanji_07363_paths
00343290 0000003c r _kanji_07357_paths
003432cc 00000034 r _kanji_0734f_paths
00343300 00000034 r _kanji_07345_paths
00343334 00000038 r _kanji_07344_paths
0034336c 00000034 r _kanji_0733f_paths
003433a0 00000034 r _kanji_0733e_paths
003433d4 00000034 r _kanji_07337_paths
00343408 00000030 r _kanji_07336_paths
00343438 00000030 r _kanji_07334_paths
00343468 00000030 r _kanji_0732f_paths
00343498 00000034 r _kanji_0732e_paths
003434cc 0000002c r _kanji_0732b_paths
003434f8 0000002c r _kanji_0732a_paths
00343524 00000030 r _kanji_07329_paths
00343554 00000030 r _kanji_07325_paths
00343584 0000002c r _kanji_0731f_paths
003435b0 0000002c r _kanji_0731d_paths
003435dc 0000002c r _kanji_0731c_paths
00343608 0000002c r _kanji_0731b_paths
00343634 0000002c r _kanji_07317_paths
00343660 0000002c r _kanji_07316_paths
0034368c 0000002c r _kanji_0730a_paths
003436b8 00000028 r _kanji_072fd_paths
003436e0 00000028 r _kanji_072fc_paths
00343708 00000028 r _kanji_072f9_paths
00343730 00000028 r _kanji_072f8_paths
00343758 00000028 r _kanji_072f7_paths
00343780 00000024 r _kanji_072ed_paths
003437a4 00000024 r _kanji_072ec_paths
003437c8 00000024 r _kanji_072e9_paths
003437ec 00000024 r _kanji_072e2_paths
00343810 00000024 r _kanji_072e1_paths
00343834 00000024 r _kanji_072e0_paths
00343858 00000020 r _kanji_072db_paths
00343878 00000020 r _kanji_072d9_paths
00343898 00000020 r _kanji_072d7_paths
003438b8 00000020 r _kanji_072d2_paths
003438d8 00000024 r _kanji_072d0_paths
003438fc 00000020 r _kanji_072ce_paths
0034391c 0000001c r _kanji_072c6_paths
00343938 0000001c r _kanji_072c4_paths
00343954 0000001c r _kanji_072c3_paths
00343970 0000001c r _kanji_072c2_paths
0034398c 0000001c r _kanji_072b6_paths
003439a8 00000018 r _kanji_072b2_paths
003439c0 00000014 r _kanji_072af_paths
003439d4 00000010 r _kanji_072ac_paths
003439e4 00000050 r _kanji_072a7_paths
00343a34 0000004c r _kanji_072a2_paths
00343a80 00000044 r _kanji_072a0_paths
00343ac4 00000038 r _kanji_07296_paths
00343afc 00000038 r _kanji_07292_paths
00343b34 00000030 r _kanji_07287_paths
00343b64 00000030 r _kanji_07282_paths
00343b94 00000030 r _kanji_07280_paths
00343bc4 0000002c r _kanji_0727e_paths
00343bf0 0000002c r _kanji_0727d_paths
00343c1c 00000028 r _kanji_07279_paths
00343c44 00000024 r _kanji_07274_paths
00343c68 00000024 r _kanji_07272_paths
00343c8c 00000020 r _kanji_07269_paths
00343cac 00000020 r _kanji_07267_paths
00343ccc 0000001c r _kanji_07262_paths
00343ce8 0000001c r _kanji_07261_paths
00343d04 00000018 r _kanji_0725f_paths
00343d1c 00000018 r _kanji_0725d_paths
00343d34 00000010 r _kanji_0725b_paths
00343d44 00000010 r _kanji_07259_paths
00343d54 0000004c r _kanji_07258_paths
00343da0 00000034 r _kanji_07252_paths
00343dd4 00000030 r _kanji_0724c_paths
00343e04 00000030 r _kanji_0724b_paths
00343e34 00000020 r _kanji_07248_paths
00343e54 00000010 r _kanji_07247_paths
00343e64 00000044 r _kanji_07246_paths
00343ea8 00000020 r _kanji_07240_paths
00343ec8 00000038 r _kanji_0723e_paths
00343f00 0000002c r _kanji_0723d_paths
00343f2c 00000034 r _kanji_0723a_paths
00343f60 00000010 r _kanji_07236_paths
00343f70 00000044 r _kanji_07235_paths
00343fb4 00000030 r _kanji_07232_paths
00343fe4 00000024 r _kanji_07230_paths
00344008 00000020 r _kanji_0722d_paths
00344028 00000020 r _kanji_0722c_paths
00344048 00000010 r _kanji_0722a_paths
00344058 00000074 r _kanji_07228_paths
003440cc 00000054 r _kanji_0721b_paths
00344120 00000050 r _kanji_07210_paths
00344170 0000004c r _kanji_0720d_paths
003441bc 0000004c r _kanji_07206_paths
00344208 00000048 r _kanji_071ff_paths
00344250 00000048 r _kanji_071fc_paths
00344298 00000048 r _kanji_071fb_paths
003442e0 00000048 r _kanji_071f9_paths
00344328 00000044 r _kanji_071f5_paths
0034436c 00000044 r _kanji_071ee_paths
003443b0 00000044 r _kanji_071ed_paths
003443f4 00000044 r _kanji_071ec_paths
00344438 00000044 r _kanji_071e7_paths
0034447c 00000044 r _kanji_071e6_paths
003444c0 00000044 r _kanji_071e5_paths
00344504 00000044 r _kanji_071e0_paths
00344548 00000044 r _kanji_071df_paths
0034458c 00000040 r _kanji_071d7_paths
003445cc 00000040 r _kanji_071d5_paths
0034460c 00000040 r _kanji_071d4_paths
0034464c 00000040 r _kanji_071d2_paths
0034468c 00000044 r _kanji_071d0_paths
003446d0 00000040 r _kanji_071ce_paths
00344710 00000040 r _kanji_071c9_paths
00344750 00000040 r _kanji_071c8_paths
00344790 00000040 r _kanji_071c3_paths
003447d0 00000040 r _kanji_071be_paths
00344810 00000040 r _kanji_071b9_paths
00344850 0000003c r _kanji_071b1_paths
0034488c 0000003c r _kanji_071ac_paths
003448c8 0000003c r _kanji_071a8_paths
00344904 0000003c r _kanji_0719f_paths
00344940 0000003c r _kanji_07199_paths
0034497c 00000038 r _kanji_07195_paths
003449b4 00000038 r _kanji_07194_paths
003449ec 00000038 r _kanji_0718a_paths
00344a24 00000038 r _kanji_07184_paths
00344a5c 00000038 r _kanji_0717d_paths
00344a94 00000030 r _kanji_0716e_paths
00344ac4 00000034 r _kanji_0716c_paths
00344af8 00000034 r _kanji_07169_paths
00344b2c 00000034 r _kanji_07167_paths
00344b60 00000034 r _kanji_07166_paths
00344b94 00000034 r _kanji_07165_paths
00344bc8 00000034 r _kanji_07164_paths
00344bfc 00000034 r _kanji_07159_paths
00344c30 00000034 r _kanji_07156_paths
00344c64 00000034 r _kanji_0714e_paths
00344c98 00000034 r _kanji_0714c_paths
00344ccc 00000034 r _kanji_07149_paths
00344d00 00000030 r _kanji_0713c_paths
00344d30 00000030 r _kanji_07136_paths
00344d60 00000030 r _kanji_07130_paths
00344d90 00000030 r _kanji_07126_paths
00344dc0 00000030 r _kanji_07121_paths
00344df0 00000030 r _kanji_0711c_paths
00344e20 00000030 r _kanji_0711a_paths
00344e50 00000030 r _kanji_07119_paths
00344e80 0000002c r _kanji_07109_paths
00344eac 0000002c r _kanji_070fd_paths
00344ed8 0000002c r _kanji_070f9_paths
00344f04 00000028 r _kanji_070dd_paths
00344f2c 00000028 r _kanji_070d9_paths
00344f54 00000028 r _kanji_070cf_paths
00344f7c 00000028 r _kanji_070cb_paths
00344fa4 00000028 r _kanji_070c8_paths
00344fcc 00000024 r _kanji_070ba_paths
00344ff0 00000024 r _kanji_070b9_paths
00345014 00000024 r _kanji_070b8_paths
00345038 00000024 r _kanji_070af_paths
0034505c 00000024 r _kanji_070ae_paths
00345080 00000024 r _kanji_070ad_paths
003450a4 00000024 r _kanji_070ac_paths
003450c8 00000020 r _kanji_07099_paths
003450e8 00000020 r _kanji_07092_paths
00345108 00000020 r _kanji_0708e_paths
00345128 00000020 r _kanji_0708a_paths
00345148 00000020 r _kanji_07089_paths
00345168 0000001c r _kanji_0707d_paths
00345184 0000001c r _kanji_0707c_paths
003451a0 0000001c r _kanji_07078_paths
003451bc 00000018 r _kanji_07070_paths
003451d4 00000018 r _kanji_0706f_paths
003451ec 00000010 r _kanji_0706b_paths
003451fc 00000064 r _kanji_07063_paths
00345260 00000058 r _kanji_07058_paths
003452b8 00000058 r _kanji_07051_paths
00345310 00000050 r _kanji_0704c_paths
00345360 00000050 r _kanji_0703e_paths
003453b0 00000050 r _kanji_07032_paths
00345400 00000050 r _kanji_07030_paths
00345450 0000004c r _kanji_0702c_paths
0034549c 0000004c r _kanji_07027_paths
003454e8 0000004c r _kanji_07026_paths
00345534 0000004c r _kanji_0701f_paths
00345580 0000004c r _kanji_0701e_paths
003455cc 0000004c r _kanji_0701d_paths
00345618 0000004c r _kanji_0701a_paths
00345664 0000004c r _kanji_07015_paths
003456b0 00000048 r _kanji_07011_paths
003456f8 00000048 r _kanji_0700f_paths
00345740 00000048 r _kanji_0700b_paths
00345788 00000048 r _kanji_07009_paths
003457d0 00000048 r _kanji_07006_paths
00345818 00000048 r _kanji_07001_paths
00345860 00000048 r _kanji_06ffe_paths
003458a8 00000048 r _kanji_06ffa_paths
003458f0 00000044 r _kanji_06ff1_paths
00345934 00000044 r _kanji_06fef_paths
00345978 00000044 r _kanji_06fec_paths
003459bc 00000048 r _kanji_06feb_paths
00345a04 00000044 r _kanji_06fe4_paths
00345a48 00000044 r _kanji_06fe1_paths
00345a8c 00000044 r _kanji_06fe0_paths
00345ad0 00000044 r _kanji_06fdf_paths
00345b14 00000040 r _kanji_06fdb_paths
00345b54 00000044 r _kanji_06fd8_paths
00345b98 00000044 r _kanji_06fd5_paths
00345bdc 00000044 r _kanji_06fd4_paths
00345c20 00000040 r _kanji_06fc3_paths
00345c60 00000040 r _kanji_06fc1_paths
00345ca0 00000040 r _kanji_06fc0_paths
00345ce0 00000040 r _kanji_06fb9_paths
00345d20 00000040 r _kanji_06fb3_paths
00345d60 00000040 r _kanji_06fb1_paths
00345da0 00000040 r _kanji_06faa_paths
00345de0 00000040 r _kanji_06fa4_paths
00345e20 00000040 r _kanji_06fa3_paths
00345e60 00000040 r _kanji_06fa1_paths
00345ea0 0000003c r _kanji_06f97_paths
00345edc 0000003c r _kanji_06f8e_paths
00345f18 0000003c r _kanji_06f86_paths
00345f54 0000003c r _kanji_06f84_paths
00345f90 0000003c r _kanji_06f81_paths
00345fcc 0000003c r _kanji_06f7a_paths
00346008 0000003c r _kanji_06f78_paths
00346044 0000003c r _kanji_06f70_paths
00346080 0000003c r _kanji_06f6f_paths
003460bc 0000003c r _kanji_06f6e_paths
003460f8 0000003c r _kanji_06f66_paths
00346134 0000003c r _kanji_06f64_paths
00346170 0000003c r _kanji_06f5f_paths
003461ac 0000003c r _kanji_06f5c_paths
003461e8 0000003c r _kanji_06f5b_paths
00346224 0000003c r _kanji_06f58_paths
00346260 0000003c r _kanji_06f54_paths
0034629c 0000003c r _kanji_06f3f_paths
003462d8 00000038 r _kanji_06f3e_paths
00346310 00000038 r _kanji_06f38_paths
00346348 00000038 r _kanji_06f32_paths
00346380 00000038 r _kanji_06f31_paths
003463b8 00000038 r _kanji_06f2c_paths
003463f0 00000038 r _kanji_06f2b_paths
00346428 00000038 r _kanji_06f23_paths
00346460 00000034 r _kanji_06f22_paths
00346494 00000034 r _kanji_06f20_paths
003464c8 00000038 r _kanji_06f15_paths
00346500 00000038 r _kanji_06f14_paths
00346538 00000038 r _kanji_06f13_paths
00346570 0000003c r _kanji_06f11_paths
003465ac 00000038 r _kanji_06f0f_paths
003465e4 00000038 r _kanji_06f09_paths
0034661c 00000038 r _kanji_06f06_paths
00346654 00000038 r _kanji_06f02_paths
0034668c 00000038 r _kanji_06f01_paths
003466c4 00000038 r _kanji_06eff_paths
003466fc 00000038 r _kanji_06efe_paths
00346734 00000038 r _kanji_06ef8_paths
0034676c 00000038 r _kanji_06ef7_paths
003467a4 00000038 r _kanji_06ef4_paths
003467dc 00000038 r _kanji_06ef2_paths
00346814 00000038 r _kanji_06eef_paths
0034684c 00000034 r _kanji_06ede_paths
00346880 00000034 r _kanji_06edd_paths
003468b4 00000034 r _kanji_06ed4_paths
003468e8 00000034 r _kanji_06ed3_paths
0034691c 00000034 r _kanji_06ed1_paths
00346950 00000038 r _kanji_06ecc_paths
00346988 00000030 r _kanji_06ecb_paths
003469b8 00000034 r _kanji_06ec9_paths
003469ec 00000034 r _kanji_06ec5_paths
00346a20 00000034 r _kanji_06ec4_paths
00346a54 00000034 r _kanji_06ec2_paths
00346a88 00000034 r _kanji_06ebd_paths
00346abc 00000034 r _kanji_06eba_paths
00346af0 00000034 r _kanji_06eb7_paths
00346b24 00000034 r _kanji_06eb6_paths
00346b58 00000034 r _kanji_06eb2_paths
00346b8c 00000034 r _kanji_06eaa_paths
00346bc0 00000034 r _kanji_06ea5_paths
00346bf4 00000034 r _kanji_06ea2_paths
00346c28 00000034 r _kanji_06e9f_paths
00346c5c 00000034 r _kanji_06e9d_paths
00346c90 00000034 r _kanji_06e9c_paths
00346cc4 00000034 r _kanji_06e98_paths
00346cf8 00000034 r _kanji_06e96_paths
00346d2c 00000034 r _kanji_06e90_paths
00346d60 00000034 r _kanji_06e8f_paths
00346d94 00000030 r _kanji_06e82_paths
00346dc4 00000030 r _kanji_06e80_paths
00346df4 00000030 r _kanji_06e7f_paths
00346e24 00000030 r _kanji_06e7e_paths
00346e54 00000030 r _kanji_06e72_paths
00346e84 00000030 r _kanji_06e6f_paths
00346eb4 00000030 r _kanji_06e6b_paths
00346ee4 00000030 r _kanji_06e67_paths
00346f14 00000030 r _kanji_06e5b_paths
00346f44 00000030 r _kanji_06e58_paths
00346f74 00000030 r _kanji_06e56_paths
00346fa4 00000030 r _kanji_06e4e_paths
00346fd4 00000030 r _kanji_06e4d_paths
00347004 00000030 r _kanji_06e4a_paths
00347034 00000030 r _kanji_06e43_paths
00347064 00000030 r _kanji_06e3e_paths
00347094 00000030 r _kanji_06e3a_paths
003470c4 00000030 r _kanji_06e38_paths
003470f4 00000030 r _kanji_06e2f_paths
00347124 00000030 r _kanji_06e2d_paths
00347154 00000030 r _kanji_06e2c_paths
00347184 00000030 r _kanji_06e2b_paths
003471b4 00000030 r _kanji_06e29_paths
003471e4 00000030 r _kanji_06e26_paths
00347214 00000030 r _kanji_06e25_paths
00347244 00000030 r _kanji_06e23_paths
00347274 00000030 r _kanji_06e21_paths
003472a4 00000030 r _kanji_06e20_paths
003472d4 00000030 r _kanji_06e1f_paths
00347304 00000030 r _kanji_06e1d_paths
00347334 00000030 r _kanji_06e1b_paths
00347364 0000002c r _kanji_06e1a_paths
00347390 00000030 r _kanji_06e19_paths
003473c0 0000002c r _kanji_06e13_paths
003473ec 0000002c r _kanji_06e0b_paths
00347418 0000002c r _kanji_06e09_paths
00347444 0000002c r _kanji_06e08_paths
00347470 0000002c r _kanji_06e07_paths
0034749c 0000002c r _kanji_06e05_paths
003474c8 0000002c r _kanji_06dfb_paths
003474f4 0000002c r _kanji_06dfa_paths
00347520 0000002c r _kanji_06df9_paths
0034754c 0000002c r _kanji_06df7_paths
00347578 00000030 r _kanji_06df5_paths
003475a8 0000002c r _kanji_06df3_paths
003475d4 0000002c r _kanji_06df1_paths
00347600 0000002c r _kanji_06dec_paths
0034762c 0000002c r _kanji_06deb_paths
00347658 0000002c r _kanji_06dea_paths
00347684 0000002c r _kanji_06de8_paths
003476b0 0000002c r _kanji_06de1_paths
003476dc 0000002c r _kanji_06dd9_paths
00347708 0000002c r _kanji_06dd8_paths
00347734 0000002c r _kanji_06dd2_paths
00347760 0000002c r _kanji_06dd1_paths
0034778c 0000002c r _kanji_06dcc_paths
003477b8 0000002c r _kanji_06dcb_paths
003477e4 0000002c r _kanji_06dc6_paths
00347810 0000002c r _kanji_06dc5_paths
0034783c 0000002c r _kanji_06dc0_paths
00347868 0000002c r _kanji_06dbc_paths
00347894 0000002c r _kanji_06db8_paths
003478c0 0000002c r _kanji_06db5_paths
003478ec 0000002c r _kanji_06db2_paths
00347918 0000002c r _kanji_06daf_paths
00347944 00000028 r _kanji_06d99_paths
0034796c 00000028 r _kanji_06d95_paths
00347994 00000028 r _kanji_06d93_paths
003479bc 00000028 r _kanji_06d8e_paths
003479e4 00000028 r _kanji_06d8c_paths
00347a0c 00000028 r _kanji_06d88_paths
00347a34 00000028 r _kanji_06d85_paths
00347a5c 00000028 r _kanji_06d79_paths
00347a84 00000028 r _kanji_06d78_paths
00347aac 00000024 r _kanji_06d77_paths
00347ad0 00000028 r _kanji_06d74_paths
00347af8 00000028 r _kanji_06d6e_paths
00347b20 00000028 r _kanji_06d6c_paths
00347b48 00000028 r _kanji_06d6a_paths
00347b70 00000028 r _kanji_06d69_paths
00347b98 00000028 r _kanji_06d66_paths
00347bc0 00000028 r _kanji_06d63_paths
00347be8 00000028 r _kanji_06d5c_paths
00347c10 00000028 r _kanji_06d5a_paths
00347c38 00000028 r _kanji_06d59_paths
00347c60 00000024 r _kanji_06d45_paths
00347c84 00000024 r _kanji_06d44_paths
00347ca8 00000028 r _kanji_06d41_paths
00347cd0 00000024 r _kanji_06d3e_paths
00347cf4 00000024 r _kanji_06d3d_paths
00347d18 00000024 r _kanji_06d3b_paths
00347d3c 00000024 r _kanji_06d38_paths
00347d60 00000024 r _kanji_06d36_paths
00347d84 00000024 r _kanji_06d35_paths
00347da8 00000024 r _kanji_06d32_paths
00347dcc 00000024 r _kanji_06d2b_paths
00347df0 00000024 r _kanji_06d2a_paths
00347e14 00000024 r _kanji_06d29_paths
00347e38 00000024 r _kanji_06d25_paths
00347e5c 00000024 r _kanji_06d1f_paths
00347e80 00000024 r _kanji_06d1e_paths
00347ea4 00000024 r _kanji_06d1b_paths
00347ec8 00000024 r _kanji_06d17_paths
00347eec 00000024 r _kanji_06d12_paths
00347f10 00000024 r _kanji_06d0c_paths
00347f34 00000024 r _kanji_06d0b_paths
00347f58 00000020 r _kanji_06cf3_paths
00347f78 00000028 r _kanji_06cf0_paths
00347fa0 00000020 r _kanji_06cef_paths
00347fc0 00000020 r _kanji_06cea_paths
00347fe0 00000020 r _kanji_06ce8_paths
00348000 00000020 r _kanji_06ce5_paths
00348020 00000020 r _kanji_06ce3_paths
00348040 00000020 r _kanji_06ce2_paths
00348060 00000020 r _kanji_06ce1_paths
00348080 00000020 r _kanji_06cdd_paths
003480a0 0000001c r _kanji_06cdb_paths
003480bc 00000020 r _kanji_06cd7_paths
003480dc 00000020 r _kanji_06cd5_paths
003480fc 00000020 r _kanji_06cd3_paths
0034811c 00000020 r _kanji_06ccc_paths
0034813c 00000020 r _kanji_06cca_paths
0034815c 00000024 r _kanji_06cc9_paths
00348180 00000020 r _kanji_06cc5_paths
003481a0 00000020 r _kanji_06cc4_paths
003481c0 00000020 r _kanji_06cc1_paths
003481e0 00000020 r _kanji_06cbf_paths
00348200 00000020 r _kanji_06cbe_paths
00348220 00000020 r _kanji_06cbd_paths
00348240 00000020 r _kanji_06cbc_paths
00348260 00000020 r _kanji_06cbb_paths
00348280 00000020 r _kanji_06cb9_paths
003482a0 00000020 r _kanji_06cb8_paths
003482c0 00000020 r _kanji_06cb3_paths
003482e0 00000020 r _kanji_06cb1_paths
00348300 00000020 r _kanji_06cae_paths
00348320 00000020 r _kanji_06cab_paths
00348340 0000001c r _kanji_06ca2_paths
0034835c 0000001c r _kanji_06ca1_paths
00348378 0000001c r _kanji_06c9b_paths
00348394 0000001c r _kanji_06c9a_paths
003483b0 0000001c r _kanji_06c99_paths
003483cc 0000001c r _kanji_06c96_paths
003483e8 00000020 r _kanji_06c93_paths
00348408 0000001c r _kanji_06c92_paths
00348424 0000001c r _kanji_06c90_paths
00348440 0000001c r _kanji_06c8d_paths
0034845c 0000001c r _kanji_06c8c_paths
00348478 0000001c r _kanji_06c88_paths
00348494 0000001c r _kanji_06c83_paths
003484b0 0000001c r _kanji_06c82_paths
003484cc 0000001c r _kanji_06c81_paths
003484e8 0000001c r _kanji_06c7d_paths
00348504 0000001c r _kanji_06c7a_paths
00348520 0000001c r _kanji_06c72_paths
0034853c 0000001c r _kanji_06c70_paths
00348558 0000001c r _kanji_06c6a_paths
00348574 0000001c r _kanji_06c68_paths
00348590 00000018 r _kanji_06c60_paths
003485a8 00000018 r _kanji_06c5f_paths
003485c0 0000001c r _kanji_06c5e_paths
003485dc 00000018 r _kanji_06c5d_paths
003485f4 00000018 r _kanji_06c5a_paths
0034860c 00000018 r _kanji_06c57_paths
00348624 00000018 r _kanji_06c55_paths
0034863c 00000018 r _kanji_06c50_paths
00348654 00000018 r _kanji_06c4e_paths
0034866c 0000001c r _kanji_06c42_paths
00348688 00000014 r _kanji_06c41_paths
0034869c 00000014 r _kanji_06c40_paths
003486b0 00000014 r _kanji_06c3e_paths
003486c4 00000014 r _kanji_06c38_paths
003486d8 00000014 r _kanji_06c37_paths
003486ec 00000010 r _kanji_06c34_paths
003486fc 00000028 r _kanji_06c23_paths
00348724 00000020 r _kanji_06c1b_paths
00348744 00000018 r _kanji_06c17_paths
0034875c 00000020 r _kanji_06c13_paths
0034877c 00000014 r _kanji_06c11_paths
00348790 00000010 r _kanji_06c0f_paths
003487a0 00000044 r _kanji_06c08_paths
003487e4 00000030 r _kanji_06bf3_paths
00348814 00000030 r _kanji_06bef_paths
00348844 0000002c r _kanji_06bec_paths
00348870 0000002c r _kanji_06beb_paths
0034889c 00000020 r _kanji_06bdf_paths
003488bc 00000010 r _kanji_06bdb_paths
003488cc 00000024 r _kanji_06bd8_paths
003488f0 00000010 r _kanji_06bd4_paths
00348900 00000020 r _kanji_06bd2_paths
00348920 00000018 r _kanji_06bce_paths
00348938 00000014 r _kanji_06bcd_paths
0034894c 00000010 r _kanji_06bcb_paths
0034895c 0000003c r _kanji_06bc6_paths
00348998 0000003c r _kanji_06bc5_paths
003489d4 00000034 r _kanji_06bc0_paths
00348a08 00000034 r _kanji_06bbf_paths
00348a3c 00000030 r _kanji_06bbc_paths
00348a6c 0000002c r _kanji_06bbb_paths
00348a98 00000028 r _kanji_06bba_paths
00348ac0 00000028 r _kanji_06bb7_paths
00348ae8 00000024 r _kanji_06bb5_paths
00348b0c 00000020 r _kanji_06bb4_paths
00348b2c 00000054 r _kanji_06bb2_paths
00348b80 00000048 r _kanji_06baf_paths
00348bc8 00000040 r _kanji_06bab_paths
00348c08 00000040 r _kanji_06baa_paths
00348c48 0000003c r _kanji_06ba4_paths
00348c84 00000038 r _kanji_06b9e_paths
00348cbc 00000030 r _kanji_06b98_paths
00348cec 00000030 r _kanji_06b96_paths
00348d1c 0000002c r _kanji_06b8d_paths
00348d48 00000028 r _kanji_06b8b_paths
00348d70 00000028 r _kanji_06b8a_paths
00348d98 00000028 r _kanji_06b89_paths
00348dc0 00000024 r _kanji_06b86_paths
00348de4 00000024 r _kanji_06b84_paths
00348e08 00000024 r _kanji_06b83_paths
00348e2c 00000020 r _kanji_06b80_paths
00348e4c 00000020 r _kanji_06b7f_paths
00348e6c 00000018 r _kanji_06b7b_paths
00348e84 00000048 r _kanji_06b78_paths
00348ecc 00000038 r _kanji_06b74_paths
00348f04 00000034 r _kanji_06b73_paths
00348f38 00000030 r _kanji_06b6f_paths
00348f68 00000024 r _kanji_06b6a_paths
00348f8c 00000020 r _kanji_06b69_paths
00348fac 00000020 r _kanji_06b66_paths
00348fcc 00000018 r _kanji_06b64_paths
00348fe4 00000014 r _kanji_06b63_paths
00348ff8 00000010 r _kanji_06b62_paths
00349008 00000054 r _kanji_06b61_paths
0034905c 00000044 r _kanji_06b5f_paths
003490a0 00000044 r _kanji_06b5b_paths
003490e4 00000040 r _kanji_06b59_paths
00349124 00000040 r _kanji_06b54_paths
00349164 0000003c r _kanji_06b53_paths
003491a0 0000003c r _kanji_06b50_paths
003491dc 0000003c r _kanji_06b4e_paths
00349218 00000038 r _kanji_06b4c_paths
00349250 00000038 r _kanji_06b49_paths
00349288 00000034 r _kanji_06b47_paths
003492bc 00000034 r _kanji_06b43_paths
003492f0 00000030 r _kanji_06b3e_paths
00349320 00000030 r _kanji_06b3d_paths
00349350 00000030 r _kanji_06b3a_paths
00349380 00000030 r _kanji_06b39_paths
003493b0 0000002c r _kanji_06b38_paths
003493dc 0000002c r _kanji_06b37_paths
00349408 0000002c r _kanji_06b32_paths
00349434 00000020 r _kanji_06b27_paths
00349454 00000020 r _kanji_06b23_paths
00349474 00000018 r _kanji_06b21_paths
0034948c 00000010 r _kanji_06b20_paths
0034949c 00000068 r _kanji_06b16_paths
00349504 0000005c r _kanji_06b12_paths
00349560 00000054 r _kanji_06b0a_paths
003495b4 00000054 r _kanji_06b05_paths
00349608 00000050 r _kanji_06b04_paths
00349658 00000054 r _kanji_06afb_paths
003496ac 00000054 r _kanji_06afa_paths
00349700 00000050 r _kanji_06aea_paths
00349750 00000050 r _kanji_06ae8_paths
003497a0 0000004c r _kanji_06adf_paths
003497ec 0000004c r _kanji_06adb_paths
00349838 0000004c r _kanji_06ada_paths
00349884 0000004c r _kanji_06ad3_paths
003498d0 00000048 r _kanji_06ac3_paths
00349918 00000048 r _kanji_06ac2_paths
00349960 0000004c r _kanji_06abb_paths
003499ac 00000048 r _kanji_06ab8_paths
003499f4 00000048 r _kanji_06ab3_paths
00349a3c 00000048 r _kanji_06aae_paths
00349a84 00000044 r _kanji_06aac_paths
00349ac8 00000044 r _kanji_06aa3_paths
00349b0c 00000044 r _kanji_06aa2_paths
00349b50 00000040 r _kanji_06aa0_paths
00349b90 00000044 r _kanji_06a9c_paths
00349bd4 00000044 r _kanji_06a97_paths
00349c18 00000044 r _kanji_06a90_paths
00349c5c 00000044 r _kanji_06a8e_paths
00349ca0 00000044 r _kanji_06a84_paths
00349ce4 00000044 r _kanji_06a80_paths
00349d28 00000044 r _kanji_06a7f_paths
00349d6c 00000040 r _kanji_06a66_paths
00349dac 00000040 r _kanji_06a61_paths
00349dec 00000040 r _kanji_06a5f_paths
00349e2c 00000040 r _kanji_06a59_paths
00349e6c 00000040 r _kanji_06a58_paths
00349eac 00000040 r _kanji_06a4b_paths
00349eec 00000040 r _kanji_06a48_paths
00349f2c 00000040 r _kanji_06a47_paths
00349f6c 00000040 r _kanji_06a44_paths
00349fac 00000040 r _kanji_06a3d_paths
00349fec 00000038 r _kanji_06a3a_paths
0034a024 00000040 r _kanji_06a39_paths
0034a064 00000040 r _kanji_06a38_paths
0034a0a4 00000040 r _kanji_06a35_paths
0034a0e4 00000040 r _kanji_06a2b_paths
0034a124 0000003c r _kanji_06a2a_paths
0034a160 0000003c r _kanji_06a29_paths
0034a19c 0000003c r _kanji_06a23_paths
0034a1d8 00000038 r _kanji_06a21_paths
0034a210 0000003c r _kanji_06a1f_paths
0034a24c 0000003c r _kanji_06a1e_paths
0034a288 0000003c r _kanji_06a1b_paths
0034a2c4 0000003c r _kanji_06a19_paths
0034a300 0000003c r _kanji_06a17_paths
0034a33c 0000003c r _kanji_06a14_paths
0034a378 0000003c r _kanji_06a13_paths
0034a3b4 0000003c r _kanji_06a12_paths
0034a3f0 0000003c r _kanji_06a0b_paths
0034a42c 0000003c r _kanji_06a0a_paths
0034a468 0000003c r _kanji_06a05_paths
0034a4a4 0000003c r _kanji_06a02_paths
0034a4e0 0000003c r _kanji_069ff_paths
0034a51c 0000003c r _kanji_069fd_paths
0034a558 0000003c r _kanji_069fb_paths
0034a594 0000003c r _kanji_069f2_paths
0034a5d0 0000003c r _kanji_069ed_paths
0034a60c 0000003c r _kanji_069e8_paths
0034a648 0000003c r _kanji_069e7_paths
0034a684 00000038 r _kanji_069d9_paths
0034a6bc 00000038 r _kanji_069d8_paths
0034a6f4 00000038 r _kanji_069d3_paths
0034a72c 00000038 r _kanji_069d0_paths
0034a764 00000038 r _kanji_069ce_paths
0034a79c 00000038 r _kanji_069cd_paths
0034a7d4 00000038 r _kanji_069cc_paths
0034a80c 00000038 r _kanji_069cb_paths
0034a844 00000038 r _kanji_069ca_paths
0034a87c 00000038 r _kanji_069c7_paths
0034a8b4 00000038 r _kanji_069c3_paths
0034a8ec 00000038 r _kanji_069c1_paths
0034a924 00000038 r _kanji_069be_paths
0034a95c 00000038 r _kanji_069bb_paths
0034a994 00000038 r _kanji_069b4_paths
0034a9cc 00000038 r _kanji_069b1_paths
0034aa04 00000038 r _kanji_069ae_paths
0034aa3c 00000038 r _kanji_069a7_paths
0034aa74 00000038 r _kanji_0699c_paths
0034aaac 00000038 r _kanji_0699b_paths
0034aae4 00000038 r _kanji_06995_paths
0034ab1c 00000038 r _kanji_06994_paths
0034ab54 00000038 r _kanji_06991_paths
0034ab8c 00000038 r _kanji_0698e_paths
0034abc4 00000038 r _kanji_0698a_paths
0034abfc 00000038 r _kanji_06982_paths
0034ac34 00000034 r _kanji_06981_paths
0034ac68 00000034 r _kanji_0697e_paths
0034ac9c 00000034 r _kanji_0697d_paths
0034acd0 00000034 r _kanji_0697c_paths
0034ad04 00000034 r _kanji_06979_paths
0034ad38 00000034 r _kanji_06978_paths
0034ad6c 00000034 r _kanji_06977_paths
0034ada0 00000030 r _kanji_06975_paths
0034add0 00000034 r _kanji_06973_paths
0034ae04 00000034 r _kanji_0696f_paths
0034ae38 00000034 r _kanji_0696e_paths
0034ae6c 00000034 r _kanji_0696d_paths
0034aea0 00000034 r _kanji_0696b_paths
0034aed4 00000034 r _kanji_06962_paths
0034af08 00000034 r _kanji_06961_paths
0034af3c 00000034 r _kanji_06960_paths
0034af70 00000034 r _kanji_0695d_paths
0034afa4 00000034 r _kanji_0695a_paths
0034afd8 00000034 r _kanji_06955_paths
0034b00c 00000034 r _kanji_06954_paths
0034b040 00000034 r _kanji_06953_paths
0034b074 00000034 r _kanji_0694a_paths
0034b0a8 00000034 r _kanji_0693f_paths
0034b0dc 00000034 r _kanji_0693d_paths
0034b110 00000034 r _kanji_06939_paths
0034b144 00000034 r _kanji_06934_paths
0034b178 00000034 r _kanji_06930_paths
0034b1ac 00000030 r _kanji_0691c_paths
0034b1dc 0000002c r _kanji_0691b_paths
0034b208 00000030 r _kanji_0691a_paths
0034b238 00000030 r _kanji_06919_paths
0034b268 00000030 r _kanji_06912_paths
0034b298 00000030 r _kanji_0690f_paths
0034b2c8 00000030 r _kanji_0690e_paths
0034b2f8 00000030 r _kanji_0690d_paths
0034b328 00000030 r _kanji_0690b_paths
0034b358 00000030 r _kanji_06908_paths
0034b388 00000030 r _kanji_06905_paths
0034b3b8 00000030 r _kanji_06904_paths
0034b3e8 00000030 r _kanji_06901_paths
0034b418 00000030 r _kanji_06900_paths
0034b448 00000030 r _kanji_068fa_paths
0034b478 00000030 r _kanji_068f9_paths
0034b4a8 00000030 r _kanji_068f2_paths
0034b4d8 00000030 r _kanji_068ee_paths
0034b508 00000030 r _kanji_068e7_paths
0034b538 00000030 r _kanji_068e3_paths
0034b568 00000030 r _kanji_068e0_paths
0034b598 00000030 r _kanji_068df_paths
0034b5c8 00000030 r _kanji_068da_paths
0034b5f8 00000030 r _kanji_068d8_paths
0034b628 00000030 r _kanji_068d7_paths
0034b658 00000030 r _kanji_068d5_paths
0034b688 00000030 r _kanji_068d2_paths
0034b6b8 00000030 r _kanji_068cd_paths
0034b6e8 00000030 r _kanji_068cb_paths
0034b718 00000030 r _kanji_068c9_paths
0034b748 00000034 r _kanji_068c4_paths
0034b77c 0000002c r _kanji_068ba_paths
0034b7a8 0000002c r _kanji_068b6_paths
0034b7d4 0000002c r _kanji_068b5_paths
0034b800 0000002c r _kanji_068b1_paths
0034b82c 0000002c r _kanji_068b0_paths
0034b858 0000002c r _kanji_068af_paths
0034b884 0000002c r _kanji_068ad_paths
0034b8b0 0000002c r _kanji_068a8_paths
0034b8dc 0000002c r _kanji_068a7_paths
0034b908 0000002c r _kanji_068a2_paths
0034b934 0000002c r _kanji_068a0_paths
0034b960 0000002c r _kanji_0689f_paths
0034b98c 0000002c r _kanji_0689d_paths
0034b9b8 0000002c r _kanji_06897_paths
0034b9e4 0000002c r _kanji_06894_paths
0034ba10 0000002c r _kanji_06893_paths
0034ba3c 0000002c r _kanji_0688f_paths
0034ba68 00000028 r _kanji_06885_paths
0034ba90 0000002c r _kanji_06883_paths
0034babc 0000002c r _kanji_06881_paths
0034bae8 0000002c r _kanji_06877_paths
0034bb14 0000002c r _kanji_06876_paths
0034bb40 0000002c r _kanji_06874_paths
0034bb6c 00000028 r _kanji_0685f_paths
0034bb94 00000028 r _kanji_0685c_paths
0034bbbc 00000028 r _kanji_06859_paths
0034bbe4 00000028 r _kanji_06854_paths
0034bc0c 00000028 r _kanji_06853_paths
0034bc34 00000028 r _kanji_06851_paths
0034bc5c 00000028 r _kanji_06850_paths
0034bc84 00000028 r _kanji_0684e_paths
0034bcac 00000028 r _kanji_06848_paths
0034bcd4 00000028 r _kanji_06846_paths
0034bcfc 00000028 r _kanji_06843_paths
0034bd24 00000028 r _kanji_06842_paths
0034bd4c 00000028 r _kanji_06841_paths
0034bd74 00000028 r _kanji_0683d_paths
0034bd9c 00000028 r _kanji_0683c_paths
0034bdc4 00000028 r _kanji_06839_paths
0034bdec 00000028 r _kanji_06838_paths
0034be14 00000028 r _kanji_06834_paths
0034be3c 00000028 r _kanji_06832_paths
0034be64 00000028 r _kanji_0682b_paths
0034be8c 00000028 r _kanji_0682a_paths
0034beb4 00000028 r _kanji_06829_paths
0034bedc 00000028 r _kanji_06821_paths
0034bf04 00000028 r _kanji_0681e_paths
0034bf2c 00000028 r _kanji_06817_paths
0034bf54 00000028 r _kanji_06816_paths
0034bf7c 00000028 r _kanji_06813_paths
0034bfa4 00000024 r _kanji_06804_paths
0034bfc8 00000024 r _kanji_06803_paths
0034bfec 00000024 r _kanji_06802_paths
0034c010 00000024 r _kanji_067ff_paths
0034c034 00000024 r _kanji_067fe_paths
0034c058 00000024 r _kanji_067fb_paths
0034c07c 00000024 r _kanji_067f5_paths
0034c0a0 00000028 r _kanji_067f4_paths
0034c0c8 00000024 r _kanji_067f3_paths
0034c0ec 00000024 r _kanji_067f1_paths
0034c110 00000024 r _kanji_067ef_paths
0034c134 00000024 r _kanji_067ee_paths
0034c158 00000024 r _kanji_067ec_paths
0034c17c 00000024 r _kanji_067e9_paths
0034c1a0 00000024 r _kanji_067e4_paths
0034c1c4 00000024 r _kanji_067e2_paths
0034c1e8 00000024 r _kanji_067de_paths
0034c20c 00000024 r _kanji_067dd_paths
0034c230 00000024 r _kanji_067da_paths
0034c254 00000024 r _kanji_067d8_paths
0034c278 00000024 r _kanji_067d4_paths
0034c29c 00000024 r _kanji_067d3_paths
0034c2c0 00000024 r _kanji_067d1_paths
0034c2e4 00000024 r _kanji_067d0_paths
0034c308 00000024 r _kanji_067cf_paths
0034c32c 00000024 r _kanji_067ce_paths
0034c350 00000024 r _kanji_067ca_paths
0034c374 00000024 r _kanji_067c4_paths
0034c398 00000024 r _kanji_067c1_paths
0034c3bc 00000024 r _kanji_067b9_paths
0034c3e0 00000024 r _kanji_067b8_paths
0034c404 00000024 r _kanji_067b7_paths
0034c428 00000024 r _kanji_067b6_paths
0034c44c 00000024 r _kanji_067b4_paths
0034c470 00000024 r _kanji_067b3_paths
0034c494 00000024 r _kanji_067af_paths
0034c4b8 00000020 r _kanji_067a2_paths
0034c4d8 00000020 r _kanji_067a1_paths
0034c4f8 00000020 r _kanji_067a0_paths
0034c518 00000020 r _kanji_0679d_paths
0034c538 00000020 r _kanji_0679c_paths
0034c558 00000020 r _kanji_0679a_paths
0034c578 00000020 r _kanji_06797_paths
0034c598 00000020 r _kanji_06795_paths
0034c5b8 00000020 r _kanji_06790_paths
0034c5d8 00000020 r _kanji_0678c_paths
0034c5f8 00000020 r _kanji_0678b_paths
0034c618 00000020 r _kanji_06789_paths
0034c638 00000020 r _kanji_06787_paths
0034c658 00000020 r _kanji_0677f_paths
0034c678 00000020 r _kanji_0677e_paths
0034c698 00000020 r _kanji_0677c_paths
0034c6b8 00000020 r _kanji_06777_paths
0034c6d8 00000020 r _kanji_06775_paths
0034c6f8 00000020 r _kanji_06773_paths
0034c718 00000020 r _kanji_06772_paths
0034c738 00000020 r _kanji_06771_paths
0034c758 00000020 r _kanji_0676f_paths
0034c778 00000020 r _kanji_0676d_paths
0034c798 00000020 r _kanji_0676a_paths
0034c7b8 0000001c r _kanji_06765_paths
0034c7d4 0000001c r _kanji_06763_paths
0034c7f0 0000001c r _kanji_06762_paths
0034c80c 0000001c r _kanji_06761_paths
0034c828 0000001c r _kanji_06760_paths
0034c844 0000001c r _kanji_0675f_paths
0034c860 0000001c r _kanji_0675e_paths
0034c87c 0000001c r _kanji_0675c_paths
0034c898 0000001c r _kanji_06759_paths
0034c8b4 0000001c r _kanji_06756_paths
0034c8d0 0000001c r _kanji_06753_paths
0034c8ec 0000001c r _kanji_06751_paths
0034c908 0000001c r _kanji_06750_paths
0034c924 0000001c r _kanji_0674f_paths
0034c940 0000001c r _kanji_0674e_paths
0034c95c 0000001c r _kanji_06749_paths
0034c978 0000001c r _kanji_06746_paths
0034c994 00000018 r _kanji_0673f_paths
0034c9ac 00000018 r _kanji_0673d_paths
0034c9c4 00000018 r _kanji_0673a_paths
0034c9dc 00000018 r _kanji_06738_paths
0034c9f4 00000018 r _kanji_06736_paths
0034ca0c 00000018 r _kanji_06734_paths
0034ca24 00000018 r _kanji_06731_paths
0034ca3c 00000014 r _kanji_0672e_paths
0034ca50 00000014 r _kanji_0672d_paths
0034ca64 00000014 r _kanji_0672c_paths
0034ca78 00000014 r _kanji_0672b_paths
0034ca8c 00000014 r _kanji_0672a_paths
0034caa0 00000010 r _kanji_06728_paths
0034cab0 00000050 r _kanji_06727_paths
0034cb00 00000044 r _kanji_06726_paths
0034cb44 00000030 r _kanji_0671f_paths
0034cb74 00000030 r _kanji_0671e_paths
0034cba4 00000030 r _kanji_0671d_paths
0034cbd4 0000002c r _kanji_0671b_paths
0034cc00 00000028 r _kanji_06717_paths
0034cc28 00000028 r _kanji_06715_paths
0034cc50 00000028 r _kanji_06714_paths
0034cc78 00000024 r _kanji_0670f_paths
0034cc9c 00000020 r _kanji_0670d_paths
0034ccbc 00000020 r _kanji_0670b_paths
0034ccdc 00000018 r _kanji_06709_paths
0034ccf4 00000010 r _kanji_06708_paths
0034cd04 00000034 r _kanji_06703_paths
0034cd38 00000030 r _kanji_06700_paths
0034cd68 00000030 r _kanji_066ff_paths
0034cd98 00000030 r _kanji_066fe_paths
0034cdc8 0000002c r _kanji_066fd_paths
0034cdf4 0000002c r _kanji_066fc_paths
0034ce20 0000002c r _kanji_066f9_paths
0034ce4c 00000028 r _kanji_066f8_paths
0034ce74 00000024 r _kanji_066f7_paths
0034ce98 0000001c r _kanji_066f4_paths
0034ceb4 00000018 r _kanji_066f3_paths
0034cecc 00000018 r _kanji_066f2_paths
0034cee4 00000010 r _kanji_066f0_paths
0034cef4 00000054 r _kanji_066e9_paths
0034cf48 00000050 r _kanji_066e6_paths
0034cf98 0000004c r _kanji_066e0_paths
0034cfe4 0000004c r _kanji_066dd_paths
0034d030 00000048 r _kanji_066dc_paths
0034d078 00000044 r _kanji_066da_paths
0034d0bc 00000044 r _kanji_066d9_paths
0034d100 00000044 r _kanji_066d6_paths
0034d144 00000040 r _kanji_066c9_paths
0034d184 00000040 r _kanji_066c7_paths
0034d1c4 00000040 r _kanji_066be_paths
0034d204 00000040 r _kanji_066b9_paths
0034d244 0000003c r _kanji_066b4_paths
0034d280 00000038 r _kanji_066ae_paths
0034d2b8 0000003c r _kanji_066ab_paths
0034d2f4 00000038 r _kanji_066a6_paths
0034d32c 00000038 r _kanji_066a2_paths
0034d364 00000038 r _kanji_0669d_paths
0034d39c 00000034 r _kanji_06698_paths
0034d3d0 00000034 r _kanji_06697_paths
0034d404 00000034 r _kanji_06696_paths
0034d438 00000030 r _kanji_06691_paths
0034d468 00000034 r _kanji_06689_paths
0034d49c 00000034 r _kanji_06688_paths
0034d4d0 00000034 r _kanji_06687_paths
0034d504 00000034 r _kanji_06684_paths
0034d538 00000030 r _kanji_06681_paths
0034d568 00000030 r _kanji_0667a_paths
0034d598 00000030 r _kanji_06676_paths
0034d5c8 00000030 r _kanji_06674_paths
0034d5f8 00000030 r _kanji_06670_paths
0034d628 00000030 r _kanji_0666f_paths
0034d658 00000030 r _kanji_0666e_paths
0034d688 00000030 r _kanji_06669_paths
0034d6b8 0000002c r _kanji_06668_paths
0034d6e4 0000002c r _kanji_06667_paths
0034d710 0000002c r _kanji_06666_paths
0034d73c 0000002c r _kanji_06664_paths
0034d768 0000002c r _kanji_06662_paths
0034d794 00000028 r _kanji_0665f_paths
0034d7bc 0000002c r _kanji_0665e_paths
0034d7e8 0000002c r _kanji_0665d_paths
0034d814 00000028 r _kanji_06652_paths
0034d83c 00000028 r _kanji_0664f_paths
0034d864 00000028 r _kanji_0664b_paths
0034d88c 00000028 r _kanji_06649_paths
0034d8b4 00000028 r _kanji_06643_paths
0034d8dc 00000028 r _kanji_06642_paths
0034d904 00000028 r _kanji_06641_paths
0034d92c 00000024 r _kanji_0663c_paths
0034d950 00000024 r _kanji_06636_paths
0034d974 00000024 r _kanji_06635_paths
0034d998 00000024 r _kanji_06634_paths
0034d9bc 00000024 r _kanji_0662f_paths
0034d9e0 00000024 r _kanji_0662d_paths
0034da04 00000024 r _kanji_06628_paths
0034da28 00000024 r _kanji_06627_paths
0034da4c 00000024 r _kanji_06625_paths
0034da70 00000024 r _kanji_06620_paths
0034da94 00000024 r _kanji_0661f_paths
0034dab8 00000024 r _kanji_0661c_paths
0034dadc 00000020 r _kanji_06614_paths
0034dafc 00000020 r _kanji_06613_paths
0034db1c 00000020 r _kanji_0660f_paths
0034db3c 00000020 r _kanji_0660e_paths
0034db5c 00000020 r _kanji_0660c_paths
0034db7c 00000020 r _kanji_0660a_paths
0034db9c 00000020 r _kanji_06607_paths
0034dbbc 00000020 r _kanji_06606_paths
0034dbdc 00000020 r _kanji_06603_paths
0034dbfc 00000020 r _kanji_06602_paths
0034dc1c 00000020 r _kanji_065fb_paths
0034dc3c 00000020 r _kanji_065fa_paths
0034dc5c 0000001c r _kanji_065f1_paths
0034dc78 00000018 r _kanji_065ed_paths
0034dc90 00000018 r _kanji_065ec_paths
0034dca8 00000018 r _kanji_065e9_paths
0034dcc0 00000018 r _kanji_065e8_paths
0034dcd8 00000014 r _kanji_065e7_paths
0034dcec 00000014 r _kanji_065e6_paths
0034dd00 00000010 r _kanji_065e5_paths
0034dd10 00000028 r _kanji_065e2_paths
0034dd38 00000048 r _kanji_065db_paths
0034dd80 00000038 r _kanji_065d7_paths
0034ddb8 0000002c r _kanji_065cf_paths
0034dde4 0000002c r _kanji_065cc_paths
0034de10 0000002c r _kanji_065cb_paths
0034de3c 00000028 r _kanji_065c6_paths
0034de64 00000028 r _kanji_065c5_paths
0034de8c 00000028 r _kanji_065c4_paths
0034deb4 00000028 r _kanji_065c3_paths
0034dedc 00000028 r _kanji_065c1_paths
0034df04 00000024 r _kanji_065bd_paths
0034df28 00000020 r _kanji_065bc_paths
0034df48 00000010 r _kanji_065b9_paths
0034df58 00000048 r _kanji_065b7_paths
0034dfa0 00000034 r _kanji_065b0_paths
0034dfd4 00000030 r _kanji_065af_paths
0034e004 0000002c r _kanji_065ad_paths
0034e030 0000002c r _kanji_065ac_paths
0034e05c 00000024 r _kanji_065ab_paths
0034e080 00000020 r _kanji_065a7_paths
0034e0a0 00000014 r _kanji_065a5_paths
0034e0b4 00000010 r _kanji_065a4_paths
0034e0c4 00000038 r _kanji_065a1_paths
0034e0fc 00000034 r _kanji_0659f_paths
0034e130 0000002c r _kanji_0659c_paths
0034e15c 0000002c r _kanji_0659b_paths
0034e188 00000028 r _kanji_06599_paths
0034e1b0 00000010 r _kanji_06597_paths
0034e1c0 00000030 r _kanji_06591_paths
0034e1f0 00000030 r _kanji_06590_paths
0034e220 0000002c r _kanji_0658e_paths
0034e24c 00000030 r _kanji_0658c_paths
0034e27c 00000020 r _kanji_06589_paths
0034e29c 00000010 r _kanji_06587_paths
0034e2ac 00000048 r _kanji_06583_paths
0034e2f4 00000044 r _kanji_06582_paths
0034e338 0000003c r _kanji_06578_paths
0034e374 0000003c r _kanji_06577_paths
0034e3b0 0000003c r _kanji_06575_paths
0034e3ec 00000040 r _kanji_06574_paths
0034e42c 00000038 r _kanji_06572_paths
0034e464 00000034 r _kanji_06570_paths
0034e498 00000030 r _kanji_0656c_paths
0034e4c8 00000030 r _kanji_06566_paths
0034e4f8 00000030 r _kanji_06563_paths
0034e528 00000030 r _kanji_06562_paths
0034e558 00000030 r _kanji_0655e_paths
0034e588 00000030 r _kanji_0655d_paths
0034e5b8 0000002c r _kanji_06559_paths
0034e5e4 0000002c r _kanji_06557_paths
0034e610 0000002c r _kanji_06556_paths
0034e63c 0000002c r _kanji_06555_paths
0034e668 0000002c r _kanji_06551_paths
0034e694 00000028 r _kanji_0654f_paths
0034e6bc 0000002c r _kanji_0654d_paths
0034e6e8 00000028 r _kanji_06548_paths
0034e710 00000024 r _kanji_06545_paths
0034e734 00000024 r _kanji_0653f_paths
0034e758 00000020 r _kanji_0653e_paths
0034e778 0000001c r _kanji_0653b_paths
0034e794 0000001c r _kanji_06539_paths
0034e7b0 00000018 r _kanji_06536_paths
0034e7c8 00000010 r _kanji_0652f_paths
0034e7d8 00000064 r _kanji_0652c_paths
0034e83c 0000005c r _kanji_0652b_paths
0034e898 0000005c r _kanji_0652a_paths
0034e8f4 00000058 r _kanji_06524_paths
0034e94c 0000005c r _kanji_06523_paths
0034e9a8 00000054 r _kanji_0651d_paths
0034e9fc 00000050 r _kanji_06518_paths
0034ea4c 0000004c r _kanji_06500_paths
0034ea98 00000048 r _kanji_064fe_paths
0034eae0 00000048 r _kanji_064fd_paths
0034eb28 00000048 r _kanji_064fa_paths
0034eb70 00000048 r _kanji_064f4_paths
0034ebb8 00000048 r _kanji_064f2_paths
0034ec00 00000044 r _kanji_064f1_paths
0034ec44 00000044 r _kanji_064ef_paths
0034ec88 00000044 r _kanji_064ec_paths
0034eccc 00000044 r _kanji_064e7_paths
0034ed10 00000044 r _kanji_064e6_paths
0034ed54 00000044 r _kanji_064e3_paths
0034ed98 00000044 r _kanji_064e2_paths
0034eddc 00000044 r _kanji_064e1_paths
0034ee20 00000044 r _kanji_064e0_paths
0034ee64 00000040 r _kanji_064da_paths
0034eea4 00000044 r _kanji_064d8_paths
0034eee8 00000040 r _kanji_064d4_paths
0034ef28 00000040 r _kanji_064d2_paths
0034ef68 00000040 r _kanji_064cd_paths
0034efa8 00000040 r _kanji_064c7_paths
0034efe8 00000040 r _kanji_064c5_paths
0034f028 00000040 r _kanji_064c2_paths
0034f068 00000040 r _kanji_064c1_paths
0034f0a8 00000040 r _kanji_064bc_paths
0034f0e8 00000040 r _kanji_064bb_paths
0034f128 0000003c r _kanji_064b2_paths
0034f164 0000003c r _kanji_064b0_paths
0034f1a0 0000003c r _kanji_064ae_paths
0034f1dc 0000003c r _kanji_064ad_paths
0034f218 0000003c r _kanji_064ab_paths
0034f254 0000003c r _kanji_064a9_paths
0034f290 0000003c r _kanji_064a5_paths
0034f2cc 0000003c r _kanji_064a4_paths
0034f308 0000003c r _kanji_0649e_paths
0034f344 0000003c r _kanji_0649a_paths
0034f380 0000003c r _kanji_06495_paths
0034f3bc 0000003c r _kanji_06493_paths
0034f3f8 0000003c r _kanji_06492_paths
0034f434 0000003c r _kanji_06488_paths
0034f470 0000003c r _kanji_06483_paths
0034f4ac 00000038 r _kanji_0647a_paths
0034f4e4 00000034 r _kanji_06478_paths
0034f518 00000038 r _kanji_06476_paths
0034f550 0000003c r _kanji_0646f_paths
0034f58c 0000003c r _kanji_06469_paths
0034f5c8 00000038 r _kanji_06467_paths
0034f600 00000038 r _kanji_06458_paths
0034f638 00000038 r _kanji_06451_paths
0034f670 00000038 r _kanji_0644e_paths
0034f6a8 00000034 r _kanji_06442_paths
0034f6dc 00000034 r _kanji_0643e_paths
0034f710 00000034 r _kanji_0643a_paths
0034f744 00000034 r _kanji_06436_paths
0034f778 00000038 r _kanji_06434_paths
0034f7b0 00000030 r _kanji_0642d_paths
0034f7e0 00000034 r _kanji_0642c_paths
0034f814 00000034 r _kanji_06428_paths
0034f848 00000034 r _kanji_06426_paths
0034f87c 00000030 r _kanji_0641c_paths
0034f8ac 00000034 r _kanji_06417_paths
0034f8e0 00000034 r _kanji_06416_paths
0034f914 00000034 r _kanji_06413_paths
0034f948 00000034 r _kanji_0640f_paths
0034f97c 00000034 r _kanji_0640d_paths
0034f9b0 00000030 r _kanji_063fa_paths
0034f9e0 00000030 r _kanji_063f6_paths
0034fa10 00000030 r _kanji_063f4_paths
0034fa40 00000030 r _kanji_063ee_paths
0034fa70 00000030 r _kanji_063e9_paths
0034faa0 00000030 r _kanji_063e3_paths
0034fad0 00000030 r _kanji_063e1_paths
0034fb00 00000030 r _kanji_063db_paths
0034fb30 00000030 r _kanji_063da_paths
0034fb60 00000030 r _kanji_063d6_paths
0034fb90 00000030 r _kanji_063d2_paths
0034fbc0 00000030 r _kanji_063d0_paths
0034fbf0 0000002c r _kanji_063cf_paths
0034fc1c 00000030 r _kanji_063c9_paths
0034fc4c 00000030 r _kanji_063c6_paths
0034fc7c 00000030 r _kanji_063c4_paths
0034fcac 00000030 r _kanji_063c3_paths
0034fcdc 00000030 r _kanji_063c0_paths
0034fd0c 00000030 r _kanji_063be_paths
0034fd3c 0000002c r _kanji_063b2_paths
0034fd68 0000002c r _kanji_063ac_paths
0034fd94 0000002c r _kanji_063ab_paths
0034fdc0 0000002c r _kanji_063aa_paths
0034fdec 0000002c r _kanji_063a9_paths
0034fe18 0000002c r _kanji_063a8_paths
0034fe44 0000002c r _kanji_063a7_paths
0034fe70 0000002c r _kanji_063a5_paths
0034fe9c 00000030 r _kanji_063a3_paths
0034fecc 0000002c r _kanji_063a2_paths
0034fef8 0000002c r _kanji_063a1_paths
0034ff24 0000002c r _kanji_063a0_paths
0034ff50 0000002c r _kanji_0639f_paths
0034ff7c 0000002c r _kanji_0639b_paths
0034ffa8 0000002c r _kanji_06398_paths
0034ffd4 0000002c r _kanji_06396_paths
00350000 0000002c r _kanji_06392_paths
0035002c 0000002c r _kanji_0638f_paths
00350058 0000002c r _kanji_0638e_paths
00350084 00000030 r _kanji_0638c_paths
003500b4 0000002c r _kanji_06389_paths
003500e0 0000002c r _kanji_06388_paths
0035010c 0000002c r _kanji_06383_paths
00350138 0000002c r _kanji_06380_paths
00350164 0000002c r _kanji_0637b_paths
00350190 0000002c r _kanji_0637a_paths
003501bc 0000002c r _kanji_06377_paths
003501e8 0000002c r _kanji_06376_paths
00350214 0000002c r _kanji_06372_paths
00350240 0000002c r _kanji_0636e_paths
0035026c 0000002c r _kanji_0636b_paths
00350298 0000002c r _kanji_06368_paths
003502c4 0000002c r _kanji_06367_paths
003502f0 00000028 r _kanji_0635c_paths
00350318 00000028 r _kanji_06357_paths
00350340 00000028 r _kanji_06355_paths
00350368 00000028 r _kanji_06350_paths
00350390 00000028 r _kanji_0634f_paths
003503b8 00000028 r _kanji_0634d_paths
003503e0 00000028 r _kanji_0634c_paths
00350408 00000028 r _kanji_06349_paths
00350430 00000028 r _kanji_0633f_paths
00350458 00000028 r _kanji_0633e_paths
00350480 00000028 r _kanji_0633d_paths
003504a8 00000028 r _kanji_0633a_paths
003504d0 00000028 r _kanji_0632f_paths
003504f8 00000028 r _kanji_0632b_paths
00350520 00000028 r _kanji_06328_paths
00350548 00000024 r _kanji_0631f_paths
0035056c 00000028 r _kanji_06319_paths
00350594 00000024 r _kanji_06311_paths
003505b8 00000024 r _kanji_0630c_paths
003505dc 00000024 r _kanji_06309_paths
00350600 00000028 r _kanji_06308_paths
00350628 00000024 r _kanji_06307_paths
0035064c 00000024 r _kanji_06302_paths
00350670 00000024 r _kanji_06301_paths
00350694 00000028 r _kanji_062ff_paths
003506bc 00000024 r _kanji_062fe_paths
003506e0 00000024 r _kanji_062f7_paths
00350704 00000024 r _kanji_062f6_paths
00350728 00000024 r _kanji_062f5_paths
0035074c 00000028 r _kanji_062f3_paths
00350774 00000024 r _kanji_062f1_paths
00350798 00000024 r _kanji_062ef_paths
003507bc 00000024 r _kanji_062ee_paths
003507e0 00000024 r _kanji_062ed_paths
00350804 00000024 r _kanji_062ec_paths
00350828 00000020 r _kanji_062e1_paths
00350848 00000020 r _kanji_062e0_paths
00350868 00000020 r _kanji_062dd_paths
00350888 00000024 r _kanji_062dc_paths
003508ac 00000020 r _kanji_062db_paths
003508cc 00000020 r _kanji_062d9_paths
003508ec 00000020 r _kanji_062d8_paths
0035090c 00000020 r _kanji_062d7_paths
0035092c 00000020 r _kanji_062d4_paths
0035094c 00000020 r _kanji_062d3_paths
0035096c 00000020 r _kanji_062d2_paths
0035098c 00000020 r _kanji_062d1_paths
003509ac 00000020 r _kanji_062d0_paths
003509cc 00000020 r _kanji_062cd_paths
003509ec 00000020 r _kanji_062cc_paths
00350a0c 00000020 r _kanji_062ca_paths
00350a2c 00000020 r _kanji_062c9_paths
00350a4c 00000020 r _kanji_062c8_paths
00350a6c 00000020 r _kanji_062c7_paths
00350a8c 00000020 r _kanji_062c6_paths
00350aac 00000020 r _kanji_062c5_paths
00350acc 00000020 r _kanji_062c2_paths
00350aec 00000020 r _kanji_062bd_paths
00350b0c 00000020 r _kanji_062bc_paths
00350b2c 00000020 r _kanji_062bb_paths
00350b4c 00000020 r _kanji_062b9_paths
00350b6c 00000020 r _kanji_062b5_paths
00350b8c 00000020 r _kanji_062b1_paths
00350bac 00000020 r _kanji_062ab_paths
00350bcc 0000001c r _kanji_0629e_paths
00350be8 0000001c r _kanji_0629c_paths
00350c04 0000001c r _kanji_06298_paths
00350c20 0000001c r _kanji_06297_paths
00350c3c 0000001c r _kanji_06296_paths
00350c58 0000001c r _kanji_06295_paths
00350c74 0000001c r _kanji_06294_paths
00350c90 0000001c r _kanji_06293_paths
00350cac 0000001c r _kanji_06292_paths
00350cc8 0000001c r _kanji_06291_paths
00350ce4 0000001c r _kanji_0628a_paths
00350d00 0000001c r _kanji_06289_paths
00350d1c 0000001c r _kanji_06284_paths
00350d38 0000001c r _kanji_06283_paths
00350d54 0000001c r _kanji_06280_paths
00350d70 00000020 r _kanji_0627f_paths
00350d90 0000001c r _kanji_0627e_paths
00350dac 0000001c r _kanji_0627c_paths
00350dc8 0000001c r _kanji_06279_paths
00350de4 0000001c r _kanji_06276_paths
00350e00 00000018 r _kanji_06271_paths
00350e18 0000001c r _kanji_0626e_paths
00350e34 00000018 r _kanji_06268_paths
00350e4c 00000018 r _kanji_06263_paths
00350e64 00000018 r _kanji_06260_paths
00350e7c 00000018 r _kanji_0625e_paths
00350e94 00000018 r _kanji_0625b_paths
00350eac 00000018 r _kanji_06258_paths
00350ec4 00000014 r _kanji_06255_paths
00350ed8 00000014 r _kanji_06253_paths
00350eec 00000010 r _kanji_0624e_paths
00350efc 00000010 r _kanji_0624b_paths
00350f0c 00000030 r _kanji_06249_paths
00350f3c 00000028 r _kanji_06247_paths
00350f64 00000024 r _kanji_06241_paths
00350f88 00000020 r _kanji_06240_paths
00350fa8 00000020 r _kanji_0623f_paths
00350fc8 0000001c r _kanji_0623b_paths
00350fe4 00000010 r _kanji_06238_paths
00350ff4 00000044 r _kanji_06234_paths
00351038 00000048 r _kanji_06233_paths
00351080 00000044 r _kanji_06232_paths
003510c4 00000040 r _kanji_06230_paths
00351104 0000003c r _kanji_0622f_paths
00351140 0000003c r _kanji_0622e_paths
0035117c 00000038 r _kanji_0622a_paths
003511b4 00000034 r _kanji_06226_paths
003511e8 00000034 r _kanji_06221_paths
0035121c 00000030 r _kanji_0621f_paths
0035124c 0000002c r _kanji_0621b_paths
00351278 0000002c r _kanji_0621a_paths
003512a4 00000020 r _kanji_06216_paths
003512c4 00000020 r _kanji_06214_paths
003512e4 0000001c r _kanji_06212_paths
00351300 0000001c r _kanji_06211_paths
0035131c 00000018 r _kanji_06210_paths
00351334 00000018 r _kanji_0620e_paths
0035134c 00000018 r _kanji_0620d_paths
00351364 00000018 r _kanji_0620c_paths
0035137c 00000014 r _kanji_0620a_paths
00351390 00000014 r _kanji_06209_paths
003513a4 00000010 r _kanji_06208_paths
003513b4 0000005c r _kanji_06200_paths
00351410 00000058 r _kanji_061ff_paths
00351468 00000054 r _kanji_061fe_paths
003514bc 00000050 r _kanji_061fd_paths
0035150c 00000054 r _kanji_061fc_paths
00351560 00000050 r _kanji_061fa_paths
003515b0 00000050 r _kanji_061f8_paths
00351600 0000004c r _kanji_061f7_paths
0035164c 0000004c r _kanji_061f6_paths
00351698 00000048 r _kanji_061f2_paths
003516e0 00000044 r _kanji_061e6_paths
00351724 00000048 r _kanji_061e3_paths
0035176c 00000040 r _kanji_061d0_paths
003517ac 00000040 r _kanji_061cd_paths
003517ec 00000040 r _kanji_061cc_paths
0035182c 00000044 r _kanji_061cb_paths
00351870 00000040 r _kanji_061ca_paths
003518b0 00000044 r _kanji_061c9_paths
003518f4 00000040 r _kanji_061c8_paths
00351934 00000044 r _kanji_061c7_paths
00351978 00000040 r _kanji_061c6_paths
003519b8 00000044 r _kanji_061c3_paths
003519fc 00000040 r _kanji_061be_paths
00351a3c 00000040 r _kanji_061ba_paths
00351a7c 00000040 r _kanji_061b6_paths
00351abc 00000040 r _kanji_061b2_paths
00351afc 0000003c r _kanji_061ae_paths
00351b38 0000003c r _kanji_061ac_paths
00351b74 0000003c r _kanji_061ab_paths
00351bb0 00000040 r _kanji_061a9_paths
00351bf0 0000003c r _kanji_061a7_paths
00351c2c 0000003c r _kanji_061a4_paths
00351c68 0000003c r _kanji_0619a_paths
00351ca4 00000040 r _kanji_06196_paths
00351ce4 0000003c r _kanji_06194_paths
00351d20 00000040 r _kanji_06191_paths
00351d60 00000040 r _kanji_06190_paths
00351da0 00000038 r _kanji_0618e_paths
00351dd8 00000040 r _kanji_0618a_paths
00351e18 0000003c r _kanji_06182_paths
00351e54 0000003c r _kanji_0617e_paths
00351e90 00000038 r _kanji_06177_paths
00351ec8 0000003c r _kanji_06176_paths
00351f04 00000038 r _kanji_06175_paths
00351f3c 00000038 r _kanji_06174_paths
00351f74 0000003c r _kanji_06173_paths
00351fb0 0000003c r _kanji_06170_paths
00351fec 0000003c r _kanji_0616e_paths
00352028 0000003c r _kanji_0616b_paths
00352064 00000034 r _kanji_06168_paths
00352098 0000003c r _kanji_06167_paths
003520d4 00000038 r _kanji_06165_paths
0035210c 00000038 r _kanji_06163_paths
00352144 00000038 r _kanji_06162_paths
0035217c 00000038 r _kanji_0615f_paths
003521b4 00000038 r _kanji_0615d_paths
003521ec 0000003c r _kanji_06159_paths
00352228 00000038 r _kanji_06158_paths
00352260 00000038 r _kanji_06155_paths
00352298 00000038 r _kanji_06153_paths
003522d0 00000034 r _kanji_0614e_paths
00352304 00000034 r _kanji_0614d_paths
00352338 00000030 r _kanji_0614c_paths
00352368 00000038 r _kanji_0614b_paths
003523a0 00000034 r _kanji_0614a_paths
003523d4 00000034 r _kanji_06148_paths
00352408 00000038 r _kanji_06147_paths
00352440 00000034 r _kanji_06144_paths
00352474 00000038 r _kanji_06142_paths
003524ac 00000038 r _kanji_0613f_paths
003524e4 00000034 r _kanji_0613e_paths
00352518 00000034 r _kanji_0613c_paths
0035254c 00000034 r _kanji_06134_paths
00352580 00000038 r _kanji_0612c_paths
003525b8 00000038 r _kanji_06128_paths
003525f0 00000034 r _kanji_06127_paths
00352624 00000034 r _kanji_0611f_paths
00352658 00000034 r _kanji_0611b_paths
0035268c 00000034 r _kanji_0611a_paths
003526c0 00000030 r _kanji_06115_paths
003526f0 00000034 r _kanji_0610f_paths
00352724 00000030 r _kanji_0610e_paths
00352754 00000034 r _kanji_0610d_paths
00352788 00000030 r _kanji_06109_paths
003527b8 00000034 r _kanji_06108_paths
003527ec 00000034 r _kanji_06106_paths
00352820 00000030 r _kanji_06103_paths
00352850 00000034 r _kanji_06101_paths
00352884 00000030 r _kanji_06100_paths
003528b4 00000030 r _kanji_060fb_paths
003528e4 00000030 r _kanji_060fa_paths
00352914 00000030 r _kanji_060f9_paths
00352944 00000034 r _kanji_060f7_paths
00352978 00000030 r _kanji_060f6_paths
003529a8 00000030 r _kanji_060f4_paths
003529d8 00000034 r _kanji_060f3_paths
00352a0c 00000030 r _kanji_060f1_paths
00352a3c 00000030 r _kanji_060f0_paths
00352a6c 0000002c r _kanji_060e8_paths
00352a98 0000002c r _kanji_060e7_paths
00352ac4 00000030 r _kanji_060e3_paths
00352af4 00000030 r _kanji_060e1_paths
00352b24 00000030 r _kanji_060e0_paths
00352b54 0000002c r _kanji_060df_paths
00352b80 0000002c r _kanji_060dc_paths
00352bac 0000002c r _kanji_060da_paths
00352bd8 0000002c r _kanji_060d8_paths
00352c04 0000002c r _kanji_060d3_paths
00352c30 00000030 r _kanji_060d1_paths
00352c60 0000002c r _kanji_060c7_paths
00352c8c 0000002c r _kanji_060c6_paths
00352cb8 0000002c r _kanji_060c5_paths
00352ce4 0000002c r _kanji_060bd_paths
00352d10 0000002c r _kanji_060bc_paths
00352d3c 0000002c r _kanji_060b8_paths
00352d68 00000030 r _kanji_060b6_paths
00352d98 0000002c r _kanji_060b5_paths
00352dc4 0000002c r _kanji_060b4_paths
00352df0 00000030 r _kanji_060b2_paths
00352e20 0000002c r _kanji_060aa_paths
00352e4c 00000028 r _kanji_060a9_paths
00352e74 00000028 r _kanji_060a7_paths
00352e9c 00000028 r _kanji_060a6_paths
00352ec4 0000002c r _kanji_060a3_paths
00352ef0 0000002c r _kanji_060a0_paths
00352f1c 00000028 r _kanji_0609f_paths
00352f44 00000028 r _kanji_0609b_paths
00352f6c 00000028 r _kanji_0609a_paths
00352f94 00000028 r _kanji_06096_paths
00352fbc 00000024 r _kanji_06094_paths
00352fe0 00000028 r _kanji_06092_paths
00353008 00000028 r _kanji_0608d_paths
00353030 00000028 r _kanji_0608c_paths
00353058 00000028 r _kanji_0608b_paths
00353080 0000002c r _kanji_06089_paths
003530ac 00000028 r _kanji_06084_paths
003530d4 00000028 r _kanji_06083_paths
003530fc 00000028 r _kanji_06081_paths
00353124 00000028 r _kanji_06075_paths
0035314c 00000024 r _kanji_06070_paths
00353170 00000028 r _kanji_0606f_paths
00353198 00000028 r _kanji_0606d_paths
003531c0 00000024 r _kanji_0606c_paths
003531e4 00000024 r _kanji_0606b_paths
00353208 00000024 r _kanji_0606a_paths
0035322c 00000028 r _kanji_06069_paths
00353254 00000024 r _kanji_06068_paths
00353278 00000028 r _kanji_06065_paths
003532a0 00000024 r _kanji_06064_paths
003532c4 00000028 r _kanji_06063_paths
003532ec 00000024 r _kanji_06062_paths
00353310 00000024 r _kanji_0605f_paths
00353334 00000028 r _kanji_0605a_paths
0035335c 00000028 r _kanji_06059_paths
00353384 00000028 r _kanji_06055_paths
003533ac 00000024 r _kanji_06052_paths
003533d0 00000028 r _kanji_06050_paths
003533f8 00000024 r _kanji_0604d_paths
0035341c 00000028 r _kanji_0604b_paths
00353444 00000024 r _kanji_0604a_paths
00353468 00000024 r _kanji_06046_paths
0035348c 00000024 r _kanji_06043_paths
003534b0 00000024 r _kanji_06042_paths
003534d4 00000028 r _kanji_06041_paths
003534fc 00000020 r _kanji_0603a_paths
0035351c 00000024 r _kanji_06031_paths
00353540 00000020 r _kanji_0602f_paths
00353560 00000020 r _kanji_0602b_paths
00353580 00000020 r _kanji_0602a_paths
003535a0 00000020 r _kanji_06029_paths
003535c0 00000024 r _kanji_06028_paths
003535e4 00000020 r _kanji_06027_paths
00353604 00000020 r _kanji_06026_paths
00353624 00000024 r _kanji_06025_paths
00353648 00000020 r _kanji_06021_paths
00353668 00000024 r _kanji_06020_paths
0035368c 00000024 r _kanji_0601d_paths
003536b0 00000020 r _kanji_0601c_paths
003536d0 00000020 r _kanji_0601b_paths
003536f0 00000020 r _kanji_06019_paths
00353710 00000020 r _kanji_06016_paths
00353730 00000020 r _kanji_06015_paths
00353750 00000024 r _kanji_06012_paths
00353774 00000020 r _kanji_0600f_paths
00353794 00000024 r _kanji_0600e_paths
003537b8 00000020 r _kanji_05fff_paths
003537d8 00000020 r _kanji_05ffd_paths
003537f8 0000001c r _kanji_05ffb_paths
00353814 0000001c r _kanji_05ff8_paths
00353830 00000020 r _kanji_05ff5_paths
00353850 0000001c r _kanji_05ff1_paths
0035386c 0000001c r _kanji_05feb_paths
00353888 0000001c r _kanji_05fe4_paths
003538a4 00000020 r _kanji_05fe0_paths
003538c4 00000020 r _kanji_05fdd_paths
003538e4 0000001c r _kanji_05fdc_paths
00353900 00000018 r _kanji_05fd9_paths
00353918 0000001c r _kanji_05fd8_paths
00353934 0000001c r _kanji_05fd7_paths
00353950 00000018 r _kanji_05fd6_paths
00353968 0000001c r _kanji_05fcd_paths
00353984 0000001c r _kanji_05fcc_paths
003539a0 00000014 r _kanji_05fc5_paths
003539b4 00000010 r _kanji_05fc3_paths
003539c4 00000044 r _kanji_05fbd_paths
00353a08 00000040 r _kanji_05fbc_paths
00353a48 0000003c r _kanji_05fb9_paths
00353a84 00000038 r _kanji_05fb4_paths
00353abc 00000038 r _kanji_05fb3_paths
00353af4 00000034 r _kanji_05fae_paths
00353b28 00000034 r _kanji_05fad_paths
00353b5c 00000030 r _kanji_05faa_paths
00353b8c 00000030 r _kanji_05fa9_paths
00353bbc 00000030 r _kanji_05fa8_paths
00353bec 00000030 r _kanji_05fa1_paths
00353c1c 0000002c r _kanji_05f9e_paths
00353c48 0000002c r _kanji_05f99_paths
00353c74 0000002c r _kanji_05f98_paths
00353ca0 0000002c r _kanji_05f97_paths
00353ccc 00000028 r _kanji_05f93_paths
00353cf4 00000028 r _kanji_05f92_paths
00353d1c 00000028 r _kanji_05f91_paths
00353d44 00000028 r _kanji_05f90_paths
00353d6c 00000024 r _kanji_05f8c_paths
00353d90 00000024 r _kanji_05f8b_paths
00353db4 00000024 r _kanji_05f8a_paths
00353dd8 00000024 r _kanji_05f88_paths
00353dfc 00000024 r _kanji_05f87_paths
00353e20 00000024 r _kanji_05f85_paths
00353e44 00000020 r _kanji_05f84_paths
00353e64 00000020 r _kanji_05f82_paths
00353e84 00000020 r _kanji_05f81_paths
00353ea4 00000020 r _kanji_05f80_paths
00353ec4 00000020 r _kanji_05f7f_paths
00353ee4 00000020 r _kanji_05f7c_paths
00353f04 0000001c r _kanji_05f79_paths
00353f20 0000001c r _kanji_05f77_paths
00353f3c 0000003c r _kanji_05f71_paths
00353f78 00000038 r _kanji_05f70_paths
00353fb0 00000030 r _kanji_05f6d_paths
00353fe0 0000002c r _kanji_05f6c_paths
0035400c 0000002c r _kanji_05f6b_paths
00354038 0000002c r _kanji_05f6a_paths
00354064 0000002c r _kanji_05f69_paths
00354090 00000024 r _kanji_05f66_paths
003540b4 0000001c r _kanji_05f62_paths
003540d0 00000048 r _kanji_05f5d_paths
00354118 00000034 r _kanji_05f59_paths
0035414c 0000002c r _kanji_05f57_paths
00354178 00000018 r _kanji_05f53_paths
00354190 00000058 r _kanji_05f4e_paths
003541e8 00000044 r _kanji_05f4c_paths
0035422c 00000040 r _kanji_05f4a_paths
0035426c 0000003c r _kanji_05f48_paths
003542a8 00000030 r _kanji_05f3e_paths
003542d8 00000030 r _kanji_05f3c_paths
00354308 0000002c r _kanji_05f37_paths
00354334 0000002c r _kanji_05f35_paths
00354360 00000028 r _kanji_05f31_paths
00354388 00000024 r _kanji_05f2d_paths
003543ac 00000020 r _kanji_05f29_paths
003543cc 00000024 r _kanji_05f27_paths
003543f0 00000020 r _kanji_05f26_paths
00354410 00000020 r _kanji_05f25_paths
00354430 0000001c r _kanji_05f1f_paths
0035444c 00000018 r _kanji_05f1b_paths
00354464 00000014 r _kanji_05f18_paths
00354478 00000014 r _kanji_05f17_paths
0035448c 00000010 r _kanji_05f16_paths
0035449c 00000010 r _kanji_05f15_paths
003544ac 00000010 r _kanji_05f14_paths
003544bc 00000030 r _kanji_05f11_paths
003544ec 00000018 r _kanji_05f10_paths
00354504 00000018 r _kanji_05f0f_paths
0035451c 00000014 r _kanji_05f0d_paths
00354530 00000010 r _kanji_05f0c_paths
00354540 0000003c r _kanji_05f0a_paths
0035457c 0000001c r _kanji_05f04_paths
00354598 00000014 r _kanji_05f01_paths
003545ac 00000010 r _kanji_05eff_paths
003545bc 00000024 r _kanji_05efb_paths
003545e0 00000024 r _kanji_05efa_paths
00354604 0000001c r _kanji_05ef7_paths
00354620 00000020 r _kanji_05ef6_paths
00354640 00000064 r _kanji_05ef3_paths
003546a4 00000054 r _kanji_05ef1_paths
003546f8 0000004c r _kanji_05eec_paths
00354744 00000040 r _kanji_05ee9_paths
00354784 00000040 r _kanji_05ee8_paths
003547c4 0000003c r _kanji_05ee3_paths
00354800 0000003c r _kanji_05ee2_paths
0035483c 0000003c r _kanji_05ee1_paths
00354878 0000003c r _kanji_05ee0_paths
003548b4 0000003c r _kanji_05edf_paths
003548f0 0000003c r _kanji_05edd_paths
0035492c 0000003c r _kanji_05edb_paths
00354968 00000038 r _kanji_05ed6_paths
003549a0 00000038 r _kanji_05ed3_paths
003549d8 00000030 r _kanji_05eca_paths
00354a08 00000034 r _kanji_05ec9_paths
00354a3c 00000034 r _kanji_05ec8_paths
00354a70 00000030 r _kanji_05ec3_paths
00354aa0 00000030 r _kanji_05ec2_paths
00354ad0 00000030 r _kanji_05ec1_paths
00354b00 0000002c r _kanji_05eb8_paths
00354b2c 0000002c r _kanji_05eb7_paths
00354b58 0000002c r _kanji_05eb6_paths
00354b84 0000002c r _kanji_05eb5_paths
00354bb0 00000028 r _kanji_05ead_paths
00354bd8 00000028 r _kanji_05eab_paths
00354c00 00000028 r _kanji_05ea7_paths
00354c28 00000024 r _kanji_05ea6_paths
00354c4c 00000024 r _kanji_05ea0_paths
00354c70 00000020 r _kanji_05e9c_paths
00354c90 00000020 r _kanji_05e9a_paths
00354cb0 00000020 r _kanji_05e97_paths
00354cd0 00000020 r _kanji_05e96_paths
00354cf0 00000020 r _kanji_05e95_paths
00354d10 0000001c r _kanji_05e8f_paths
00354d2c 0000001c r _kanji_05e8a_paths
00354d48 0000001c r _kanji_05e87_paths
00354d64 00000018 r _kanji_05e84_paths
00354d7c 00000014 r _kanji_05e83_paths
00354d90 00000014 r _kanji_05e81_paths
00354da4 00000030 r _kanji_05e7e_paths
00354dd4 00000024 r _kanji_05e7d_paths
00354df8 00000014 r _kanji_05e7c_paths
00354e0c 00000010 r _kanji_05e7b_paths
00354e1c 00000034 r _kanji_05e79_paths
00354e50 00000020 r _kanji_05e78_paths
00354e70 00000018 r _kanji_05e75_paths
00354e88 00000018 r _kanji_05e74_paths
00354ea0 00000014 r _kanji_05e73_paths
00354eb4 0000003c r _kanji_05e63_paths
00354ef0 0000003c r _kanji_05e62_paths
00354f2c 0000003c r _kanji_05e61_paths
00354f68 0000003c r _kanji_05e5f_paths
00354fa4 00000038 r _kanji_05e57_paths
00354fdc 00000034 r _kanji_05e55_paths
00355010 00000038 r _kanji_05e54_paths
00355048 00000034 r _kanji_05e4e_paths
0035507c 00000034 r _kanji_05e4c_paths
003550b0 00000030 r _kanji_05e45_paths
003550e0 00000030 r _kanji_05e44_paths
00355110 00000030 r _kanji_05e43_paths
00355140 00000030 r _kanji_05e40_paths
00355170 00000030 r _kanji_05e3d_paths
003551a0 0000002c r _kanji_05e38_paths
003551cc 0000002c r _kanji_05e37_paths
003551f8 0000002c r _kanji_05e36_paths
00355224 0000002c r _kanji_05e33_paths
00355250 00000028 r _kanji_05e30_paths
00355278 00000028 r _kanji_05e2f_paths
003552a0 00000028 r _kanji_05e2d_paths
003552c8 00000028 r _kanji_05e2b_paths
003552f0 00000024 r _kanji_05e25_paths
00355314 00000024 r _kanji_05e1d_paths
00355338 00000020 r _kanji_05e1b_paths
00355358 00000020 r _kanji_05e1a_paths
00355378 00000020 r _kanji_05e19_paths
00355398 00000020 r _kanji_05e16_paths
003553b8 00000020 r _kanji_05e11_paths
003553d8 0000001c r _kanji_05e0c_paths
003553f4 00000018 r _kanji_05e06_paths
0035540c 00000014 r _kanji_05e03_paths
00355420 00000014 r _kanji_05e02_paths
00355434 00000030 r _kanji_05dfd_paths
00355464 00000024 r _kanji_05dfb_paths
00355488 00000024 r _kanji_05df7_paths
003554ac 00000010 r _kanji_05df4_paths
003554bc 00000028 r _kanji_05dee_paths
003554e4 0000001c r _kanji_05deb_paths
00355500 00000014 r _kanji_05de8_paths
00355514 00000014 r _kanji_05de7_paths
00355528 00000014 r _kanji_05de6_paths
0035553c 0000002c r _kanji_05de3_paths
00355568 00000018 r _kanji_05de1_paths
00355580 00000018 r _kanji_05dde_paths
00355598 0000005c r _kanji_05dd6_paths
003555f4 00000058 r _kanji_05dd3_paths
0035564c 00000058 r _kanji_05dd2_paths
003556a4 00000054 r _kanji_05dcd_paths
003556f8 00000050 r _kanji_05dcc_paths
00355748 00000050 r _kanji_05dc9_paths
00355798 00000044 r _kanji_05dbd_paths
003557dc 00000040 r _kanji_05dbc_paths
0035581c 00000044 r _kanji_05dba_paths
00355860 00000044 r _kanji_05db7_paths
003558a4 00000040 r _kanji_05dae_paths
003558e4 00000040 r _kanji_05dac_paths
00355924 0000003c r _kanji_05da2_paths
00355960 0000003c r _kanji_05d9d_paths
0035599c 00000038 r _kanji_05d8b_paths
003559d4 00000038 r _kanji_05d87_paths
00355a0c 00000038 r _kanji_05d84_paths
00355a44 00000038 r _kanji_05d82_paths
00355a7c 00000034 r _kanji_05d6f_paths
00355ab0 00000034 r _kanji_05d6c_paths
00355ae4 00000034 r _kanji_05d69_paths
00355b18 00000030 r _kanji_05d52_paths
00355b48 00000030 r _kanji_05d50_paths
00355b78 00000030 r _kanji_05d4e_paths
00355ba8 00000030 r _kanji_05d4c_paths
00355bd8 00000030 r _kanji_05d4b_paths
00355c08 0000002c r _kanji_05d29_paths
00355c34 0000002c r _kanji_05d22_paths
00355c60 0000002c r _kanji_05d1f_paths
00355c8c 0000002c r _kanji_05d1b_paths
00355cb8 0000002c r _kanji_05d1a_paths
00355ce4 0000002c r _kanji_05d19_paths
00355d10 0000002c r _kanji_05d16_paths
00355d3c 0000002c r _kanji_05d14_paths
00355d68 0000002c r _kanji_05d11_paths
00355d94 0000002c r _kanji_05d0e_paths
00355dc0 0000002c r _kanji_05d07_paths
00355dec 00000028 r _kanji_05cfd_paths
00355e14 00000028 r _kanji_05cfb_paths
00355e3c 00000028 r _kanji_05cf6_paths
00355e64 00000028 r _kanji_05cf0_paths
00355e8c 00000020 r _kanji_05cef_paths
00355eac 00000028 r _kanji_05ced_paths
00355ed4 00000028 r _kanji_05cea_paths
00355efc 00000028 r _kanji_05ce8_paths
00355f24 00000024 r _kanji_05ce1_paths
00355f48 00000024 r _kanji_05ce0_paths
00355f6c 00000024 r _kanji_05cd9_paths
00355f90 00000020 r _kanji_05cb8_paths
00355fb0 00000020 r _kanji_05cb3_paths
00355fd0 00000020 r _kanji_05cb1_paths
00355ff0 00000020 r _kanji_05cac_paths
00356010 00000020 r _kanji_05cab_paths
00356030 00000020 r _kanji_05ca9_paths
00356050 00000020 r _kanji_05ca8_paths
00356070 00000020 r _kanji_05ca1_paths
00356090 0000001c r _kanji_05c94_paths
003560ac 0000001c r _kanji_05c91_paths
003560c8 0000001c r _kanji_05c90_paths
003560e4 0000001c r _kanji_05c8c_paths
00356100 00000018 r _kanji_05c79_paths
00356118 00000014 r _kanji_05c76_paths
0035612c 00000010 r _kanji_05c6f_paths
0035613c 00000054 r _kanji_05c6c_paths
00356190 0000003c r _kanji_05c65_paths
003561cc 00000038 r _kanji_05c64_paths
00356204 00000030 r _kanji_05c60_paths
00356234 00000030 r _kanji_05c5e_paths
00356264 00000028 r _kanji_05c55_paths
0035628c 00000028 r _kanji_05c51_paths
003562b4 00000024 r _kanji_05c4e_paths
003562d8 00000024 r _kanji_05c4d_paths
003562fc 00000024 r _kanji_05c4b_paths
00356320 00000020 r _kanji_05c4a_paths
00356340 00000020 r _kanji_05c48_paths
00356360 00000020 r _kanji_05c46_paths
00356380 00000020 r _kanji_05c45_paths
003563a0 0000001c r _kanji_05c41_paths
003563bc 0000001c r _kanji_05c40_paths
003563d8 0000001c r _kanji_05c3f_paths
003563f4 0000001c r _kanji_05c3e_paths
00356410 00000018 r _kanji_05c3d_paths
00356428 00000014 r _kanji_05c3c_paths
0035643c 00000014 r _kanji_05c3b_paths
00356450 00000010 r _kanji_05c3a_paths
00356460 00000010 r _kanji_05c39_paths
00356470 00000030 r _kanji_05c31_paths
003564a0 00000020 r _kanji_05c2d_paths
003564c0 0000001c r _kanji_05c28_paths
003564dc 00000010 r _kanji_05c24_paths
003564ec 00000034 r _kanji_05c20_paths
00356520 00000020 r _kanji_05c1a_paths
00356540 00000018 r _kanji_05c16_paths
00356558 00000010 r _kanji_05c11_paths
00356568 0000003c r _kanji_05c0e_paths
003565a4 00000038 r _kanji_05c0d_paths
003565dc 00000030 r _kanji_05c0b_paths
0035660c 00000030 r _kanji_05c0a_paths
0035663c 0000002c r _kanji_05c09_paths
00356668 0000002c r _kanji_05c08_paths
00356694 0000002c r _kanji_05c07_paths
003566c0 00000028 r _kanji_05c06_paths
003566e8 00000028 r _kanji_05c04_paths
00356710 00000024 r _kanji_05c02_paths
00356734 00000024 r _kanji_05c01_paths
00356758 0000001c r _kanji_05bff_paths
00356774 0000001c r _kanji_05bfe_paths
00356790 00000018 r _kanji_05bfa_paths
003567a8 00000050 r _kanji_05bf6_paths
003567f8 0000004c r _kanji_05bf5_paths
00356844 00000040 r _kanji_05bf0_paths
00356884 0000003c r _kanji_05bee_paths
003568c0 0000003c r _kanji_05beb_paths
003568fc 0000003c r _kanji_05be9_paths
00356938 00000038 r _kanji_05be8_paths
00356970 00000038 r _kanji_05be7_paths
003569a8 00000038 r _kanji_05be6_paths
003569e0 00000038 r _kanji_05be5_paths
00356a18 00000038 r _kanji_05be4_paths
00356a50 00000038 r _kanji_05be2_paths
00356a88 00000038 r _kanji_05be1_paths
00356ac0 00000038 r _kanji_05bdf_paths
00356af8 00000034 r _kanji_05bde_paths
00356b2c 00000034 r _kanji_05bdd_paths
00356b60 00000034 r _kanji_05bdb_paths
00356b94 00000030 r _kanji_05bd4_paths
00356bc4 00000030 r _kanji_05bd3_paths
00356bf4 00000030 r _kanji_05bd2_paths
00356c24 00000030 r _kanji_05bd0_paths
00356c54 00000030 r _kanji_05bcc_paths
00356c84 0000002c r _kanji_05bc7_paths
00356cb0 0000002c r _kanji_05bc6_paths
00356cdc 0000002c r _kanji_05bc5_paths
00356d08 0000002c r _kanji_05bc4_paths
00356d34 0000002c r _kanji_05bc2_paths
00356d60 0000002c r _kanji_05bbf_paths
00356d8c 00000028 r _kanji_05bb9_paths
00356db4 00000028 r _kanji_05bb8_paths
00356ddc 00000028 r _kanji_05bb6_paths
00356e04 00000028 r _kanji_05bb5_paths
00356e2c 00000028 r _kanji_05bb4_paths
00356e54 00000028 r _kanji_05bb3_paths
00356e7c 00000028 r _kanji_05bb0_paths
00356ea4 00000028 r _kanji_05bae_paths
00356ecc 00000028 r _kanji_05ba6_paths
00356ef4 00000024 r _kanji_05ba5_paths
00356f18 00000024 r _kanji_05ba4_paths
00356f3c 00000024 r _kanji_05ba3_paths
00356f60 00000024 r _kanji_05ba2_paths
00356f84 00000020 r _kanji_05b9f_paths
00356fa4 00000020 r _kanji_05b9d_paths
00356fc4 00000020 r _kanji_05b9c_paths
00356fe4 00000020 r _kanji_05b9b_paths
00357004 00000020 r _kanji_05b9a_paths
00357024 00000020 r _kanji_05b99_paths
00357044 00000020 r _kanji_05b98_paths
00357064 00000020 r _kanji_05b97_paths
00357084 00000020 r _kanji_05b95_paths
003570a4 0000001c r _kanji_05b8f_paths
003570c0 0000001c r _kanji_05b8d_paths
003570dc 0000001c r _kanji_05b8c_paths
003570f8 0000001c r _kanji_05b8b_paths
00357114 00000018 r _kanji_05b89_paths
0035712c 00000018 r _kanji_05b88_paths
00357144 00000018 r _kanji_05b87_paths
0035715c 00000018 r _kanji_05b85_paths
00357174 00000044 r _kanji_05b7a_paths
003571b8 00000040 r _kanji_05b78_paths
003571f8 00000038 r _kanji_05b75_paths
00357230 00000030 r _kanji_05b71_paths
00357260 0000002c r _kanji_05b70_paths
0035728c 00000028 r _kanji_05b6b_paths
003572b4 00000024 r _kanji_05b69_paths
003572d8 00000020 r _kanji_05b66_paths
003572f8 00000020 r _kanji_05b65_paths
00357318 00000024 r _kanji_05b64_paths
0035733c 00000020 r _kanji_05b63_paths
0035735c 00000020 r _kanji_05b5f_paths
0035737c 0000001c r _kanji_05b5d_paths
00357398 0000001c r _kanji_05b5c_paths
003573b4 0000001c r _kanji_05b5b_paths
003573d0 0000001c r _kanji_05b5a_paths
003573ec 00000018 r _kanji_05b58_paths
00357404 00000018 r _kanji_05b57_paths
0035741c 00000014 r _kanji_05b55_paths
00357430 00000010 r _kanji_05b54_paths
00357440 00000050 r _kanji_05b45_paths
00357490 00000050 r _kanji_05b43_paths
003574e0 00000050 r _kanji_05b40_paths
00357530 0000004c r _kanji_05b3e_paths
0035757c 00000044 r _kanji_05b36_paths
003575c0 00000044 r _kanji_05b32_paths
00357604 00000044 r _kanji_05b30_paths
00357648 00000044 r _kanji_05b2c_paths
0035768c 00000044 r _kanji_05b2a_paths
003576d0 00000040 r _kanji_05b22_paths
00357710 00000040 r _kanji_05b16_paths
00357750 0000003c r _kanji_05b0c_paths
0035778c 0000003c r _kanji_05b0b_paths
003577c8 0000003c r _kanji_05b09_paths
00357804 0000003c r _kanji_05afb_paths
00357840 0000003c r _kanji_05afa_paths
0035787c 00000038 r _kanji_05ae9_paths
003578b4 00000038 r _kanji_05ae3_paths
003578ec 00000038 r _kanji_05ae1_paths
00357924 00000038 r _kanji_05ad7_paths
0035795c 00000038 r _kanji_05ad6_paths
00357994 00000034 r _kanji_05acc_paths
003579c8 00000034 r _kanji_05acb_paths
003579fc 00000034 r _kanji_05ac9_paths
00357a30 00000034 r _kanji_05ac1_paths
00357a64 00000034 r _kanji_05abd_paths
00357a98 00000034 r _kanji_05abc_paths
00357acc 00000030 r _kanji_05a9b_paths
00357afc 00000030 r _kanji_05a9a_paths
00357b2c 00000030 r _kanji_05a92_paths
00357b5c 00000030 r _kanji_05a7f_paths
00357b8c 0000002c r _kanji_05a6c_paths
00357bb8 0000002c r _kanji_05a6a_paths
00357be4 0000002c r _kanji_05a66_paths
00357c10 0000002c r _kanji_05a62_paths
00357c3c 0000002c r _kanji_05a5a_paths
00357c68 0000002c r _kanji_05a49_paths
00357c94 0000002c r _kanji_05a46_paths
00357cc0 0000002c r _kanji_05a41_paths
00357cec 0000002c r _kanji_05a40_paths
00357d18 0000002c r _kanji_05a3c_paths
00357d44 0000002c r _kanji_05a36_paths
00357d70 0000002c r _kanji_05a35_paths
00357d9c 00000028 r _kanji_05a2f_paths
00357dc4 00000028 r _kanji_05a29_paths
00357dec 00000028 r _kanji_05a25_paths
00357e14 00000028 r _kanji_05a20_paths
00357e3c 00000028 r _kanji_05a1f_paths
00357e64 00000028 r _kanji_05a18_paths
00357e8c 00000028 r _kanji_05a11_paths
00357eb4 00000028 r _kanji_05a09_paths
00357edc 00000024 r _kanji_05a03_paths
00357f00 00000024 r _kanji_05a01_paths
00357f24 00000024 r _kanji_059ff_paths
00357f48 00000024 r _kanji_059fb_paths
00357f6c 00000024 r _kanji_059f6_paths
00357f90 00000028 r _kanji_059eb_paths
00357fb8 00000024 r _kanji_059ea_paths
00357fdc 00000024 r _kanji_059e8_paths
00358000 00000024 r _kanji_059e6_paths
00358024 00000024 r _kanji_059e5_paths
00358048 00000024 r _kanji_059dc_paths
0035806c 00000024 r _kanji_059da_paths
00358090 00000024 r _kanji_059d9_paths
003580b4 00000020 r _kanji_059d4_paths
003580d4 00000020 r _kanji_059d3_paths
003580f4 00000020 r _kanji_059d1_paths
00358114 00000020 r _kanji_059d0_paths
00358134 00000020 r _kanji_059cb_paths
00358154 00000020 r _kanji_059c9_paths
00358174 00000020 r _kanji_059c6_paths
00358194 00000020 r _kanji_059be_paths
003581b4 00000020 r _kanji_059bb_paths
003581d4 00000020 r _kanji_059b9_paths
003581f4 00000020 r _kanji_059b2_paths
00358214 00000020 r _kanji_059ac_paths
00358234 0000001c r _kanji_059a8_paths
00358250 0000001c r _kanji_059a5_paths
0035826c 0000001c r _kanji_059a3_paths
00358288 0000001c r _kanji_0599d_paths
003582a4 0000001c r _kanji_05999_paths
003582c0 0000001c r _kanji_05996_paths
003582dc 0000001c r _kanji_05993_paths
003582f8 0000001c r _kanji_0598a_paths
00358314 00000018 r _kanji_05984_paths
0035832c 00000018 r _kanji_05983_paths
00358344 00000018 r _kanji_05982_paths
0035835c 00000018 r _kanji_0597d_paths
00358374 00000018 r _kanji_05978_paths
0035838c 00000014 r _kanji_05974_paths
003583a0 00000040 r _kanji_0596e_paths
003583e0 00000038 r _kanji_0596c_paths
00358418 00000038 r _kanji_0596a_paths
00358450 00000034 r _kanji_05968_paths
00358484 00000034 r _kanji_05967_paths
003584b8 00000030 r _kanji_05965_paths
003584e8 00000030 r _kanji_05962_paths
00358518 00000030 r _kanji_05960_paths
00358548 00000028 r _kanji_0595a_paths
00358570 00000028 r _kanji_05958_paths
00358598 00000028 r _kanji_05957_paths
003585c0 00000024 r _kanji_05955_paths
003585e4 00000020 r _kanji_05954_paths
00358604 00000024 r _kanji_05951_paths
00358628 00000024 r _kanji_05950_paths
0035864c 00000024 r _kanji_0594f_paths
00358670 00000024 r _kanji_0594e_paths
00358694 00000020 r _kanji_05949_paths
003586b4 00000020 r _kanji_05948_paths
003586d4 00000020 r _kanji_05947_paths
003586f4 00000020 r _kanji_05944_paths
00358714 0000001c r _kanji_0593e_paths
00358730 00000018 r _kanji_05938_paths
00358748 00000018 r _kanji_05937_paths
00358760 00000014 r _kanji_05932_paths
00358774 00000014 r _kanji_05931_paths
00358788 00000014 r _kanji_0592e_paths
0035879c 00000010 r _kanji_0592d_paths
003587ac 00000010 r _kanji_0592c_paths
003587bc 00000010 r _kanji_0592b_paths
003587cc 00000010 r _kanji_0592a_paths
003587dc 00000010 r _kanji_05929_paths
003587ec 00000038 r _kanji_05925_paths
00358824 00000034 r _kanji_05922_paths
00358858 00000020 r _kanji_0591c_paths
00358878 00000018 r _kanji_0591a_paths
00358890 00000018 r _kanji_05919_paths
003588a8 00000014 r _kanji_05916_paths
003588bc 00000028 r _kanji_0590f_paths
003588e4 00000024 r _kanji_05909_paths
00358908 00000038 r _kanji_058fd_paths
00358940 00000034 r _kanji_058fc_paths
00358974 00000030 r _kanji_058fb_paths
003589a4 00000030 r _kanji_058fa_paths
003589d4 00000030 r _kanji_058f9_paths
00358a04 0000001c r _kanji_058f2_paths
00358a20 0000001c r _kanji_058f1_paths
00358a3c 0000001c r _kanji_058f0_paths
00358a58 0000001c r _kanji_058ef_paths
00358a74 00000018 r _kanji_058ee_paths
00358a8c 00000010 r _kanji_058ec_paths
00358a9c 00000050 r _kanji_058e4_paths
00358aec 0000004c r _kanji_058df_paths
00358b38 0000004c r _kanji_058de_paths
00358b84 0000004c r _kanji_058dc_paths
00358bd0 00000048 r _kanji_058d9_paths
00358c18 00000048 r _kanji_058d8_paths
00358c60 00000044 r _kanji_058d5_paths
00358ca4 00000044 r _kanji_058d3_paths
00358ce8 00000044 r _kanji_058d1_paths
00358d2c 00000040 r _kanji_058cc_paths
00358d6c 00000040 r _kanji_058ca_paths
00358dac 00000040 r _kanji_058c7_paths
00358dec 00000040 r _kanji_058c5_paths
00358e2c 00000040 r _kanji_058c1_paths
00358e6c 00000040 r _kanji_058be_paths
00358eac 0000003c r _kanji_058b3_paths
00358ee8 0000003c r _kanji_058ae_paths
00358f24 00000038 r _kanji_058a8_paths
00358f5c 0000003c r _kanji_0589f_paths
00358f98 0000003c r _kanji_0589c_paths
00358fd4 00000038 r _kanji_05897_paths
0035900c 00000034 r _kanji_05893_paths
00359040 00000038 r _kanji_05885_paths
00359078 00000038 r _kanji_05883_paths
003590b0 00000038 r _kanji_0587e_paths
003590e8 00000038 r _kanji_05879_paths
00359120 00000038 r _kanji_05875_paths
00359158 00000034 r _kanji_05869_paths
0035918c 00000034 r _kanji_05861_paths
003591c0 00000034 r _kanji_0585e_paths
003591f4 00000030 r _kanji_0585a_paths
00359224 00000034 r _kanji_05859_paths
00359258 00000034 r _kanji_05857_paths
0035928c 00000030 r _kanji_05854_paths
003592bc 00000034 r _kanji_05852_paths
003592f0 00000034 r _kanji_05851_paths
00359324 00000034 r _kanji_0584b_paths
00359358 00000034 r _kanji_0584a_paths
0035938c 00000030 r _kanji_05841_paths
003593bc 00000030 r _kanji_05840_paths
003593ec 00000030 r _kanji_0583a_paths
0035941c 00000030 r _kanji_05835_paths
0035944c 00000030 r _kanji_05834_paths
0035947c 00000030 r _kanji_05831_paths
003594ac 00000030 r _kanji_05830_paths
003594dc 00000030 r _kanji_0582f_paths
0035950c 00000030 r _kanji_0582a_paths
0035953c 00000030 r _kanji_05824_paths
0035956c 00000030 r _kanji_05821_paths
0035959c 00000030 r _kanji_0581d_paths
003595cc 00000030 r _kanji_05815_paths
003595fc 0000002c r _kanji_0580a_paths
00359628 0000002c r _kanji_05806_paths
00359654 00000030 r _kanji_05805_paths
00359684 0000002c r _kanji_05802_paths
003596b0 0000002c r _kanji_05800_paths
003596dc 0000002c r _kanji_057fc_paths
00359708 0000002c r _kanji_057fa_paths
00359734 0000002c r _kanji_057f9_paths
00359760 0000002c r _kanji_057f7_paths
0035978c 0000002c r _kanji_057f4_paths
003597b8 0000002c r _kanji_057e0_paths
003597e4 0000002c r _kanji_057df_paths
00359810 00000028 r _kanji_057d2_paths
00359838 00000024 r _kanji_057ce_paths
0035985c 00000028 r _kanji_057cb_paths
00359884 00000028 r _kanji_057c6_paths
003598ac 00000028 r _kanji_057c3_paths
003598d4 00000024 r _kanji_057a4_paths
003598f8 00000024 r _kanji_057a3_paths
0035991c 00000024 r _kanji_057a2_paths
00359940 00000024 r _kanji_057a0_paths
00359964 00000024 r _kanji_05793_paths
00359988 00000024 r _kanji_0578b_paths
003599ac 00000020 r _kanji_05782_paths
003599cc 00000020 r _kanji_0577f_paths
003599ec 00000020 r _kanji_0576a_paths
00359a0c 00000020 r _kanji_05769_paths
00359a2c 00000020 r _kanji_05766_paths
00359a4c 00000020 r _kanji_05764_paths
00359a6c 00000020 r _kanji_05761_paths
00359a8c 0000001c r _kanji_05751_paths
00359aa8 0000001c r _kanji_05750_paths
00359ac4 0000001c r _kanji_0574f_paths
00359ae0 0000001c r _kanji_0574e_paths
00359afc 0000001c r _kanji_0574a_paths
00359b18 0000001c r _kanji_05747_paths
00359b34 0000001c r _kanji_05742_paths
00359b50 0000001c r _kanji_05740_paths
00359b6c 0000001c r _kanji_0573b_paths
00359b88 00000018 r _kanji_05730_paths
00359ba0 00000018 r _kanji_0572d_paths
00359bb8 00000018 r _kanji_05728_paths
00359bd0 00000014 r _kanji_05727_paths
00359be4 00000014 r _kanji_05726_paths
00359bf8 00000040 r _kanji_0571c_paths
00359c38 00000038 r _kanji_05718_paths
00359c70 00000038 r _kanji_05716_paths
00359ca8 00000034 r _kanji_05713_paths
00359cdc 00000034 r _kanji_05712_paths
00359d10 00000030 r _kanji_0570f_paths
00359d40 00000030 r _kanji_0570d_paths
00359d70 0000002c r _kanji_0570b_paths
00359d9c 0000002c r _kanji_05709_paths
00359dc8 0000002c r _kanji_05708_paths
00359df4 00000028 r _kanji_05704_paths
00359e1c 00000028 r _kanji_05703_paths
00359e44 00000024 r _kanji_056ff_paths
00359e68 00000020 r _kanji_056fd_paths
00359e88 00000020 r _kanji_056fa_paths
00359ea8 00000020 r _kanji_056f9_paths
00359ec8 0000001c r _kanji_056f3_paths
00359ee4 0000001c r _kanji_056f2_paths
00359f00 0000001c r _kanji_056f0_paths
00359f1c 00000018 r _kanji_056e3_paths
00359f34 00000018 r _kanji_056e0_paths
00359f4c 00000018 r _kanji_056de_paths
00359f64 00000014 r _kanji_056db_paths
00359f78 00000014 r _kanji_056da_paths
00359f8c 00000060 r _kanji_056d1_paths
00359fec 00000054 r _kanji_056c8_paths
0035a040 00000054 r _kanji_056c3_paths
0035a094 00000054 r _kanji_056c2_paths
0035a0e8 00000054 r _kanji_056c1_paths
0035a13c 00000054 r _kanji_056c0_paths
0035a190 00000054 r _kanji_056bc_paths
0035a1e4 00000050 r _kanji_056b6_paths
0035a234 00000050 r _kanji_056b4_paths
0035a284 0000004c r _kanji_056ae_paths
0035a2d0 0000004c r _kanji_056a5_paths
0035a31c 00000048 r _kanji_056a0_paths
0035a364 00000048 r _kanji_05694_paths
0035a3ac 00000044 r _kanji_0568a_paths
0035a3f0 00000044 r _kanji_05687_paths
0035a434 00000040 r _kanji_05686_paths
0035a474 00000044 r _kanji_05680_paths
0035a4b8 00000040 r _kanji_0567a_paths
0035a4f8 00000040 r _kanji_05678_paths
0035a538 0000003c r _kanji_05674_paths
0035a574 00000040 r _kanji_0566c_paths
0035a5b4 00000040 r _kanji_0566b_paths
0035a5f4 00000040 r _kanji_0566a_paths
0035a634 0000003c r _kanji_05668_paths
0035a670 00000040 r _kanji_05664_paths
0035a6b0 0000003c r _kanji_05653_paths
0035a6ec 0000003c r _kanji_0564e_paths
0035a728 0000003c r _kanji_0564c_paths
0035a764 0000003c r _kanji_05642_paths
0035a7a0 0000003c r _kanji_05638_paths
0035a7dc 0000003c r _kanji_05636_paths
0035a818 00000040 r _kanji_05634_paths
0035a858 0000003c r _kanji_05632_paths
0035a894 0000003c r _kanji_05631_paths
0035a8d0 00000040 r _kanji_0562f_paths
0035a910 00000034 r _kanji_05629_paths
0035a944 00000038 r _kanji_0561b_paths
0035a97c 00000038 r _kanji_05617_paths
0035a9b4 00000038 r _kanji_05616_paths
0035a9ec 00000038 r _kanji_05614_paths
0035aa24 00000038 r _kanji_05609_paths
0035aa5c 00000034 r _kanji_05606_paths
0035aa90 00000038 r _kanji_055fe_paths
0035aac8 00000038 r _kanji_055fd_paths
0035ab00 00000038 r _kanji_055f7_paths
0035ab38 00000034 r _kanji_055e4_paths
0035ab6c 00000034 r _kanji_055e3_paths
0035aba0 00000034 r _kanji_055df_paths
0035abd4 00000034 r _kanji_055dc_paths
0035ac08 00000034 r _kanji_055da_paths
0035ac3c 00000034 r _kanji_055d4_paths
0035ac70 00000034 r _kanji_055c7_paths
0035aca4 00000034 r _kanji_055c5_paths
0035acd8 00000034 r _kanji_055c4_paths
0035ad0c 00000030 r _kanji_055b6_paths
0035ad3c 00000030 r _kanji_055b0_paths
0035ad6c 00000030 r _kanji_055ae_paths
0035ad9c 00000030 r _kanji_055ac_paths
0035adcc 00000030 r _kanji_055ab_paths
0035adfc 00000030 r _kanji_055aa_paths
0035ae2c 00000030 r _kanji_055a9_paths
0035ae5c 00000030 r _kanji_055a8_paths
0035ae8c 00000030 r _kanji_055a7_paths
0035aebc 00000030 r _kanji_0559f_paths
0035aeec 00000030 r _kanji_0559e_paths
0035af1c 0000002c r _kanji_0559d_paths
0035af48 00000030 r _kanji_0559c_paths
0035af78 00000030 r _kanji_0559a_paths
0035afa8 00000030 r _kanji_05599_paths
0035afd8 00000030 r _kanji_05598_paths
0035b008 00000030 r _kanji_0558b_paths
0035b038 00000030 r _kanji_0558a_paths
0035b068 00000030 r _kanji_05589_paths
0035b098 00000030 r _kanji_05587_paths
0035b0c8 00000030 r _kanji_05584_paths
0035b0f8 00000030 r _kanji_05583_paths
0035b128 00000030 r _kanji_05580_paths
0035b158 00000030 r _kanji_0557e_paths
0035b188 00000030 r _kanji_0557c_paths
0035b1b8 00000030 r _kanji_0557b_paths
0035b1e8 00000030 r _kanji_05563_paths
0035b218 0000002c r _kanji_0555c_paths
0035b244 0000002c r _kanji_05556_paths
0035b270 0000002c r _kanji_05553_paths
0035b29c 0000002c r _kanji_0554f_paths
0035b2c8 0000002c r _kanji_05546_paths
0035b2f4 0000002c r _kanji_05545_paths
0035b320 00000028 r _kanji_05544_paths
0035b348 0000002c r _kanji_05540_paths
0035b374 0000002c r _kanji_0553e_paths
0035b3a0 0000002c r _kanji_05538_paths
0035b3cc 0000002c r _kanji_05531_paths
0035b3f8 0000002c r _kanji_0552f_paths
0035b424 0000002c r _kanji_0552e_paths
0035b450 00000028 r _kanji_05514_paths
0035b478 00000028 r _kanji_05510_paths
0035b4a0 00000028 r _kanji_0550f_paths
0035b4c8 00000028 r _kanji_05507_paths
0035b4f0 00000028 r _kanji_05506_paths
0035b518 00000028 r _kanji_05504_paths
0035b540 00000028 r _kanji_054fd_paths
0035b568 00000028 r _kanji_054fa_paths
0035b590 00000028 r _kanji_054f2_paths
0035b5b8 00000028 r _kanji_054ee_paths
0035b5e0 00000028 r _kanji_054ed_paths
0035b608 00000028 r _kanji_054e9_paths
0035b630 00000028 r _kanji_054e8_paths
0035b658 00000028 r _kanji_054e6_paths
0035b680 00000028 r _kanji_054e5_paths
0035b6a8 00000028 r _kanji_054e2_paths
0035b6d0 00000028 r _kanji_054e1_paths
0035b6f8 00000024 r _kanji_054c9_paths
0035b71c 00000024 r _kanji_054c8_paths
0035b740 00000024 r _kanji_054c7_paths
0035b764 00000024 r _kanji_054c4_paths
0035b788 00000024 r _kanji_054c2_paths
0035b7ac 00000024 r _kanji_054c1_paths
0035b7d0 00000024 r _kanji_054c0_paths
0035b7f4 00000024 r _kanji_054bd_paths
0035b818 00000024 r _kanji_054b8_paths
0035b83c 00000024 r _kanji_054b3_paths
0035b860 00000024 r _kanji_054b2_paths
0035b884 00000024 r _kanji_054ac_paths
0035b8a8 00000024 r _kanji_054ab_paths
0035b8cc 00000024 r _kanji_054a8_paths
0035b8f0 00000024 r _kanji_054a5_paths
0035b914 00000024 r _kanji_054a4_paths
0035b938 00000024 r _kanji_054a2_paths
0035b95c 00000020 r _kanji_05490_paths
0035b97c 00000020 r _kanji_0548f_paths
0035b99c 00000020 r _kanji_0548e_paths
0035b9bc 00000020 r _kanji_0548c_paths
0035b9dc 00000020 r _kanji_05486_paths
0035b9fc 00000020 r _kanji_05484_paths
0035ba1c 00000020 r _kanji_05480_paths
0035ba3c 00000020 r _kanji_0547d_paths
0035ba5c 00000020 r _kanji_0547c_paths
0035ba7c 00000020 r _kanji_0547b_paths
0035ba9c 00000020 r _kanji_05477_paths
0035babc 00000020 r _kanji_05476_paths
0035badc 00000020 r _kanji_05475_paths
0035bafc 00000020 r _kanji_05473_paths
0035bb1c 00000020 r _kanji_05470_paths
0035bb3c 00000020 r _kanji_0546a_paths
0035bb5c 00000020 r _kanji_05468_paths
0035bb7c 00000020 r _kanji_0545f_paths
0035bb9c 0000001c r _kanji_0544e_paths
0035bbb8 0000001c r _kanji_0544a_paths
0035bbd4 0000001c r _kanji_05449_paths
0035bbf0 0000001c r _kanji_05448_paths
0035bc0c 0000001c r _kanji_05446_paths
0035bc28 0000001c r _kanji_05442_paths
0035bc44 0000001c r _kanji_0543e_paths
0035bc60 0000001c r _kanji_0543d_paths
0035bc7c 0000001c r _kanji_0543c_paths
0035bc98 0000001c r _kanji_0543b_paths
0035bcb4 0000001c r _kanji_05439_paths
0035bcd0 00000018 r _kanji_05438_paths
0035bce8 0000001c r _kanji_05436_paths
0035bd04 0000001c r _kanji_0542e_paths
0035bd20 0000001c r _kanji_0542d_paths
0035bd3c 0000001c r _kanji_0542c_paths
0035bd58 0000001c r _kanji_0542b_paths
0035bd74 0000001c r _kanji_05429_paths
0035bd90 0000001c r _kanji_05426_paths
0035bdac 0000001c r _kanji_05420_paths
0035bdc8 0000001c r _kanji_0541f_paths
0035bde4 0000001c r _kanji_0541e_paths
0035be00 0000001c r _kanji_0541d_paths
0035be1c 0000001c r _kanji_0541b_paths
0035be38 00000018 r _kanji_05411_paths
0035be50 00000018 r _kanji_05410_paths
0035be68 00000018 r _kanji_0540f_paths
0035be80 00000018 r _kanji_0540e_paths
0035be98 00000018 r _kanji_0540d_paths
0035beb0 00000018 r _kanji_0540c_paths
0035bec8 00000018 r _kanji_0540b_paths
0035bee0 00000018 r _kanji_0540a_paths
0035bef8 00000018 r _kanji_05409_paths
0035bf10 00000018 r _kanji_05408_paths
0035bf28 00000018 r _kanji_05404_paths
0035bf40 00000018 r _kanji_05403_paths
0035bf58 00000018 r _kanji_05401_paths
0035bf70 00000014 r _kanji_053fa_paths
0035bf84 00000014 r _kanji_053f8_paths
0035bf98 00000014 r _kanji_053f7_paths
0035bfac 00000014 r _kanji_053f6_paths
0035bfc0 00000014 r _kanji_053f3_paths
0035bfd4 00000014 r _kanji_053f2_paths
0035bfe8 00000014 r _kanji_053f1_paths
0035bffc 00000014 r _kanji_053f0_paths
0035c010 00000014 r _kanji_053ef_paths
0035c024 00000014 r _kanji_053ee_paths
0035c038 00000014 r _kanji_053ed_paths
0035c04c 00000014 r _kanji_053ec_paths
0035c060 00000018 r _kanji_053eb_paths
0035c078 00000014 r _kanji_053ea_paths
0035c08c 00000014 r _kanji_053e9_paths
0035c0a0 00000014 r _kanji_053e8_paths
0035c0b4 00000014 r _kanji_053e5_paths
0035c0c8 00000014 r _kanji_053e4_paths
0035c0dc 00000048 r _kanji_053e2_paths
0035c124 00000040 r _kanji_053e1_paths
0035c164 00000028 r _kanji_053df_paths
0035c18c 00000024 r _kanji_053db_paths
0035c1b0 00000024 r _kanji_053d9_paths
0035c1d4 00000020 r _kanji_053d7_paths
0035c1f4 00000020 r _kanji_053d6_paths
0035c214 00000020 r _kanji_053d4_paths
0035c234 00000010 r _kanji_053ce_paths
0035c244 00000010 r _kanji_053cd_paths
0035c254 00000010 r _kanji_053cc_paths
0035c264 00000010 r _kanji_053cb_paths
0035c274 00000034 r _kanji_053c3_paths
0035c2a8 00000020 r _kanji_053c2_paths
0035c2c8 00000014 r _kanji_053bb_paths
0035c2dc 00000044 r _kanji_053b3_paths
0035c320 00000038 r _kanji_053ad_paths
0035c358 00000038 r _kanji_053a9_paths
0035c390 00000030 r _kanji_053a8_paths
0035c3c0 00000030 r _kanji_053a5_paths
0035c3f0 00000028 r _kanji_0539f_paths
0035c418 00000024 r _kanji_0539a_paths
0035c43c 00000024 r _kanji_05398_paths
0035c460 00000024 r _kanji_05396_paths
0035c484 00000010 r _kanji_05384_paths
0035c494 00000030 r _kanji_0537f_paths
0035c4c4 00000024 r _kanji_05378_paths
0035c4e8 00000020 r _kanji_05377_paths
0035c508 0000001c r _kanji_05375_paths
0035c524 0000001c r _kanji_05374_paths
0035c540 0000001c r _kanji_05373_paths
0035c55c 00000018 r _kanji_05371_paths
0035c574 00000018 r _kanji_05370_paths
0035c58c 00000014 r _kanji_0536f_paths
0035c5a0 00000014 r _kanji_0536e_paths
0035c5b4 00000020 r _kanji_05366_paths
0035c5d4 00000014 r _kanji_05360_paths
0035c5e8 00000030 r _kanji_0535a_paths
0035c618 00000024 r _kanji_05358_paths
0035c63c 00000024 r _kanji_05357_paths
0035c660 00000020 r _kanji_05354_paths
0035c680 00000020 r _kanji_05353_paths
0035c6a0 00000020 r _kanji_05352_paths
0035c6c0 00000024 r _kanji_05351_paths
0035c6e4 00000018 r _kanji_0534d_paths
0035c6fc 00000014 r _kanji_0534a_paths
0035c710 00000014 r _kanji_05349_paths
0035c724 00000010 r _kanji_05348_paths
0035c734 00000010 r _kanji_05347_paths
0035c744 00000010 r _kanji_05345_paths
0035c754 0000002c r _kanji_05340_paths
0035c780 00000028 r _kanji_0533f_paths
0035c7a8 0000001c r _kanji_0533b_paths
0035c7c4 00000010 r _kanji_0533a_paths
0035c7d4 00000010 r _kanji_05339_paths
0035c7e4 0000003c r _kanji_05333_paths
0035c820 00000038 r _kanji_05331_paths
0035c858 00000034 r _kanji_0532f_paths
0035c88c 00000028 r _kanji_0532a_paths
0035c8b4 0000001c r _kanji_05323_paths
0035c8d0 00000018 r _kanji_05321_paths
0035c8e8 00000018 r _kanji_05320_paths
0035c900 00000014 r _kanji_0531d_paths
0035c914 0000002c r _kanji_05319_paths
0035c940 00000014 r _kanji_05317_paths
0035c954 00000010 r _kanji_05316_paths
0035c964 0000002c r _kanji_05310_paths
0035c990 0000002c r _kanji_0530f_paths
0035c9bc 00000024 r _kanji_0530d_paths
0035c9e0 00000018 r _kanji_05308_paths
0035c9f8 00000014 r _kanji_05306_paths
0035ca0c 00000014 r _kanji_05305_paths
0035ca20 00000010 r _kanji_05302_paths
0035ca30 00000010 r _kanji_05301_paths
0035ca40 00000010 r _kanji_052ff_paths
0035ca50 00000010 r _kanji_052fe_paths
0035ca60 0000004c r _kanji_052f8_paths
0035caac 00000040 r _kanji_052f5_paths
0035caec 00000040 r _kanji_052f3_paths
0035cb2c 0000003c r _kanji_052f2_paths
0035cb68 00000034 r _kanji_052e7_paths
0035cb9c 00000034 r _kanji_052e6_paths
0035cbd0 00000030 r _kanji_052e4_paths
0035cc00 00000034 r _kanji_052e3_paths
0035cc34 00000034 r _kanji_052e2_paths
0035cc68 00000034 r _kanji_052e0_paths
0035cc9c 00000030 r _kanji_052df_paths
0035cccc 00000030 r _kanji_052de_paths
0035ccfc 00000030 r _kanji_052dd_paths
0035cd2c 0000002c r _kanji_052d9_paths
0035cd58 0000002c r _kanji_052d8_paths
0035cd84 0000002c r _kanji_052d5_paths
0035cdb0 0000002c r _kanji_052d2_paths
0035cddc 00000028 r _kanji_052cd_paths
0035ce04 00000028 r _kanji_052c9_paths
0035ce2c 00000024 r _kanji_052c7_paths
0035ce50 00000024 r _kanji_052c5_paths
0035ce74 00000024 r _kanji_052c3_paths
0035ce98 00000024 r _kanji_052c1_paths
0035cebc 00000020 r _kanji_052be_paths
0035cedc 00000020 r _kanji_052bc_paths
0035cefc 00000020 r _kanji_052b9_paths
0035cf1c 0000001c r _kanji_052b4_paths
0035cf38 0000001c r _kanji_052b1_paths
0035cf54 0000001c r _kanji_052ad_paths
0035cf70 0000001c r _kanji_052ac_paths
0035cf8c 0000001c r _kanji_052ab_paths
0035cfa8 0000001c r _kanji_052aa_paths
0035cfc4 0000001c r _kanji_052a9_paths
0035cfe0 00000018 r _kanji_052a3_paths
0035cff8 00000014 r _kanji_052a0_paths
0035d00c 00000014 r _kanji_0529f_paths
0035d020 00000040 r _kanji_05291_paths
0035d060 0000003c r _kanji_0528d_paths
0035d09c 0000003c r _kanji_05289_paths
0035d0d8 0000003c r _kanji_05288_paths
0035d114 0000003c r _kanji_05287_paths
0035d150 00000038 r _kanji_05283_paths
0035d188 00000034 r _kanji_0527f_paths
0035d1bc 00000034 r _kanji_0527d_paths
0035d1f0 00000030 r _kanji_05275_paths
0035d220 00000030 r _kanji_05274_paths
0035d250 0000002c r _kanji_05273_paths
0035d27c 00000030 r _kanji_05272_paths
0035d2ac 0000002c r _kanji_05270_paths
0035d2d8 0000002c r _kanji_0526f_paths
0035d304 0000002c r _kanji_0526a_paths
0035d330 00000030 r _kanji_05269_paths
0035d360 00000028 r _kanji_05264_paths
0035d388 00000028 r _kanji_05263_paths
0035d3b0 00000028 r _kanji_0525e_paths
0035d3d8 00000028 r _kanji_0525d_paths
0035d400 00000028 r _kanji_0525b_paths
0035d428 00000028 r _kanji_05256_paths
0035d450 00000028 r _kanji_05254_paths
0035d478 00000024 r _kanji_0524d_paths
0035d49c 00000024 r _kanji_0524c_paths
0035d4c0 00000024 r _kanji_0524b_paths
0035d4e4 00000024 r _kanji_0524a_paths
0035d508 00000024 r _kanji_05247_paths
0035d52c 00000024 r _kanji_05244_paths
0035d550 00000024 r _kanji_05243_paths
0035d574 00000020 r _kanji_0523b_paths
0035d594 00000020 r _kanji_0523a_paths
0035d5b4 00000020 r _kanji_05239_paths
0035d5d4 00000020 r _kanji_05238_paths
0035d5f4 00000020 r _kanji_05237_paths
0035d614 00000020 r _kanji_05236_paths
0035d634 00000020 r _kanji_05233_paths
0035d654 00000020 r _kanji_05230_paths
0035d674 00000020 r _kanji_0522e_paths
0035d694 0000001c r _kanji_0522a_paths
0035d6b0 0000001c r _kanji_05229_paths
0035d6cc 0000001c r _kanji_05225_paths
0035d6e8 0000001c r _kanji_05224_paths
0035d704 0000001c r _kanji_0521d_paths
0035d720 00000018 r _kanji_05217_paths
0035d738 00000018 r _kanji_05214_paths
0035d750 00000018 r _kanji_05211_paths
0035d768 00000018 r _kanji_0520e_paths
0035d780 00000014 r _kanji_0520b_paths
0035d794 00000014 r _kanji_0520a_paths
0035d7a8 00000010 r _kanji_05208_paths
0035d7b8 00000010 r _kanji_05207_paths
0035d7c8 00000010 r _kanji_05206_paths
0035d7d8 00000020 r _kanji_051fd_paths
0035d7f8 00000014 r _kanji_051fa_paths
0035d80c 00000014 r _kanji_051f9_paths
0035d820 00000014 r _kanji_051f8_paths
0035d834 00000010 r _kanji_051f6_paths
0035d844 00000030 r _kanji_051f1_paths
0035d874 0000002c r _kanji_051f0_paths
0035d8a0 00000020 r _kanji_051ed_paths
0035d8c0 00000018 r _kanji_051ea_paths
0035d8d8 00000018 r _kanji_051e9_paths
0035d8f0 00000014 r _kanji_051e7_paths
0035d904 00000014 r _kanji_051e6_paths
0035d918 00000040 r _kanji_051dd_paths
0035d958 0000003c r _kanji_051dc_paths
0035d994 00000028 r _kanji_051cd_paths
0035d9bc 00000028 r _kanji_051cc_paths
0035d9e4 00000028 r _kanji_051c6_paths
0035da0c 00000028 r _kanji_051c5_paths
0035da34 00000028 r _kanji_051c4_paths
0035da5c 00000020 r _kanji_051bd_paths
0035da7c 0000001c r _kanji_051b7_paths
0035da98 0000001c r _kanji_051b6_paths
0035dab4 0000001c r _kanji_051b4_paths
0035dad0 00000018 r _kanji_051b1_paths
0035dae8 00000014 r _kanji_051ac_paths
0035dafc 0000003c r _kanji_051aa_paths
0035db38 00000028 r _kanji_051a5_paths
0035db60 00000028 r _kanji_051a4_paths
0035db88 00000028 r _kanji_051a2_paths
0035dbb0 00000024 r _kanji_051a0_paths
0035dbd4 00000014 r _kanji_05199_paths
0035dbe8 00000010 r _kanji_05197_paths
0035dbf8 0000002c r _kanji_05195_paths
0035dc24 00000024 r _kanji_05192_paths
0035dc48 00000024 r _kanji_05191_paths
0035dc6c 0000001c r _kanji_0518f_paths
0035dc88 00000018 r _kanji_0518d_paths
0035dca0 00000014 r _kanji_0518c_paths
0035dcb4 00000014 r _kanji_0518a_paths
0035dcc8 00000010 r _kanji_05186_paths
0035dcd8 00000010 r _kanji_05185_paths
0035dce8 00000040 r _kanji_05180_paths
0035dd28 00000028 r _kanji_0517c_paths
0035dd50 00000020 r _kanji_05178_paths
0035dd70 00000020 r _kanji_05177_paths
0035dd90 00000020 r _kanji_05176_paths
0035ddb0 0000001c r _kanji_05175_paths
0035ddcc 00000018 r _kanji_05171_paths
0035dde4 00000010 r _kanji_0516d_paths
0035ddf4 00000010 r _kanji_0516c_paths
0035de04 00000024 r _kanji_0516a_paths
0035de28 00000020 r _kanji_05169_paths
0035de48 00000018 r _kanji_05168_paths
0035de60 00000038 r _kanji_05162_paths
0035de98 0000002c r _kanji_0515c_paths
0035dec4 00000028 r _kanji_0515a_paths
0035deec 00000020 r _kanji_05152_paths
0035df0c 0000001c r _kanji_05150_paths
0035df28 0000001c r _kanji_0514e_paths
0035df44 00000020 r _kanji_0514d_paths
0035df64 0000001c r _kanji_0514c_paths
0035df80 0000001c r _kanji_0514b_paths
0035df9c 00000018 r _kanji_05149_paths
0035dfb4 00000018 r _kanji_05148_paths
0035dfcc 00000018 r _kanji_05147_paths
0035dfe4 00000018 r _kanji_05146_paths
0035dffc 00000018 r _kanji_05145_paths
0035e014 00000014 r _kanji_05144_paths
0035e028 00000010 r _kanji_05143_paths
0035e038 00000010 r _kanji_05141_paths
0035e048 00000058 r _kanji_0513c_paths
0035e0a0 00000058 r _kanji_0513b_paths
0035e0f8 00000054 r _kanji_0513a_paths
0035e14c 00000054 r _kanji_05137_paths
0035e1a0 00000048 r _kanji_05132_paths
0035e1e8 00000044 r _kanji_0512a_paths
0035e22c 00000044 r _kanji_05121_paths
0035e270 00000044 r _kanji_0511f_paths
0035e2b4 0000003c r _kanji_0511a_paths
0035e2f0 00000040 r _kanji_05118_paths
0035e330 00000040 r _kanji_05115_paths
0035e370 00000040 r _kanji_05114_paths
0035e3b0 00000040 r _kanji_05112_paths
0035e3f0 0000003c r _kanji_05109_paths
0035e42c 0000003c r _kanji_05104_paths
0035e468 0000003c r _kanji_05102_paths
0035e4a4 00000038 r _kanji_05101_paths
0035e4dc 0000003c r _kanji_05100_paths
0035e518 0000003c r _kanji_050fb_paths
0035e554 0000003c r _kanji_050f9_paths
0035e590 0000003c r _kanji_050f5_paths
0035e5cc 00000038 r _kanji_050ee_paths
0035e604 00000038 r _kanji_050ed_paths
0035e63c 00000034 r _kanji_050e7_paths
0035e670 00000038 r _kanji_050e5_paths
0035e6a8 00000038 r _kanji_050de_paths
0035e6e0 00000038 r _kanji_050da_paths
0035e718 00000038 r _kanji_050d6_paths
0035e750 00000038 r _kanji_050d5_paths
0035e788 00000038 r _kanji_050d1_paths
0035e7c0 00000038 r _kanji_050cf_paths
0035e7f8 00000034 r _kanji_050cd_paths
0035e82c 00000034 r _kanji_050c9_paths
0035e860 00000034 r _kanji_050c5_paths
0035e894 00000034 r _kanji_050c2_paths
0035e8c8 00000034 r _kanji_050be_paths
0035e8fc 00000034 r _kanji_050b7_paths
0035e930 00000034 r _kanji_050b5_paths
0035e964 00000034 r _kanji_050b4_paths
0035e998 00000034 r _kanji_050b3_paths
0035e9cc 00000034 r _kanji_050b2_paths
0035ea00 00000034 r _kanji_050ad_paths
0035ea34 00000034 r _kanji_050ac_paths
0035ea68 00000030 r _kanji_0509a_paths
0035ea98 00000030 r _kanji_05099_paths
0035eac8 00000030 r _kanji_05098_paths
0035eaf8 00000034 r _kanji_05091_paths
0035eb2c 00000030 r _kanji_0508d_paths
0035eb5c 00000030 r _kanji_05085_paths
0035eb8c 00000030 r _kanji_05080_paths
0035ebbc 0000002c r _kanji_0507d_paths
0035ebe8 0000002c r _kanji_05078_paths
0035ec14 0000002c r _kanji_05076_paths
0035ec40 0000002c r _kanji_05075_paths
0035ec6c 0000002c r _kanji_05074_paths
0035ec98 0000002c r _kanji_05072_paths
0035ecc4 0000002c r _kanji_0506c_paths
0035ecf0 0000002c r _kanji_05065_paths
0035ed1c 0000002c r _kanji_0505c_paths
0035ed48 0000002c r _kanji_0505a_paths
0035ed74 0000002c r _kanji_05056_paths
0035eda0 0000002c r _kanji_05055_paths
0035edcc 0000002c r _kanji_05050_paths
0035edf8 0000002c r _kanji_0504f_paths
0035ee24 00000030 r _kanji_05049_paths
0035ee54 0000002c r _kanji_05048_paths
0035ee80 0000002c r _kanji_05047_paths
0035eeac 0000002c r _kanji_05043_paths
0035eed8 00000028 r _kanji_05039_paths
0035ef00 00000028 r _kanji_0502d_paths
0035ef28 00000028 r _kanji_0502c_paths
0035ef50 00000028 r _kanji_0502b_paths
0035ef78 00000028 r _kanji_0502a_paths
0035efa0 00000028 r _kanji_05029_paths
0035efc8 00000028 r _kanji_05028_paths
0035eff0 00000028 r _kanji_05026_paths
0035f018 00000028 r _kanji_05025_paths
0035f040 00000028 r _kanji_05024_paths
0035f068 00000028 r _kanji_05023_paths
0035f090 00000028 r _kanji_05021_paths
0035f0b8 00000028 r _kanji_0501f_paths
0035f0e0 00000028 r _kanji_0501a_paths
0035f108 00000028 r _kanji_05019_paths
0035f130 00000028 r _kanji_05016_paths
0035f158 00000028 r _kanji_05014_paths
0035f180 00000028 r _kanji_05012_paths
0035f1a8 00000028 r _kanji_05011_paths
0035f1d0 0000002c r _kanji_0500f_paths
0035f1fc 00000028 r _kanji_0500d_paths
0035f224 00000028 r _kanji_0500b_paths
0035f24c 00000028 r _kanji_05009_paths
0035f274 00000028 r _kanji_05006_paths
0035f29c 00000028 r _kanji_05005_paths
0035f2c4 00000028 r _kanji_04ffe_paths
0035f2ec 00000028 r _kanji_04ffa_paths
0035f314 00000028 r _kanji_04ff8_paths
0035f33c 00000028 r _kanji_04ff6_paths
0035f364 00000028 r _kanji_04ff5_paths
0035f38c 00000028 r _kanji_04ff3_paths
0035f3b4 00000028 r _kanji_04ff1_paths
0035f3dc 00000028 r _kanji_04fef_paths
0035f404 00000028 r _kanji_04fee_paths
0035f42c 00000024 r _kanji_04fe5_paths
0035f450 00000024 r _kanji_04fe4_paths
0035f474 00000024 r _kanji_04fe3_paths
0035f498 00000024 r _kanji_04fe1_paths
0035f4bc 00000024 r _kanji_04fdf_paths
0035f4e0 00000024 r _kanji_04fdd_paths
0035f504 00000024 r _kanji_04fdb_paths
0035f528 00000024 r _kanji_04fda_paths
0035f54c 00000024 r _kanji_04fd8_paths
0035f570 00000024 r _kanji_04fd7_paths
0035f594 00000024 r _kanji_04fd4_paths
0035f5b8 00000024 r _kanji_04fd1_paths
0035f5dc 00000024 r _kanji_04fd0_paths
0035f600 00000024 r _kanji_04fce_paths
0035f624 00000024 r _kanji_04fca_paths
0035f648 00000024 r _kanji_04fc4_paths
0035f66c 00000024 r _kanji_04fc3_paths
0035f690 00000024 r _kanji_04fc2_paths
0035f6b4 00000024 r _kanji_04fbf_paths
0035f6d8 00000024 r _kanji_04fb6_paths
0035f6fc 00000024 r _kanji_04fb5_paths
0035f720 00000024 r _kanji_04faf_paths
0035f744 00000020 r _kanji_04fae_paths
0035f764 00000020 r _kanji_04fa1_paths
0035f784 00000020 r _kanji_04f9d_paths
0035f7a4 00000020 r _kanji_04f9b_paths
0035f7c4 00000020 r _kanji_04f98_paths
0035f7e4 00000020 r _kanji_04f96_paths
0035f804 00000020 r _kanji_04f91_paths
0035f824 00000020 r _kanji_04f8f_paths
0035f844 00000020 r _kanji_04f8d_paths
0035f864 00000020 r _kanji_04f8b_paths
0035f884 00000020 r _kanji_04f88_paths
0035f8a4 00000020 r _kanji_04f86_paths
0035f8c4 00000020 r _kanji_04f83_paths
0035f8e4 00000020 r _kanji_04f7f_paths
0035f904 00000020 r _kanji_04f7c_paths
0035f924 00000020 r _kanji_04f7b_paths
0035f944 00000020 r _kanji_04f76_paths
0035f964 00000020 r _kanji_04f75_paths
0035f984 00000020 r _kanji_04f73_paths
0035f9a4 00000020 r _kanji_04f70_paths
0035f9c4 00000020 r _kanji_04f6f_paths
0035f9e4 00000020 r _kanji_04f69_paths
0035fa04 0000001c r _kanji_04f5e_paths
0035fa20 0000001c r _kanji_04f5d_paths
0035fa3c 0000001c r _kanji_04f5c_paths
0035fa58 0000001c r _kanji_04f5b_paths
0035fa74 0000001c r _kanji_04f5a_paths
0035fa90 0000001c r _kanji_04f59_paths
0035faac 0000001c r _kanji_04f57_paths
0035fac8 0000001c r _kanji_04f55_paths
0035fae4 0000001c r _kanji_04f53_paths
0035fb00 0000001c r _kanji_04f51_paths
0035fb1c 0000001c r _kanji_04f50_paths
0035fb38 0000001c r _kanji_04f4f_paths
0035fb54 0000001c r _kanji_04f4e_paths
0035fb70 0000001c r _kanji_04f4d_paths
0035fb8c 0000001c r _kanji_04f47_paths
0035fba8 0000001c r _kanji_04f46_paths
0035fbc4 0000001c r _kanji_04f43_paths
0035fbe0 0000001c r _kanji_04f3d_paths
0035fbfc 0000001c r _kanji_04f3c_paths
0035fc18 0000001c r _kanji_04f3a_paths
0035fc34 0000001c r _kanji_04f38_paths
0035fc50 0000001c r _kanji_04f36_paths
0035fc6c 0000001c r _kanji_04f34_paths
0035fc88 0000001c r _kanji_04f30_paths
0035fca4 0000001c r _kanji_04f2f_paths
0035fcc0 00000018 r _kanji_04f1d_paths
0035fcd8 00000018 r _kanji_04f1a_paths
0035fcf0 00000018 r _kanji_04f11_paths
0035fd08 00000018 r _kanji_04f10_paths
0035fd20 00000018 r _kanji_04f0f_paths
0035fd38 00000018 r _kanji_04f0e_paths
0035fd50 00000018 r _kanji_04f0d_paths
0035fd68 00000018 r _kanji_04f0a_paths
0035fd80 00000018 r _kanji_04f09_paths
0035fd98 00000018 r _kanji_04f01_paths
0035fdb0 00000018 r _kanji_04efb_paths
0035fdc8 00000018 r _kanji_04ef7_paths
0035fde0 00000018 r _kanji_04ef6_paths
0035fdf8 00000018 r _kanji_04ef2_paths
0035fe10 00000018 r _kanji_04ef0_paths
0035fe28 00000018 r _kanji_04eee_paths
0035fe40 00000014 r _kanji_04ee5_paths
0035fe54 00000014 r _kanji_04ee4_paths
0035fe68 00000014 r _kanji_04ee3_paths
0035fe7c 00000014 r _kanji_04edf_paths
0035fe90 00000014 r _kanji_04ede_paths
0035fea4 00000014 r _kanji_04ed9_paths
0035feb8 00000014 r _kanji_04ed8_paths
0035fecc 00000014 r _kanji_04ed7_paths
0035fee0 00000014 r _kanji_04ed6_paths
0035fef4 00000014 r _kanji_04ed5_paths
0035ff08 00000014 r _kanji_04ed4_paths
0035ff1c 00000010 r _kanji_04ecf_paths
0035ff2c 00000010 r _kanji_04ece_paths
0035ff3c 00000010 r _kanji_04ecd_paths
0035ff4c 00000010 r _kanji_04ecb_paths
0035ff5c 00000010 r _kanji_04eca_paths
0035ff6c 00000010 r _kanji_04ec7_paths
0035ff7c 00000010 r _kanji_04ec6_paths
0035ff8c 00000010 r _kanji_04ec4_paths
0035ff9c 00000010 r _kanji_04ec2_paths
0035ffac 00000010 r _kanji_04ec1_paths
0035ffbc 00000010 r _kanji_04ec0_paths
0035ffcc 00000034 r _kanji_04eb6_paths
00360000 00000024 r _kanji_04eae_paths
00360024 00000024 r _kanji_04ead_paths
00360048 00000020 r _kanji_04eac_paths
00360068 00000020 r _kanji_04eab_paths
00360088 0000001c r _kanji_04ea8_paths
003600a4 00000018 r _kanji_04ea6_paths
003600bc 00000018 r _kanji_04ea5_paths
003600d4 00000018 r _kanji_04ea4_paths
003600ec 00000010 r _kanji_04ea2_paths
003600fc 00000020 r _kanji_04e9f_paths
0036011c 00000020 r _kanji_04e9e_paths
0036013c 0000001c r _kanji_04e9c_paths
00360158 00000020 r _kanji_04e9b_paths
00360178 00000018 r _kanji_04e99_paths
00360190 00000018 r _kanji_04e98_paths
003601a8 00000010 r _kanji_04e95_paths
003601b8 00000010 r _kanji_04e94_paths
003601c8 00000010 r _kanji_04e92_paths
003601d8 00000010 r _kanji_04e91_paths
003601e8 00000020 r _kanji_04e8b_paths
00360208 00000018 r _kanji_04e89_paths
00360220 00000010 r _kanji_04e88_paths
00360230 00000034 r _kanji_04e82_paths
00360264 0000002c r _kanji_04e80_paths
00360290 0000002c r _kanji_04e7e_paths
003602bc 00000020 r _kanji_04e73_paths
003602dc 0000001c r _kanji_04e71_paths
003602f8 00000028 r _kanji_04e58_paths
00360320 00000024 r _kanji_04e57_paths
00360344 00000020 r _kanji_04e56_paths
00360364 00000010 r _kanji_04e4f_paths
00360374 00000014 r _kanji_04e4e_paths
00360388 00000014 r _kanji_04e4d_paths
0036039c 00000014 r _kanji_04e3c_paths
003603b0 00000014 r _kanji_04e3b_paths
003603c4 00000010 r _kanji_04e39_paths
003603d4 0000001c r _kanji_04e32_paths
003603f0 00000014 r _kanji_04e31_paths
00360404 00000010 r _kanji_04e2d_paths
00360414 00000020 r _kanji_04e26_paths
00360434 00000018 r _kanji_04e21_paths
0036044c 00000018 r _kanji_04e1e_paths
00360464 00000014 r _kanji_04e19_paths
00360478 00000014 r _kanji_04e18_paths
0036048c 00000014 r _kanji_04e16_paths
003604a0 00000014 r _kanji_04e15_paths
003604b4 00000014 r _kanji_04e14_paths
003604c8 00000010 r _kanji_04e11_paths
003604d8 00000010 r _kanji_04e10_paths
003604e8 00000010 r _kanji_04e0d_paths
003604f8 00000014 r _kata_030f4_paths
0036050c 00000014 r _kata_030dd_paths
00360520 00000018 r _kata_030dc_paths
00360538 00000010 r _kata_030db_paths
00360548 00000010 r _kata_030d3_paths
00360558 00000010 r _kata_030d0_paths
00360568 00000010 r _kata_030cd_paths
00360578 00000010 r _kata_030c9_paths
00360588 00000014 r _kata_030c7_paths
0036059c 00000014 r _kata_030c5_paths
003605b0 00000014 r _kata_030c2_paths
003605c4 00000014 r _kata_030c0_paths
003605d8 00000010 r _kata_030be_paths
003605e8 00000010 r _kata_030bc_paths
003605f8 00000010 r _kata_030ba_paths
00360608 00000014 r _kata_030b8_paths
0036061c 00000014 r _kata_030b6_paths
00360630 00000010 r _kata_030b4_paths
00360640 00000014 r _kata_030b2_paths
00360654 00000010 r _kata_030b0_paths
00360664 00000014 r _kata_030ae_paths
00360678 00000010 r _kata_030ac_paths
00360688 00000014 r _hira_0307d_paths
0036069c 00000018 r _hira_0307c_paths
003606b4 00000010 r _hira_0307b_paths
003606c4 00000014 r _hira_03077_paths
003606d8 00000018 r _hira_03076_paths
003606f0 00000010 r _hira_03075_paths
00360700 00000010 r _hira_03071_paths
00360710 00000014 r _hira_03070_paths
00360724 00000010 r _hira_0306a_paths
00360734 00000010 r _hira_03069_paths
00360744 00000010 r _hira_03062_paths
00360754 00000018 r _hira_03060_paths
0036076c 00000010 r _hira_0305f_paths
0036077c 00000014 r _hira_0305c_paths
00360790 00000010 r _hira_0305a_paths
003607a0 00000014 r _hira_03056_paths
003607b4 00000010 r _hira_03054_paths
003607c4 00000014 r _hira_03052_paths
003607d8 00000018 r _hira_0304e_paths
003607f0 00000010 r _hira_0304d_paths
00360800 00000014 r _hira_0304c_paths
00360814 00000068 r themes
0036087c 00000010 r CSWTCH.5969
0036088c 00000010 r CSWTCH.5971
003608c8 0000001c r ind_jlpt_labels
003608e4 00000024 r ind_grado_labels
00360928 0000b5b8 r kanji_table
0036bee0 000000a8 r HTS_pade
0036bf88 00000008 r s_defaultTint.0
006f508c r .LC2
008f4300 R render2d_shbin
008f448c 00000004 r depthFmtSizes
008f448c R render2d_shbin_end
008f4490 00000005 r colorFmtSizes
008f4498 00000010 r CSWTCH.11
008f44a8 00000038 r CSWTCH.19
008f44e0 00000080 r romFS_devoptab
008f4588 00000008 r morton_y.2
008f4590 00000008 r morton_x.3
008f4598 00000008 r s_sleepWakeEvents.4
008f45a0 0000000c r serviceNameTable.5
008f45d0 00000030 r error_table
008f4600 00000080 r archive_devoptab
008f4680 00000060 R __inv_pio4
008f46e0 000000e0 R __sincosf_table
008f47c0 00000870 R __exp_data
008f5030 00001048 R __pow_log_data
008f6078 00001090 R __log_data
008f7108 00000080 r npio2_hw
008f7188 00000108 r two_over_pi
008f7290 00000040 r PIo2
008f72d0 00000010 r init_jk
008f7434 00000022 r basefix.0
008f74b8 00000014 r fpinan.0
008f74cc 00000014 r fpi.1
008f74e0 00000028 r tinytens
008f75f4 00000010 r zeroes.0
008f7604 00000010 r blanks.1
008f7614 0000006c R __action_table
008f7680 0000006c R __state_table
008f76ec 00000100 R __chclass
008f77ec 00000100 R __hexdig
008f79e0 00000010 r zeroes.0
008f79f0 00000010 r blanks.1
008f7a00 00000101 R _ctype_
008f7b04 0000000c r p05.0
008f7b10 00000028 R __mprec_bigtens
008f7b38 000000c8 R __mprec_tens
008f7cec 00000010 r zeroes.0
008f7cfc 00000010 r blanks.1
008f7d0c 000037f8 r categories
008fb504 00000080 R dotab_stdnull
008fb584 R __tdata_align
008fb588 r __EH_FRAME_BEGIN__
008fb588 R __exidx_end
008fb588 R __exidx_start
008fc000 00000004 D lastTouchY
008fc004 00000064 D menusel
008fc068 00000001 D currentTheme
008fc06c 00000004 D noptn
008fc070 00000004 d portrait_current
008fc074 00000004 d portrait_target_x
008fc078 00000004 d portrait_x
008fc07c 000002d0 D dsplay_kbtabs
008fc34c 0000035c D kanji_radical_char
008fc6a8 00000004 D tab_search_selected
008fc6ac 00000008 d framerateCounter
008fc6b4 00000004 d framerate
008fc6b8 00000004 d queueLock
008fc6bc 00000004 d aptChainloadDeliverArgSize
008fc6c0 00000004 d kCount
008fc6c4 00000004 d kInterval
008fc6c8 00000004 d kDelay
008fc6cc W __stacksize__
008fc6d0 00000004 D _impure_ptr
008fc6d8 00000200 D _impure_data
008fc8d8 00000254 D __global_locale
008fcb2c 00000004 D __malloc_sbrk_base
008fcb30 00000004 D __malloc_trim_threshold
008fcb38 00000408 D __malloc_av_
008fcf40 0000000c D __sglue
008fcf4c 00000400 d _current_working_directory
008fd350 00001000 d handles
008fe350 0000000c d __stderr_handle
008fe35c 0000000c d __stdout_handle
008fe368 0000000c d __stdin_handle
008fe374 0000008c D devoptab_list
008fe400 00000004 d defaultDevice
008fe40c d _GLOBAL_OFFSET_TABLE_
008fe418 d __frame_dummy_init_array_entry
008fe418 D __init_array_start
008fe418 B __preinit_array_end
008fe418 B __preinit_array_start
008fe418 D __tdata_lma
008fe418 D __tdata_lma_end
008fe41c d __do_global_dtors_aux_fini_array_entry
008fe41c D __fini_array_start
008fe41c D __init_array_end
008fe420 D __bss_start__
008fe420 D __fini_array_end
008fe420 00000398 b g_tts
008fe7b8 00000004 B font
008fe7bc 00000004 B font2
008fe7c0 00000004 B fontdialog
008fe7c4 00000014 B portraits
008fe7d8 00000004 B top
008fe7dc 00000004 B bottom
008fe7e0 00000004 B g_staticBuf
008fe7e4 00000004 B g_dynamicBuf
008fe7e8 00000004 B lastTouchX
008fe7ec 00000001 B flag_display_menu
008fe7f0 00000008 B menu
008fe7f8 00000001 B currentScene
008fe7fc 00000004 B currentBlock
008fe800 00000004 b lessonLoaded
008fe804 00000100 B currentLessonPath
008fe904 00000004 B totalBlocks
008fe908 00000010 B tablaState
008fe918 00000530 B kbd
008fee48 0000001c B input_text
008fee64 00080204 B lesson
0097f068 00000064 B menu_ant
0097f0cc 0000001c B teststring
0097f0e8 00000008 B result
0097f0f0 00000200 b help_text
0097f2f0 00000004 b help_buf
0097f2f4 00000004 b help_active
0097f2f8 00000004 b typewriter_len
0097f2fc 00000200 b typewriter_buf
0097f4fc 00000004 b typewriter_timer
0097f500 00000004 b font_kbd
0097f504 00000004 b buf_kbd
0097f508 0000000c B anim
0097f514 00000001 B kanaOculto
0097f515 00000001 B mostrandoTrazos
0097f518 0000000c B anim2
0097f528 00000398 b g_tts
0097f8c0 00010084 B k2
0098f944 00010084 B k
0099f9c8 00000004 b sort_ready
0099f9cc 00000100 b search_query
0099facc 00000004 b filter_tipo
0099fad0 00000004 b filter_valor
0099fad4 00000004 b active_size
0099fad8 00000004 b active_ready
0099fadc 00002eec b active_list
009a29c8 00002eec b sort_order
009a58b8 00000004 b ind_criterio
009a58c0 00000360 b ind_tipos
009a5c20 00000360 b ind_vals
009a5f80 00000004 b font_input
009a5f84 00000100 b input_buffer.0
009a6084 00000001 b mostrarKanjiTrazos
009a6088 0000000c b kanjAnim
009a6094 00000004 b ind_scroll
009a6098 00010084 b k
009b611c 00000004 b drawCount
009b6120 00000004 b currentStroke
009b6124 00001800 b drawPoints
009b7928 000005a8 B __C2Di_Context
009b7ed0 00000040 b s_projTop
009b7f10 00000040 b s_projBot
009b7f50 00000004 b uLoc_mdlvMtx
009b7f54 00000004 b uLoc_projMtx
009b7f58 00000004 b s_glyphSheets
009b7f5c 00000004 b s_textScale
009b7f60 b completed.1
009b7f64 b object.0
009b7f7c 0000000c b hookCookie
009b7f88 000002d0 B __C3D_Context
009b8258 00000004 b frameEndCbData
009b825c 00000004 b frameEndCb
009b8260 00000008 b frameCounter
009b8268 00000001 b isTopStereo
009b8269 00000001 b needSwapBot
009b826a 00000001 b needSwapTop
009b826b 00000001 b measureGpuTime
009b826c 00000001 b inSafeTransfer
009b826d 00000001 b inFrame
009b8270 00000010 b cpuTime
009b8280 00000010 b gpuTime
009b8290 0000000c b linkedTarget
009b829c 00000004 b lastTarget
009b82a0 00000004 b firstTarget
009b82a4 00000008 b C3Di_IVUnifEverDirty
009b82ac 000000c0 b C3Di_FVUnifEverDirty
009b836c 00000018 b C3Di_ShaderFVecData
009b8384 00000002 B C3D_BoolUnifsDirty
009b8388 00000008 B C3D_IVUnifDirty
009b8390 000000c0 B C3D_FVUnifDirty
009b8450 00000004 B C3D_BoolUnifs
009b8454 00000020 B C3D_IVUnif
009b8474 00000c00 B C3D_FVUnif
009b9078 00000008 b sLinearPool
009b9080 0000000c b sAddrMap
009b9090 00000008 b sVramPoolB
009b9098 00000008 b sVramPoolA
009b90a0 0000000c b sAddrMap
009b90ac 00000004 b sharedFontAddr
009b90b0 00000004 B g_sharedFont
009b90b4 00000004 b screenAlloc
009b90b8 00000004 b screenFree
009b90bc 00000002 b gfxIsDoubleBuf
009b90c0 00000002 b gfxCurBuf
009b90c2 00000001 b gfxIsVram
009b90c3 00000001 b gfxTopMode
009b90c4 00000002 b gfxFramebufferFormats
009b90c8 00000004 b gfxBottomFramebufferMaxSize
009b90cc 00000004 b gfxTopFramebufferMaxSize
009b90d0 00000008 b gfxBottomFramebuffers
009b90d8 00000008 b gfxTopFramebuffers
009b90e0 00000001 V __ctru_speedup
009b90e4 00000004 b romfs_mount_list
009b90e8 00000004 V __romfs_path
009b90ec 00000004 b arbiter
009b90f0 00000004 B gpuCmdBufOffset
009b90f4 00000004 B gpuCmdBufSize
009b90f8 00000004 B gpuCmdBuf
009b90fc 00000004 b boundQueue
009b9100 00000001 b shouldStop
009b9101 00000001 b isRunning
009b9102 00000001 b isActive
009b9104 00000004 b curQueue
009b9108 00000001 b flagValue.0
009b9109 00000001 b flagInit.1
009b910c 00000004 b serviceName.6
009b9110 00000001 b aptChainloadFlags
009b9111 00000001 b aptChainloadMediatype
009b9114 00000020 b aptChainloadHmac
009b9134 00000300 b aptChainloadDeliverArg
009b9438 00000008 b aptChainloadTid
009b9440 00001000 b aptParameters
009ba440 00000004 b aptFlags
009ba444 00000001 b aptHomeButtonState
009ba448 00000004 b aptMessageFuncData
009ba44c 00000004 b aptMessageFunc
009ba450 0000000c b aptFirstHook
009ba45c 00000001 b aptEventHandlerThreadQuit
009ba460 00000004 b aptEventHandlerThread
009ba464 00000008 b aptSleepEvent
009ba46c 00000008 b aptReceiveEvent
009ba474 00000008 b aptEvents
009ba47c 00000004 b aptLockHandle
009ba480 00000004 b aptRefCount
009ba484 00000004 b cfguRefCount
009ba488 00000004 b cfguHandle
009ba48c 00000004 b csndCmdCurOff
009ba490 00000004 b csndCmdStartOff
009ba494 00000004 b csndRefCount
009ba498 00000004 b csndSharedMemBlock
009ba49c 00000004 b csndMutex
009ba4a0 00000004 b csndHandle
009ba4a4 00000010 B csndOffsets
009ba4b4 00000004 B csndChannels
009ba4b8 00000004 B csndSharedMemSize
009ba4bc 00000004 B csndSharedMem
009ba4c0 00000002 b dspSavedCompDataMask
009ba4c2 00000002 b dspSavedCompProgMask
009ba4c4 00000004 b dspSavedCompSize
009ba4c8 00000004 b dspSavedCompBin
009ba4cc 00000001 b dspSleeping
009ba4cd 00000001 b dspComponentLoaded
009ba4d0 00000008 b dspFirstHook
009ba4d8 00000004 b dspHandle
009ba4e0 00000080 b fsExemptArchives
009ba560 00000004 b fsuRefCount
009ba564 00000004 b fsuHandle
009ba568 00000007 b gspEventCbOneShot
009ba570 0000001c b gspEventCbData
009ba58c 0000001c b gspEventCb
009ba5a8 00000038 b gspEvents
009ba5e0 00000004 b gspLastEvent
009ba5e4 00000001 b gspRunEvents
009ba5e8 00000004 b gspEventThread
009ba5ec 00000004 b gspEvent
009ba5f0 00000001 b gspGpuRight
009ba5f1 00000001 b gspThreadId
009ba5f4 00000004 b gspSharedMem
009ba5f8 00000004 b gspSharedMemHandle
009ba5fc 00000004 b gspRefCount
009ba600 00000004 b gspGpuHandle
009ba604 00000001 b usingIrrst
009ba608 00000004 b hidRefCount
009ba60c 00000006 b gRate
009ba614 00000006 b aVec
009ba61c 00000004 b cPos
009ba620 00000004 b tPos
009ba624 00000004 b kRepeat
009ba628 00000004 b kUp
009ba62c 00000004 b kDown
009ba630 00000004 b kHeld
009ba634 00000004 b kOld
009ba638 00000004 B hidSharedMem
009ba63c 00000014 B hidEvents
009ba650 00000004 B hidMemHandle
009ba654 00000004 B hidHandle
009ba658 00000004 b irrstRefCount
009ba65c 00000004 b csPos
009ba660 00000004 b kHeld
009ba664 00000004 B irrstSharedMem
009ba668 00000004 B irrstEvent
009ba66c 00000004 B irrstMemHandle
009ba670 00000004 B irrstHandle
009ba674 00000004 b ptmSysmRefCount
009ba678 00000004 b ptmSysmHandle
009ba67c 00000004 V __ctru_linear_heap_size
009ba680 00000004 V __ctru_heap_size
009ba684 00000004 B __ctru_linear_heap
009ba688 00000004 B __ctru_heap
009ba68c 00000004 B __system_retAddr
009ba690 00000004 B __system_argv
009ba694 00000004 B __system_argc
009ba698 b saved_stack
009ba6a0 00000004 B __3dslink_host
009ba6a4 00000004 b srvRefCount
009ba6a8 00000004 b srvHandle
009ba6ac 00000004 b currentAddr
009ba6b0 00000004 b maxAddr
009ba6b4 00000004 b minAddr
009ba6b8 00000004 b srvPmHandle
009ba6c0 000005c0 b archive_devices
009bac80 00000004 b archive_device_cwd
009bac84 00000001 b archive_initialized
009bac88 00000028 B __malloc_current_mallinfo
009bacb0 00000004 B __malloc_max_total_mem
009bacb4 00000004 B __malloc_max_sbrked_mem
009bacb8 00000004 B __malloc_top_pad
009bacbc 0000000c b __sfp_recursive_mutex
009bacc8 00000168 B __sf
009bae30 00000004 B __stdio_exit_handler
009bae34 0000000c b __malloc_recursive_mutex
009bae40 00000400 b temp_cwd
009bb240 00000004 b __hndl_lock
009bb244 00000004 B fake_heap_start
009bb248 00000004 B fake_heap_end
009bb24c 00000004 b heap_start.0
009bb250 B __tls_start
009bbe58 B __bss_end__
009bbe58 A __end__
009bbe58 B __tls_end
